Orthogroup	arabidopsis	archaea
OG0000001	AT3G09720.1, AT5G60990.1, AT1G16280.1, AT4G16630.1, AT1G77030.1, AT2G33730.1, AT1G28180.1, AT2G47330.1, AT1G31970.1, AT2G42520.1, AT3G58510.1, AT3G58570.1, AT5G08620.1, AT5G08610.1, AT5G63630.2, AT3G18600.1, AT5G65900.1, AT5G54910.1, AT2G40700.1	AAG19610
OG0000007	AT5G10050.1, AT5G65205.1	AAG18739, AAG19050
OG0000007	AT3G04000.1, AT3G03980.1, AT5G18210.2, AT4G13180.1	AAG20666
OG0000007	AT1G36580.1	AAG19977
OG0000012	AT4G27710.1, AT2G46950.1, AT2G46960.2, AT5G52400.1, AT5G38450.1, AT1G67110.1, AT1G75130.1, AT2G26710.1, AT3G14630.2, AT3G14690.2, AT3G14660.1, AT3G14650.1, AT3G14680.1, AT3G14640.2, AT3G14610.1, AT3G14620.1, AT1G17060.1, AT1G31800.1, AT3G53130.1, AT4G15110.1	AAG18971
OG0000015	AT5G26742.2, AT3G22310.1, AT3G22330.1, AT5G14610.1, AT3G06480.1, AT2G45810.1, AT3G61240.1, AT4G00660.1, AT3G19760.1, AT1G51380.1, AT3G13920.5, AT1G54270.1, AT1G72730.1, AT3G53110.1	AAG20308
OG0000023	AT5G09590.1, AT4G37910.1, AT4G32208.1, AT5G42020.3, AT5G28540.1, AT1G09080.1, AT5G02490.1, AT5G02500.1, AT3G09440.1, AT3G12580.1, AT1G56410.1, AT1G16030.1	AAG19026
OG0000036	AT2G04350.1, AT1G77590.1, AT1G64400.1, AT4G23850.1, AT4G11030.1, AT1G49430.1, AT2G47240.1, AT2G47245.1, AT5G27600.1, AT3G05970.1	AAG20220
OG0000055	AT5G01670.2, AT2G37790.1, AT2G37770.2, AT3G53880.1, AT2G37760.1, AT5G62420.1, AT2G21250.1, AT2G21260.1	AAG19006, AAG19432
OG0000094	AT3G51840.1	AAG20564
OG0000094	AT3G45300.1	AAG19245, AAG19172, AAG19785, AAG18933, AAG19565
OG0000096	AT1G05940.1, AT3G10600.1, AT5G04770.1, AT1G17120.1, AT2G34960.1, AT4G21120.1, AT1G58030.1, AT5G36940.1, AT3G03720.1	AAG20879, AAG19602, AAG18789
OG0000097	AT5G14100.1, AT4G33460.1	AAG19890, AAG20427
OG0000097	AT1G70610.1, AT4G25450.1	AAG20605, AAG20610, AAG19699, AAG20909
OG0000097	AT1G65410.1	AAG20232, AAG20448, AAG20461, AAG20460, AAG20449, AAG19262, AAG18646, AAG20071, AAG20488, AAG19353, AAG20921
OG0000103	AT5G58140.1, AT3G45780.1, AT3G12690.1, AT3G27580.1, AT3G08730.1	AAG19359
OG0000107	AT2G03670.1, AT3G01610.2, AT5G03340.1, AT3G09840.1, AT3G53230.1	AAG19776, AAG20864, AAG19919
OG0000107	AT3G56690.1	AAG19767
OG0000107	AT1G03000.1, AT5G08470.1	AAG19908
OG0000109	AT1G79470.1, AT1G16350.1	AAG19418
OG0000110	AT2G35390.2, AT1G32380.1, AT2G44530.1	AAG20333
OG0000126	AT3G48000.1, AT1G23800.1, AT3G24503.1, AT1G74920.1, AT3G48170.1, AT2G24270.2	AAG19243, AAG20575, AAG19267
OG0000129	AT5G10630.4, AT1G18070.3, AT1G07920.1, AT1G07930.1, AT5G60390.1, AT1G07940.1	AAG20682
OG0000141	AT5G49890.1, AT5G33280.1, AT5G40890.1, AT3G27170.1, AT5G26240.1, AT1G55620.2, AT4G35440.2	AAG19829
OG0000152	AT3G27440.1, AT4G26510.1, AT1G55810.4, AT5G40870.1, AT3G27190.1, AT1G32060.1	AAG19586
OG0000154	AT4G19800.1, AT4G19770.1, AT4G19810.1, AT4G19820.1, AT4G19750.1, AT4G19760.1, AT4G19730.1, AT4G19720.1, AT4G19740.1	AAG19275, AAG19274, AAG19276
OG0000171	AT5G43940.2, AT1G77120.1, AT5G24760.1, AT1G64710.1, AT1G32780.1, AT1G22430.1, AT4G22110.1, AT1G22440.1, AT5G42250.1, AT5G63620.1	AAG20655
OG0000189	AT1G09100.1, AT3G05530.1, AT5G43010.1, AT1G45000.1, AT2G20140.1, AT4G29040.1, AT5G58290.1	AAG19042, AAG20171
OG0000199	AT1G12550.1, AT5G28310.1, AT2G45630.2	AAG18731
OG0000205	AT5G39850.1, AT5G15200.1	AAG19518
OG0000211	AT5G53580.1, AT1G04420.1, AT1G04690.1, AT1G06690.1	AAG19415, AAG19888
OG0000226	AT1G76760.1, AT1G43560.1, AT3G51030.1, AT5G42980.1, AT1G45145.1, AT1G19730.1, AT1G11530.1, AT1G59730.1, AT1G69880.1, AT5G39950.1, AT1G50320.1, AT2G15570.2, AT3G15360.1, AT1G03680.1, AT4G03520.1	AAC82939, AAG20760, AAC82838, AAG21048, AAG20641
OG0000258	AT5G11670.1, AT5G25880.1, AT1G79750.1, AT2G19900.1, AT4G00570.1, AT2G13560.1	AAG19885
OG0000260	AT2G28520.1, AT4G39080.1, AT2G21410.1	AAG20282
OG0000285	AT1G14610.1, AT1G27160.1, AT5G16715.1	AAG20602
OG0000288	AT4G35260.1, AT2G17130.1, AT4G35650.1, AT1G32480.1, AT5G03290.1, AT3G09810.1	AAG20073
OG0000299	AT1G63160.1	AAG20394
OG0000299	AT1G77470.1, AT1G21690.3, AT4G24790.1	AAG20362
OG0000310	AT5G14300.1, AT3G27280.1, AT5G40770.1, AT2G20530.1, AT4G28510.1, AT1G03860.1, AT5G44140.1	AAG20870
OG0000313	AT5G21105.1, AT5G21100.1, AT4G39830.1, AT5G01050.1, AT5G01040.1, AT3G09220.1, AT5G09360.1, AT5G48100.1, AT2G30210.1, AT5G07130.1, AT2G40370.1, AT5G05390.1, AT2G38080.1, AT5G01190.1, AT5G58910.2, AT5G03260.1, AT5G60020.1, AT2G29130.1, AT1G18140.1, AT2G46570.1	AAG19561
OG0000320	AT5G47560.1	AAG20642
OG0000360	AT1G10070.1, AT3G19710.1, AT1G50090.1, AT1G50110.1, AT1G10060.5, AT3G49680.1	AAG20262
OG0000364	AT3G22880.1, AT5G20850.1	AAG20547
OG0000364	AT2G45280.2	AAG19917
OG0000365	AT3G46100.1, AT5G03406.1	AAG20175
OG0000367	AT4G17260.1	AAG20463
OG0000379	AT1G20065.2, AT3G25940.1	AAG18974
OG0000383	AT1G74030.1, AT2G29560.1, AT2G36530.1	AAG19526
OG0000387	AT5G06290.1, AT3G11630.1	AAG20042
OG0000388	AT4G09320.1, AT5G63310.1	AAG19540
OG0000422	AT3G26340.1, AT1G13060.2	AAG19322
OG0000425	AT4G04800.1, AT4G21860.1, AT4G04810.1, AT4G04830.1, AT4G21850.1, AT4G21830.1, AT4G21840.1, AT4G04840.1	AAG19724
OG0000428	AT4G29720.1, AT5G13700.1	AAG18866
OG0000450	AT4G39120.2	AAG19705
OG0000454	AT5G02250.1, AT2G17510.2, AT1G77680.1	AAG20680
OG0000459	AT5G42740.1, AT4G24620.1	AAG20164
OG0000478	AT1G79950.1, AT1G03190.1	AAG19709, AAG20522, AAG20550
OG0000484	ATCG00190.1	AAG20693
OG0000484	AT5G45140.1, AT4G21710.1	AAG20694
OG0000514	AT3G22460.1, AT4G14880.1, AT3G61440.1, AT2G43750.1, AT3G59760.1, AT5G28020.1, AT5G28030.1, AT3G04940.1, AT3G03630.1	AAG19115, AAG19647
OG0000517	AT2G32000.1, AT5G63920.1, AT4G31210.1	AAG18918
OG0000521	AT3G08650.2	AAG19368
OG0000550	AT1G60550.1	AAG19479
OG0000550	AT4G16800.1	AAG18976, AAG19656
OG0000552	AT5G07460.1, AT4G25130.1, AT5G61640.2, AT5G07470.1	AAG19555
OG0000559	AT5G08280.1	AAG20436
OG0000593	AT2G01730.1, AT1G61010.1	AAG18954, AAG20574
OG0000595	AT2G40090.1, AT1G65950.1, AT5G05200.1, AT2G39190.2, AT5G24970.2, AT1G71810.1, AT3G24190.1, AT4G31390.1, AT1G79600.1, AT3G07700.3, AT5G64940.1	AAG19994
OG0000597	AT5G60500.1, AT5G60510.1, AT2G17570.1, AT5G58784.1, AT5G58770.1	AAG20002
OG0000600	AT4G26390.1, AT5G56350.1, AT5G63680.1, AT5G08570.1, AT3G04050.1, AT3G25960.1, AT3G55650.1, AT3G55810.1	AAG18902
OG0000628	AT5G16980.2, AT5G37960.1, AT3G03080.1, AT5G16990.1, AT5G17000.1, AT5G16970.1, AT1G26320.1, AT5G16960.1, AT5G37940.1, AT5G38000.1, AT5G37980.1, AT3G59845.1, AT1G65560.1	AAG19273
OG0000630	AT4G20320.1, AT1G30820.1, AT2G34890.1, AT3G12670.1, AT4G02120.2	AAG20038
OG0000631	AT1G77840.1, AT1G36730.1, AT5G01940.3	AAG19619
OG0000634	AT5G35680.3, AT2G04520.1	AAG20357, AAG19983
OG0000644	AT4G21580.1, AT5G61510.1	AAG20032
OG0000645	AT5G40290.1, AT5G40270.1	AAG18802, AAG20566, AAG19823
OG0000646	AT5G63400.1, AT5G50370.1	AAG19963
OG0000669	AT5G35360.3	AAG19819
OG0000674	AT3G05060.1, AT5G27120.1, AT5G27140.2, AT1G56110.1, AT3G12860.1	AAG19551
OG0000679	AT5G27660.2, AT4G18370.1, AT3G27925.1, AT5G39830.1	AAG18830
OG0000708	AT1G07190.1, AT5G26860.1, AT3G05780.1, AT3G05790.1, AT5G47040.1, AT3G05775.1	AAG18884
OG0000709	AT1G52560.1, AT4G25200.1, AT5G51440.1, AT4G27670.1, AT2G29500.1, AT1G59860.1, AT1G07400.1, AT3G46230.1, AT1G53540.1, AT5G59720.1, AT4G10250.1, AT5G37670.1, AT1G54050.1, AT5G12020.1, AT5G12030.1, AT4G21870.1, AT2G19310.1	AAG19995
OG0000709	AT5G20970.1, AT2G27140.1, AT5G04890.1	AAG20865
OG0000709	AT5G54660.1, AT1G54400.1	AAG18869, AAG20020
OG0000718	AT1G67430.1, AT1G27400.1	AAG19941
OG0000722	AT5G21930.1, AT4G33520.2	AAG19186, AAG20331
OG0000723	AT1G80460.1	AAG20145
OG0000729	AT3G23810.1, AT4G13940.1	AAG20371
OG0000733	AT4G12740.1	AAG19811
OG0000734	AT4G17390.1, AT4G16720.1	AAG18792
OG0000736	AT4G34030.1	AAG19127
OG0000736	ATCG00500.1	AAG19817
OG0000766	AT1G11860.3	AAG19870
OG0000769	AT1G21640.2, AT3G21070.3	AAG19091, AAG20093
OG0000786	AT3G48330.4, AT5G50240.1	AAG18721
OG0000833	AT3G48990.1, AT4G19010.1, AT1G20500.1, AT1G20490.1, AT5G38120.1, AT1G20510.1, AT1G20480.1, AT5G63380.1, AT4G05160.1, AT1G65060.1, AT1G51680.1, AT3G21240.1, AT3G21230.1, AT1G62940.1	AAG19674, AAG19475
OG0000841	AT2G22250.2	AAG19132
OG0000841	AT2G13810.1, AT1G77670.1	AAG19034
OG0000842	AT5G48030.1, AT1G80030.1, AT3G17830.1, AT2G22360.1, AT4G39960.1	AAG19025
OG0000845	AT5G13780.1, AT2G39000.1	AAG20621
OG0000887	AT1G36370.1, AT1G22020.1, AT4G13930.1, AT4G13890.1, AT4G32520.1, AT5G26780.2, AT4G37930.1	AAG19732
OG0000893	AT3G16260.1, AT1G52160.1	AAG19800
OG0000896	AT2G20420.1	AAG19826
OG0000903	AT5G67510.1, AT3G49910.1	AAG19947
OG0000957	AT5G19720.1, AT1G25350.2, AT1G68325.1	AAG19534
OG0000971	AT4G39660.1, AT2G38400.2, AT3G08860.1	AAG20872
OG0000973	AT3G09200.1, AT3G11250.1, AT2G40010.1	AAG19499
OG0000981	AT4G34640.1, AT4G34650.1	AAG19173
OG0000985	AT5G49970.1	AAG19626
OG0001032	AT1G79230.1, AT1G16460.2	AAG20485, AAG20484
OG0001035	AT3G20330.1	AAG20942
OG0001035	AT1G29900.1	AAG20027
OG0001040	AT1G58684.1, AT1G59359.1, AT1G58983.1, AT1G58380.1, AT2G41840.1, AT3G57490.1, AT2G33800.1	AAG19956
OG0001044	AT5G26830.1, AT2G04842.1	AAG20043
OG0001046	AT4G36940.1, AT2G23420.1	AAG20598
OG0001053	AT4G00651.1, AT3G56350.1, AT3G10920.1, AT5G51100.1, AT4G25100.1, AT5G23310.1	AAG19670, AAG19564
OG0001055	AT4G19540.1, AT3G24430.1	AAG19516
OG0001057	AT3G45100.1	AAG18698
OG0001059	AT5G12040.1, AT4G08790.1	AAG19366
OG0001063	AT5G36880.2	AAG19020, AAG19414
OG0001103	AT5G63070.1, AT1G04270.1, AT5G09510.1, AT5G09500.1, AT1G33850.1, AT5G43640.1, AT5G09490.1	AAG19940
OG0001106	AT3G46040.1, AT5G59850.1, AT1G07770.1, AT2G39590.1	AAG19951
OG0001110	AT1G09830.1	AAG19650
OG0001110	AT3G55010.1	AAG19319
OG0001120	AT1G78720.1, AT1G29310.1, AT2G34250.1	AAG19959
OG0001125	AT1G76730.1	AAG20034
OG0001126	AT1G79870.1	AAG19748
OG0001134	AT5G38830.1, AT3G56300.1, AT2G31170.1	AAG19494
OG0001135	AT2G38670.1	AAG19246
OG0001137	AT3G61110.1, AT3G61111.1, AT2G45710.1, AT5G47930.1	AAG19071
OG0001138	AT5G15520.1, AT3G02080.1, AT5G61170.1	AAG20178
OG0001206	AT1G66580.1, AT1G26910.1, AT1G14320.1	AAG18728
OG0001210	AT1G34030.1, AT4G09800.1, AT1G22780.1	AAG19517
OG0001213	AT5G48545.1	AAG20321
OG0001215	AT4G01940.1, AT1G51390.1, AT3G20970.1, AT5G49940.1, AT4G25910.1	AAG20442, AAG20663
OG0001226	AT5G27850.1, AT3G05590.1, AT2G47570.1	AAG19521
OG0001231	AT3G10050.1, AT4G11640.1	AAG20244
OG0001309	AT1G04400.1, AT4G08920.1	AAG19981, AAG19671
OG0001310	AT5G48880.2, AT1G04710.1, AT2G33150.1	AAG20216
OG0001311	AT1G56070.1, AT3G12915.2, AT5G25230.1, AT1G06220.1	AAG20686
OG0001314	AT4G33470.1, AT1G08460.1	AAG18756
OG0001328	AT2G35370.1, AT1G32470.1, AT2G35120.1	AAG19869
OG0001329	AT1G33120.1, AT1G33140.1, AT4G10450.1	AAG19952
OG0001330	AT1G48605.1, AT3G18030.1	AAG19087
OG0001333	AT1G52600.1, AT3G15710.1	AAG20503
OG0001339	AT5G28840.1	AAG18706
OG0001339	AT2G28755.1	AAG18701, AAG18703, AAG18710
OG0001341	AT5G35530.1, AT3G53870.1, AT2G31610.1	AAG19942
OG0001345	AT4G34670.1, AT3G04840.1	AAG19253
OG0001348	AT4G15940.1, AT3G16700.1	AAG19447
OG0001350	AT3G27060.1, AT3G23580.1	AAG20477
OG0001358	AT5G03430.1	AAG18931, AAG19234
OG0001362	AT5G26360.1	AAG20240, AAG20351
OG0001422	AT5G46160.1, AT1G17560.1, AT1G04480.1, AT3G04400.1, AT2G33370.1, ATCG00780.1	AAG19946
OG0001428	AT5G17360.1, AT1G08130.1, AT1G49250.1, AT1G66730.1	AAG19323
OG0001441	AT1G70730.3, AT1G23190.1	AAG20391
OG0001448	AT1G37150.9, AT2G25710.1	AAG19158
OG0001454	AT3G13682.1, AT1G62830.1, AT3G10390.3, AT4G16310.1, AT1G65840.1, AT2G43020.1, AT3G59050.1	AAG20016
OG0001463	AT3G11510.1, AT2G36160.1, AT3G52580.1	AAG19519
OG0001464	AT3G12290.1, AT4G00620.1, AT4G00600.1, AT2G38660.1	AAG19733
OG0001465	AT3G55590.1, AT2G39770.1, AT4G30570.1	AAG19459, AAG18686, AAG18702, AAG18947, AAG18650
OG0001467	AT5G39230.1	AAG19715
OG0001467	AT4G10680.1, AT3G29380.1, AT3G57370.1, AT2G41630.1, AT3G10330.1	AAG19313, AAG18894, AAG19212, AAG20975, AAG18850, AAG21002, AAG20319
OG0001473	AT3G05350.1, AT4G36760.2	AAG19202
OG0001476	AT4G13170.1, AT5G48760.1, AT3G07110.2, AT3G24830.1	AAG19522
OG0001480	AT3G18524.1	AAG18781, AAG18788
OG0001481	AT3G24090.1	AAG18649
OG0001486	AT3G47340.1, AT5G65010.2, AT5G10240.1	AAG19311
OG0001493	AT5G52490.1, AT5G52470.1, AT4G25630.1	AAG19552
OG0001494	AT4G31150.1	AAG18927
OG0001591	AT1G77860.2, AT1G52580.1, AT2G29050.1, AT3G53780.2, AT4G23070.1, AT1G12750.1, AT5G07250.1, AT1G63120.1	AAG19304
OG0001595	AT1G21710.1	AAG19622
OG0001604	AT1G49980.1	AAG19429
OG0001607	AT4G33540.1	AAG20627
OG0001617	AT4G38680.1, AT2G21060.1, AT2G17870.1	AAG18729, AAG20044
OG0001625	AT2G37270.1, AT3G11940.1	AAG20688
OG0001632	AT3G10370.1	AAG20146, AAG19473
OG0001715	AT1G01940.1, AT2G36130.1	AAG20104
OG0001718	AT4G02860.1, AT1G03210.2, AT4G02850.1	AAG18908, AAG21016
OG0001722	AT1G09300.1, AT4G29490.1	AAG19595
OG0001734	AT1G31600.1, AT1G36310.1	AAG19277
OG0001737	AT3G54050.1, AT5G64380.1, AT1G43670.1	AAG19177
OG0001743	AT1G55090.1	AAG20193
OG0001744	AT1G55520.1, AT3G13445.1	AAG20365
OG0001746	AT1G79550.1, AT1G56190.1, AT3G12780.1	AAG19584
OG0001759	AT5G15810.1, AT3G02320.1	AAG20235
OG0001766	AT3G26570.1	AAG19228, AAG20861
OG0001773	AT3G58730.1	AAG20273
OG0001776	AT4G08320.2	AAG20543
OG0001783	ATCG00180.1, AT4G35800.1, AT5G60040.2	AAG20692
OG0001870	AT1G03150.1	AAG19763
OG0001880	AT3G26618.1, AT1G12920.1, AT5G47880.1	AAG20270
OG0001886	AT4G38510.5, AT1G76030.1, AT1G20260.1	AAG20276
OG0001892	AT1G80050.1, AT5G11160.1, AT1G27450.3, AT4G12440.2, AT4G22570.1	AAG19077
OG0001897	AT5G44720.1, AT1G30910.1	AAG19970
OG0001900	AT1G77760.1, AT1G37130.1, AT3G01910.1	AAG19482
OG0001908	AT5G07440.1, AT5G18170.1, AT3G03910.1, AT1G51720.1	AAG19131, AAG18779, AAG19574
OG0001918	AT5G14760.1	AAG20080
OG0001918	AT5G66760.1, AT2G18450.1	AAG19651
OG0001930	AT4G22220.1, AT4G04080.1, AT3G01020.1	AAG20546
OG0001931	AT3G06810.1	AAG20307
OG0001937	AT5G63840.2, AT3G23640.3	AAG18671
OG0001947	AT3G57150.1	AAG19966
OG0001950	AT5G20160.2, AT4G22380.1, AT4G12600.2	AAG19537
OG0001951	AT4G13430.1	AAG18654
OG0001955	AT5G13830.1, AT5G01230.1	AAG20381
OG0001956	AT5G10920.1	AAG20518
OG0001961	AT5G22010.1	AAG19883
OG0001963	AT5G41360.1, AT5G41370.1	AAG19725
OG0001966	AT5G52810.1	AAG20350, AAG19693
OG0002058	AT5G22440.1, AT1G08360.1, AT2G27530.1	AAG19500
OG0002066	AT1G15310.1, AT1G48900.1, AT5G49500.1, AT5G03940.1	AAG20536
OG0002069	ATCG01090.1	AAG19141
OG0002070	AT1G16820.1, AT1G78900.1	AAG20277
OG0002071	AT4G34200.1, AT3G19480.1, AT1G17745.2	AAG20511
OG0002086	AT1G61580.1, AT1G43170.1	AAG19936
OG0002095	AT1G72370.1, AT3G04770.1	AAG19527
OG0002096	AT1G74260.1	AAG20128
OG0002098	AT2G04390.1, AT5G04800.1, AT2G05220.1, AT3G10610.1	AAG19746
OG0002099	AT3G51190.1, AT2G18020.1, AT4G36130.1	AAG19939
OG0002102	AT2G22870.1, AT5G11480.1, AT5G58370.2	AAG20631
OG0002106	AT4G33010.1, AT2G26080.1	AAG19868, AAG19867
OG0002107	AT2G26470.1	AAG20780, AAC82856, AAG19178
OG0002114	AT5G16440.1, AT3G02780.1	AAG20030
OG0002123	AT4G26600.5, AT5G55920.1, AT3G13180.1	AAG19031
OG0002124	AT3G15290.1	AAG19174
OG0002143	AT4G11820.2	AAG19877
OG0002153	AT5G11770.1, ATCG00430.1	AAG19138
OG0002158	AT5G23300.1	AAG20569
OG0002159	AT5G27450.1	AAG19529
OG0002161	AT5G54260.2	AAG19044
OG0002301	AT1G18640.2	AAG20510
OG0002312	AT1G36020.1, AT1G35530.2	AAG20456
OG0002316	AT1G50940.1	AAG20288
OG0002336	AT2G04630.1, AT5G51940.1	AAG19525
OG0002338	ATMG00220.1, AT2G07727.1, ATCG00720.1	AAG19096
OG0002339	AT2G16440.1	AAG20316
OG0002350	AT2G31955.1	AAG18718
OG0002353	AT5G02610.2, AT2G39390.1, AT3G09500.1, AT3G55170.1	AAG19943
OG0002369	AT5G39740.1, AT3G25520.1	AAG19955
OG0002371	AT3G47370.1, AT5G62300.1, AT3G45030.1	AAG20681
OG0002372	AT3G47810.1	AAG20525
OG0002375	AT3G57050.1	AAG19548
OG0002398	AT5G60340.1	AAG19442
OG0002400	AT5G63960.2	AAG19049
OG0002550	AT4G16030.1, AT1G02780.1, AT4G02230.1, AT3G16780.1	AAG19954
OG0002556	AT3G47830.1	AAG18952
OG0002556	AT1G05900.2, AT2G31450.1	AAG19103
OG0002557	AT4G21490.1, AT4G05020.2, AT2G20800.1, AT4G28220.1, AT1G07180.1, AT2G29990.1, AT5G08740.1	AAG19331
OG0002564	AT4G14810.1	AAG20846
OG0002577	AT1G26160.1, AT2G23820.2	AAC82899
OG0002578	AT1G26570.1, AT5G39320.1, AT3G29360.1, AT5G15490.1, AT3G01010.1	AAG19454, AAG18685
OG0002588	AT1G48030.1, AT3G17240.1	AAG20347
OG0002597	AT1G66530.1, AT4G26300.5	AAG20944
OG0002613	AT5G18380.1, AT2G09990.1, AT3G04230.1	AAG19523
OG0002615	AT5G07090.1, AT2G17360.1, AT5G58420.1	AAG19948
OG0002641	AT3G10090.1, AT5G03850.1, AT5G64140.1	AAG19538
OG0002644	AT3G16680.1, AT5G57980.1, AT3G22320.1	AAG20695
OG0002650	AT4G33865.1, AT3G44010.1, AT3G43980.1	AAG19950
OG0002666	AT4G32700.2	AAG20465
OG0002682	AT5G20990.1	AAG18719, AAG18720
OG0002688	AT5G62030.1	AAG19302
OG0002887	AT5G60730.1, AT3G10350.2, AT1G01910.1	AAG18929, AAC82907
OG0002890	AT2G18720.1, AT4G18330.2, AT1G04170.1	AAG20211
OG0002892	AT1G05270.1, AT2G32340.1, AT5G52030.2	AAG19317
OG0002912	AT1G17470.1, AT1G72660.1, AT4G39520.1	AAG19503
OG0002919	AT5G61140.2, AT1G20960.1, AT2G42270.1	AAG20341
OG0002920	AT1G76720.2, AT1G76810.1, AT1G21160.1, AT2G27700.2	AAG20168
OG0002928	AT1G31220.1, AT5G47435.1, AT4G17360.1	AAG20130
OG0002931	AT1G48160.1	AAG19696
OG0002932	AT4G38460.1, AT3G14530.1, AT3G14550.1, AT3G32040.1, AT3G29430.1, AT3G14510.1, AT2G23800.1, AT2G18640.1, AT1G49530.1, AT3G20160.1, AT2G18620.1, AT4G36810.1	AAG19532, AAG20290
OG0002934	AT1G50200.2, AT5G22800.2, AT1G49930.1	AAG20397
OG0002941	AT5G02820.1, AT1G63990.1, AT3G13170.1	AAG19326
OG0002953	AT2G06510.1, AT4G19130.2, AT5G45400.1, AT5G61000.1, AT5G08020.1	AAG18754
OG0002960	AT4G23600.1, AT4G23590.1, AT2G24850.1, AT2G20610.1, AT4G28420.2, AT4G28410.1, AT5G36160.1, AT5G53970.1	AAG19511
OG0002964	AT2G25100.1	AAG20157
OG0002977	AT3G55280.1, AT2G39460.1	AAG19938
OG0002983	AT2G42680.1, AT3G58680.1, AT3G24500.1	AAG19440
OG0002984	AT2G42740.1, AT5G45775.2, AT3G58700.1, AT4G18730.1	AAG19949
OG0002988	AT2G47510.1, AT5G50950.1	AAG19688
OG0002994	AT3G10950.1, AT3G60245.1	AAG18838
OG0002995	AT5G08100.1, AT3G16150.1	AAG20072
OG0003004	AT5G23740.1, AT3G48930.1, AT4G30800.1	AAG19945
OG0003017	AT4G10320.1	AAG20324
OG0003041	AT5G36790.1, AT5G36700.1, AT5G47760.1	AAG19324, AAG19200
OG0003044	AT5G43430.4	AAG20287
OG0003049	AT5G51970.1	AAG19435
OG0003286	AT1G08840.3	AAG19799
OG0003288	AT3G57940.1, AT1G10490.1	AAG19536
OG0003296	AT1G15250.1, AT3G16080.1, AT1G52300.1	AAG19794
OG0003306	AT3G61990.1, AT3G62000.2, AT1G24735.2, AT1G67990.1, AT1G67980.1, AT4G34050.3, AT4G26220.1	AAG19195
OG0003308	AT5G51110.1, AT1G29810.1	AAG19997
OG0003312	AT4G35490.1, AT1G32990.1, AT5G51610.1	AAG19501
OG0003331	AT1G53900.2, AT1G53880.1, AT1G72340.2	AAG19758
OG0003355	ATMG00285.1	AAG19078, AAG19079, AAG19080
OG0003355	ATCG00890.1, ATCG01250.1	AAG19147
OG0003372	AT3G02190.1, AT4G31985.1, AT2G25210.1	AAG20542
OG0003376	AT2G35040.1	AAG18965
OG0003389	AT3G04480.1	AAG18948
OG0003390	AT3G04600.1	AAG20355
OG0003392	AT3G04820.1	AAG18841
OG0003404	AT3G20390.2	AAG20243
OG0003409	AT5G65165.1, AT3G27380.1, AT5G40650.1	AAG19652
OG0003414	AT5G62410.1, AT3G47460.2	AAG18913
OG0003419	AT3G51800.2	AAG20067
OG0003424	AT5G52520.1, AT5G10880.1, AT3G62120.1, AT5G26710.1	AAG18956
OG0003431	AT4G14570.1, AT5G36210.1	AAG20414
OG0003455	AT5G19485.1	AAG18651
OG0003723	AT3G59480.1, AT2G31390.1, AT1G50390.1, AT1G06030.1, AT1G06020.1, AT4G10260.1, AT1G66430.1, AT5G51830.1, AT1G69200.1, AT3G54090.1, AT1G19600.1	AAG20057
OG0003729	AT1G17990.1, AT1G18020.1, AT1G76680.2, AT1G76690.1, AT1G09400.1, AT2G06050.1	AAG19363
OG0003733	AT1G50920.1, AT1G10300.1, AT1G80770.6	AAG20635
OG0003741	AT1G14310.1, AT2G41250.1, AT5G44730.1	AAG19573, AAG19853
OG0003750	AT4G28706.4, AT5G43910.2, AT1G17160.1	AAG20578
OG0003758	AT1G29850.3	AAG20177
OG0003790	AT1G76490.1, AT2G17370.1	AAG20075
OG0003795	AT1G79440.1	AAG19367
OG0003801	AT2G05830.1	AAG20059
OG0003803	ATMG00580.1, AT2G07633.1, ATCG01050.1	AAG19146
OG0003807	AT2G16570.1, AT4G34740.1, AT4G38880.1	AAG19793
OG0003813	AT5G08415.1, AT2G20860.1	AAG20343
OG0003830	AT2G43760.1	AAG19281
OG0003848	AT3G13440.1	AAG19542, AAG18798
OG0003849	AT4G19210.1, AT3G13640.1, AT4G30300.1	AAG20650
OG0003872	AT4G22720.1	AAG20204
OG0003874	AT5G13800.3	AAG19168, AAG20932
OG0003876	AT4G28020.1	AAG19506
OG0003892	AT5G59240.1, AT5G20290.1	AAG19920
OG0003894	AT5G26680.1	AAG19690
OG0003896	AT5G27470.1	AAG20222
OG0003899	AT5G41880.1	AAG19774
OG0003903	AT5G49930.1	AAG19803
OG0003905	AT5G50320.1	AAG19804
OG0003912	ATMG00513.1, ATCG01010.1	AAG19145
OG0003913	ATMG00510.1, ATCG01110.1	AAG19139
OG0004237	AT5G66360.2, AT2G47420.1, AT1G01860.4	AAG19544
OG0004255	AT2G29570.1, AT1G07370.1	AAG20376
OG0004277	AT5G34780.1, AT1G21400.5, AT5G09300.1	AAG20344, AAG20114
OG0004293	AT1G43860.1	AAG19629
OG0004298	AT1G48520.1	AAG18915
OG0004314	AT1G55510.1, AT3G13450.1	AAG20345
OG0004324	AT1G72550.1	AAG20568
OG0004332	AT2G15430.1, AT2G15400.1	AAG19520
OG0004338	AT2G20360.1	AAG20117
OG0004365	AT2G38700.1, AT3G54250.1	AAG19104
OG0004369	AT2G44520.1	AAG19160
OG0004380	AT5G02870.1, AT3G09630.1	AAG19937
OG0004381	AT5G02960.1, AT3G09680.1	AAG20689
OG0004402	AT3G53180.1	AAG20238
OG0004406	AT4G27340.1, AT3G56120.1	AAG19508
OG0004407	AT3G57610.1	AAG19487
OG0004409	AT4G00100.1, AT3G60770.1	AAG19256
OG0004414	AT4G03200.1	AAG19649
OG0004415	AT4G04350.1	AAG20349
OG0004424	AT4G26780.1, AT5G55200.1	AAG19028
OG0004425	AT4G26870.1, AT4G31180.1	AAG19001
OG0004430	AT5G10360.1, AT4G31700.1	AAG20576
OG0004432	AT4G31790.1	AAG19507
OG0004438	AT4G39280.1	AAG20567
OG0004857	AT1G08110.4, AT1G11840.6, AT1G67280.1	AAG19505
OG0004859	AT1G09150.1	AAG20678
OG0004885	AT5G13710.1, AT1G20330.1, AT1G76090.1, AT1G64970.1	AAG19295, AAG20489
OG0004886	AT1G20340.1, AT1G76100.2	AAG19099, AAG19088, AAG19252, AAG18846, AAG19259, AAG19894, AAG19562, AAG20328
OG0004894	AT1G24909.1, AT1G25083.1, AT1G25155.1, AT1G24807.1, AT5G57890.1, AT1G25220.2	AAG18943, AAG19901
OG0004895	AT1G25375.1	AAG19675, AAG19193, AAG18876, AAG20228, AAG19667
OG0004910	AT1G69740.1, AT1G44318.1	AAG20430
OG0004911	AT3G02875.1, AT5G54140.1, AT1G44350.1, AT5G56660.1, AT5G56650.1, AT1G51760.1, AT1G51780.1	AAG18983
OG0004913	AT5G45450.1, AT3G17650.1, AT1G48370.1, AT1G65730.1, AT5G41000.1, AT3G27020.1, AT5G53550.1, AT5G24380.1, AT4G24120.1	AAG20912
OG0004935	AT2G01290.1, AT1G71100.1, AT3G04790.1	AAG20388
OG0004936	AT1G71340.1	AAG20052
OG0004959	AT4G30540.1, AT2G23960.1, AT4G30530.1, AT2G23970.1, AT4G30550.1	AAG18832, AAG20565
OG0004961	AT5G38747.1, AT2G25870.1	AAG19199
OG0004973	AT2G38270.1, AT3G54900.1, AT3G15660.1	AAG18993
OG0004976	AT2G39630.1	AAG20217, AAG18896
OG0004978	AT2G40190.1	AAG19431
OG0004986	AT4G30600.1, AT2G45770.1	AAG20538
OG0005014	AT3G51270.1	AAG18794
OG0005017	AT3G54470.1	AAG20257, AAG20258
OG0005024	AT4G13780.1	AAG18903
OG0005033	AT4G24830.1	AAG20519
OG0005587	AT1G11790.1, AT3G07630.1, AT1G08250.1, AT2G27820.1, AT5G22630.1, AT3G44720.1	AAG20348
OG0005613	AT1G76860.1, AT1G21190.1	AAG19795
OG0005625	AT1G27980.1	AAG18904
OG0005628	AT1G29880.1	AAG20454
OG0005640	AT1G48860.1, AT2G45300.1	AAG19594
OG0005650	AT1G53690.1, AT5G41010.1	AAG18837
OG0005658	AT1G63660.1	AAG20037
OG0005673	AT1G75200.1	AAG20267
OG0005677	AT4G21180.1, AT1G79940.1	AAG19925
OG0005744	AT3G49725.1, AT5G57960.1	AAG20649, AAG19628
OG0005757	AT4G13720.2	AAG20202
OG0005762	AT5G44000.1, AT5G45020.1, AT4G19880.2, AT5G44990.1	AAG20395
OG0005780	AT5G08300.1, AT5G23250.1	AAG19827
OG0005790	AT5G19300.1	AAG19935
OG0005804	AT5G55130.1	AAG18717
OG0005809	AT5G60335.1	AAG19129, AAG20403
OG0006402	AT1G61700.1, AT1G11475.1	AAG19524
OG0006415	AT3G58060.1, AT1G79520.2, AT1G16310.1, AT2G39450.1	AAG20064
OG0006425	AT1G20410.1	AAG20156
OG0006440	AT1G28350.1, AT2G33840.1	AAG20359
OG0006455	AT1G53850.1, AT3G14290.1	AAG18783
OG0006476	AT1G75330.1	AAG20946
OG0006478	AT1G76170.7, AT2G44270.1	AAG18803
OG0006482	AT2G01350.1	AAG20081
OG0006488	ATMG00730.1, AT2G07687.1	AAG19157
OG0006490	AT2G13360.1	AAG20505
OG0006500	AT2G21790.1	AAG20478
OG0006501	AT5G64300.1, AT2G22450.1, AT5G59750.2	AAG20265
OG0006502	AT2G24990.1, AT5G37350.1	AAG20356
OG0006507	AT2G29690.1, AT5G05730.2, AT3G55870.3	AAG18942, AAG19902
OG0006526	AT5G23070.1, AT3G07800.1	AAG19808
OG0006545	AT3G25660.1	AAG19315
OG0006559	AT4G27650.1, AT3G58390.1	AAG19802
OG0006564	AT4G08900.1, AT4G08870.1	AAG19578, AAG19991
OG0006583	AT4G36910.1, AT4G34120.1	AAG19585, AAG20304, AAG19915, AAG19149
OG0006586	AT5G01220.1	AAG18689, AAG19463, AAG19109, AAG18700, AAG19110
OG0006589	AT5G05920.1	AAG19745
OG0006637	ATMG00160.1	AAG20327, AAG19159
OG0006638	ATMG01360.1	AAG19154
OG0007388	AT1G01210.1, AT4G07950.1	AAG19974
OG0007395	AT4G19380.2, AT3G23410.1, AT1G03990.1, AT4G28570.1	AAG19445
OG0007404	AT1G57770.1, AT1G06820.1	AAG19982, AAG19932
OG0007410	AT5G35840.1, AT1G09570.3, AT4G18130.1, AT2G18790.1, AT4G16250.1	AAG19717, AAG19381, AAG19751
OG0007411	AT3G06950.1, AT1G09800.1	AAG20174
OG0007442	AT1G76140.1, AT1G20380.1	AAG18962
OG0007444	AT1G22940.1	AAG20645
OG0007456	AT5G21060.2, AT4G19710.2, AT1G31230.1	AAG18725, AAG20683
OG0007475	AT4G35640.1, AT2G17640.1, AT5G56760.1, AT1G55920.1, AT3G13110.1	AAG19784
OG0007476	AT4G00925.1	AAG19037
OG0007476	AT3G13070.1, AT1G55930.1	AAG20937, AAG20419
OG0007486	AT2G18915.2, AT5G57360.2, AT1G68050.1, AT2G02710.1	AAG19769
OG0007490	AT3G46780.1, AT1G72640.1	AAG20557
OG0007496	AT5G35970.1, AT2G03270.1	AAG20303
OG0007500	AT2G37690.1	AAG19135
OG0007500	AT2G05140.1	AAG19136
OG0007503	ATCG00440.1, ATMG00990.1, AT2G07751.1	AAG19137
OG0007506	AT2G17420.1, AT4G35460.1, AT2G41680.1	AAG19616
OG0007520	AT2G32020.1, AT2G32030.1, AT3G22560.1	AAG20227, AAG20429
OG0007526	AT5G01410.1, AT2G38230.1, AT2G38210.1	AAG20013
OG0007541	AT3G06850.1	AAG20346
OG0007546	AT3G13230.1	AAG20352
OG0007560	AT3G26060.2	AAG19569
OG0007567	AT4G20960.1	AAG19614
OG0007583	AT4G01320.1	AAG18905
OG0007600	AT4G20310.4	AAG20184
OG0007609	AT4G33670.1	AAG20187
OG0007661	ATMG01120.1, ATCG01100.1	AAG19140
OG0008644	AT2G18230.1, AT3G53620.1, AT2G46860.1, AT4G01480.1, AT1G01050.1	AAG18854
OG0008661	AT1G08630.1, AT3G04520.1	AAG20528
OG0008672	AT2G27510.1	AAG20406, AAG20271
OG0008678	AT1G71720.1, AT3G23700.1, AT1G12800.1	AAG19070
OG0008757	AT1G68760.1	AAG18883
OG0008760	AT1G72090.1	AAG20063
OG0008761	AT4G29840.1, AT1G72810.1	AAG20250, AAG19064, AAG20514
OG0008764	AT1G75960.1, AT5G16340.1, AT5G16370.1, AT2G17650.1, AT3G16910.1	AAG18780
OG0008818	AT5G13280.1, AT3G02020.1, AT5G14060.1	AAG20470
OG0008851	AT4G04670.1	AAG20549
OG0008852	AT4G04955.1	AAG20592
OG0008857	AT4G10000.1, AT5G03880.1	AAG20420, AAG19831, AAG20255, AAG19427
OG0008870	AT4G26900.1	AAG19306, AAG20234
OG0008871	AT5G28237.1, AT5G54810.1, AT4G27070.1	AAG18887
OG0008880	AT5G10070.2	AAG20224
OG0010267	AT1G29410.2, AT5G05590.1, AT1G07780.10	AAG19903
OG0010274	AT1G58080.1, AT1G09795.1	AAG20368
OG0010305	AT3G50880.1, AT1G19480.1, AT1G75230.2	AAG19655
OG0010365	AT4G30000.2, AT1G69190.1	AAG18964
OG0010368	AT5G17522.1, AT5G17530.4, AT1G70820.1	AAG19339, AAG20336
OG0010369	AT5G10330.1, AT1G71920.2	AAG19443
OG0010392	AT4G35295.1, AT2G17265.1	AAG20015
OG0010414	AT3G52750.1, AT2G36250.1, AT5G55280.1	AAG18804, AAG18937
OG0010427	AT2G46110.1, AT3G61530.1	AAG19781
OG0010430	AT3G08900.1, AT5G50750.1, AT3G02230.1, AT5G15650.1, AT5G16510.1	AAG19356
OG0010431	AT3G02690.1	AAG19683, AAG19887, AAG20930
OG0010434	AT5G27400.1, AT5G27410.2, AT3G05190.1	AAG18944
OG0010444	AT3G22425.2, AT4G14910.2	AAG20408
OG0010450	AT3G27740.1	AAG20028
OG0010485	AT5G17990.1	AAG20103, AAG19904
OG0010489	AT5G40850.1	AAG20437
OG0010496	AT5G60540.1	AAG20639
OG0012282	AT1G09780.1, AT3G08590.1	AAG20083
OG0012283	AT1G09940.1, AT1G58290.1, AT2G31250.1	AAG19998
OG0012301	AT1G14270.1, AT5G60750.1	AAG20165, AAG18921
OG0012304	AT1G14810.1	AAG19747
OG0012321	AT5G66050.1, AT1G19660.1, AT1G75380.1	AAG20638
OG0012350	AT1G32070.2	AAG20583
OG0012359	AT2G18460.1, AT2G20130.1, AT2G20120.1, AT1G43130.1	AAG20261
OG0012367	AT1G73600.2, AT3G18000.1, AT1G48600.2, AT3G63410.1	AAG20284
OG0012370	AT1G48850.1	AAG19593
OG0012393	AT1G67940.1	AAG20553, AAG18995
OG0012436	AT2G20690.1	AAG20659
OG0012447	AT2G34460.1, AT4G35250.1	AAG19272
OG0012462	AT2G42790.1, AT3G58740.1, AT3G58750.1	AAG20246
OG0012464	AT2G44050.1	AAG19133
OG0012478	AT5G04130.1, AT5G04110.2, AT3G10270.2	AAG19328
OG0012479	AT3G10960.1, AT5G50300.2	AAG20256
OG0012488	AT3G27890.1	AAG19878
OG0012493	AT5G63570.1, AT3G48730.1	AAG20433
OG0012501	AT4G00234.1, AT4G00290.1	AAG19713, AAG19543, AAG20254
OG0012507	AT5G45930.1, AT4G18480.1	AAG19844
OG0012518	AT5G17230.3	AAG19929, AAG19764
OG0012531	AT5G63890.2	AAG19752
OG0012532	AT5G67290.1	AAG18868
OG0012533	ATCG01070.1, ATMG00650.1	AAG19144
OG0014903	AT1G08490.1	AAG20545
OG0014907	AT3G63140.1, AT1G09340.2	AAG18958
OG0014937	AT1G18600.1, AT1G74130.1, AT1G74140.5	AAG18926
OG0014939	AT1G74710.2, AT1G18870.1	AAG19481
OG0014954	AT3G01410.1, AT1G24090.1, AT5G51080.1	AAG18851
OG0014974	AT1G31860.1	AAG20637, AAG20398
OG0015054	AT4G14930.1, AT1G72880.1	AAG19603
OG0015057	AT1G74470.1	AAG18984, AAG19570
OG0015073	AT2G04400.1, AT5G48220.1	AAG18886
OG0015086	AT2G13840.1	AAG20559
OG0015098	AT4G30120.1, AT2G19110.1, AT4G30110.1	AAG18768
OG0015156	AT3G06350.1	AAG18940
OG0015161	AT3G18680.2, AT3G10030.1	AAG20182
OG0015162	AT3G10690.1	AAG19329
OG0015169	AT5G23220.1, AT5G23230.1, AT3G16190.1	AAG20596
OG0015170	AT3G18270.1	AAG19476, AAG20045
OG0015175	AT4G14660.1, AT3G22900.1, AT4G14520.10	AAG20209
OG0015199	AT3G53900.2	AAG20416
OG0015201	AT3G54640.1, AT4G02610.1	AAG18888
OG0015215	AT4G26500.1, AT5G17560.1	AAG19689
OG0015220	AT5G05740.1	AAG20180
OG0015226	AT5G13630.1	AAG19845
OG0015236	AT5G54770.1	AAG20644
OG0018545	AT1G01290.1	AAG19627
OG0018636	AT1G19690.1	AAG18860
OG0018644	AT1G21350.5	AAG19194
OG0018703	AT1G32500.1	AAG19053
OG0018714	AT4G18440.1, AT1G36280.1	AAG18966
OG0018769	AT1G60600.2	AAG19477
OG0018792	AT1G68890.1	AAG19480
OG0018803	AT1G73990.1	AAG19125
OG0018809	AT1G78620.2	AAG20004
OG0018817	AT2G01110.1	AAG20385
OG0018892	AT2G29630.1	AAG19196
OG0018975	AT3G10670.1	AAG19051
OG0018987	AT3G17670.2	AAG19841
OG0019027	AT3G51820.1	AAG19118
OG0019031	AT3G55850.5	AAG20078
OG0019048	AT4G04770.1	AAG19052
OG0019060	AT4G15530.5	AAG18906
OG0019126	AT5G24020.1	AAG20269
OG0019129	AT5G28750.1	AAG19264
OG0019143	AT5G63420.1	AAG19531
OG0019150	ATCG00730.1	AAG19095
OG0019152	ATCG01080.1	AAG19142
OG0024309	AT1G26640.1	AAG19530
OG0024572	AT2G03800.2	AAG18938
OG0024872	AT3G09580.1	AAG19065
OG0024910	AT3G20780.1	AAG19327
OG0024951	AT3G27110.1	AAG18751
OG0024960	AT3G28760.2	AAG18891
OG0025166	AT5G01300.1	AAG20289
