Orthogroup	archaea	mouse
OG0000001	AAG19610	ENSMUSP00000048802, ENSMUSP00000119231, ENSMUSP00000145232, ENSMUSP00000145463, ENSMUSP00000032326, ENSMUSP00000008004, ENSMUSP00000018143, ENSMUSP00000031598, ENSMUSP00000003450, ENSMUSP00000021046, ENSMUSP00000000804, ENSMUSP00000035261, ENSMUSP00000088729, ENSMUSP00000075157, ENSMUSP00000096769, ENSMUSP00000001724, ENSMUSP00000114149, ENSMUSP00000065198, ENSMUSP00000109484
OG0000007	AAG18739, AAG19050	ENSMUSP00000067662
OG0000007	AAG20295, AAG19676	ENSMUSP00000129115, ENSMUSP00000022820
OG0000007	AAG19977	ENSMUSP00000147715, ENSMUSP00000147851, ENSMUSP00000103381
OG0000012	AAG18971	ENSMUSP00000112174, ENSMUSP00000092966, ENSMUSP00000129536, ENSMUSP00000157311, ENSMUSP00000008801, ENSMUSP00000129264, ENSMUSP00000136139, ENSMUSP00000157036, ENSMUSP00000157006, ENSMUSP00000050478, ENSMUSP00000003416, ENSMUSP00000131058, ENSMUSP00000076827, ENSMUSP00000123282, ENSMUSP00000074733, ENSMUSP00000157023, ENSMUSP00000129514, ENSMUSP00000003413, ENSMUSP00000003574, ENSMUSP00000148315, ENSMUSP00000059545, ENSMUSP00000102155, ENSMUSP00000139717, ENSMUSP00000092487, ENSMUSP00000081370, ENSMUSP00000140857, ENSMUSP00000030487, ENSMUSP00000099768
OG0000015	AAG20308	ENSMUSP00000149620, ENSMUSP00000128421, ENSMUSP00000101860, ENSMUSP00000145166, ENSMUSP00000144809, ENSMUSP00000133154, ENSMUSP00000145194, ENSMUSP00000026667, ENSMUSP00000110998, ENSMUSP00000156170, ENSMUSP00000090876, ENSMUSP00000115649, ENSMUSP00000140809, ENSMUSP00000023599, ENSMUSP00000127030, ENSMUSP00000127034, ENSMUSP00000038551, ENSMUSP00000066806, ENSMUSP00000047898, ENSMUSP00000034612
OG0000022	AAG19016	ENSMUSP00000076472
OG0000023	AAG19026	ENSMUSP00000025217, ENSMUSP00000141966, ENSMUSP00000028222, ENSMUSP00000097747, ENSMUSP00000151408, ENSMUSP00000079306, ENSMUSP00000113722, ENSMUSP00000015800, ENSMUSP00000007248, ENSMUSP00000084586, ENSMUSP00000133815
OG0000036	AAG20220	ENSMUSP00000108528, ENSMUSP00000033634, ENSMUSP00000108524, ENSMUSP00000108525, ENSMUSP00000117952, ENSMUSP00000121695, ENSMUSP00000045291, ENSMUSP00000046585, ENSMUSP00000072040, ENSMUSP00000090795, ENSMUSP00000091746, ENSMUSP00000104533, ENSMUSP00000104532, ENSMUSP00000098773, ENSMUSP00000098771, ENSMUSP00000069844, ENSMUSP00000104527, ENSMUSP00000119714, ENSMUSP00000000145, ENSMUSP00000106000, ENSMUSP00000106001, ENSMUSP00000034046
OG0000055	AAG19006, AAG19432	ENSMUSP00000152741, ENSMUSP00000030455, ENSMUSP00000048830, ENSMUSP00000112666, ENSMUSP00000080074, ENSMUSP00000021632, ENSMUSP00000021634, ENSMUSP00000045394, ENSMUSP00000112664, ENSMUSP00000152648, ENSMUSP00000077363, ENSMUSP00000079232, ENSMUSP00000021630, ENSMUSP00000152778, ENSMUSP00000021628, ENSMUSP00000106332, ENSMUSP00000021635, ENSMUSP00000063309, ENSMUSP00000124333, ENSMUSP00000040244, ENSMUSP00000007449, ENSMUSP00000110703, ENSMUSP00000039114, ENSMUSP00000100045, ENSMUSP00000106319, ENSMUSP00000089459
OG0000090	AAG19816, AAG20907, AAG19815	ENSMUSP00000145080, ENSMUSP00000032454, ENSMUSP00000032200, ENSMUSP00000126708, ENSMUSP00000132921, ENSMUSP00000110109, ENSMUSP00000110111, ENSMUSP00000033752, ENSMUSP00000126076, ENSMUSP00000103230, ENSMUSP00000058699, ENSMUSP00000146917, ENSMUSP00000025520
OG0000094	AAG20564	ENSMUSP00000105367, ENSMUSP00000003907
OG0000094	AAG19245, AAG19172, AAG19785, AAG18933, AAG19565	ENSMUSP00000028807, ENSMUSP00000027153, ENSMUSP00000112908, ENSMUSP00000054370, ENSMUSP00000121714, ENSMUSP00000072483
OG0000096	AAG20879, AAG19602, AAG18789	ENSMUSP00000156098, ENSMUSP00000156027, ENSMUSP00000127280, ENSMUSP00000067243, ENSMUSP00000156166, ENSMUSP00000156257, ENSMUSP00000155908, ENSMUSP00000155885, ENSMUSP00000156294, ENSMUSP00000156113, ENSMUSP00000112848, ENSMUSP00000058866, ENSMUSP00000096414, ENSMUSP00000113729, ENSMUSP00000046714, ENSMUSP00000144000, ENSMUSP00000117781, ENSMUSP00000144796, ENSMUSP00000144885, ENSMUSP00000137943, ENSMUSP00000126800, ENSMUSP00000109339, ENSMUSP00000098914, ENSMUSP00000073582, ENSMUSP00000122914, ENSMUSP00000103880, ENSMUSP00000088803
OG0000103	AAG19359	ENSMUSP00000042987, ENSMUSP00000024575, ENSMUSP00000121341, ENSMUSP00000126774, ENSMUSP00000134507, ENSMUSP00000119328, ENSMUSP00000003741, ENSMUSP00000101514, ENSMUSP00000033671, ENSMUSP00000108112, ENSMUSP00000154949, ENSMUSP00000068483, ENSMUSP00000155405, ENSMUSP00000080694, ENSMUSP00000109055, ENSMUSP00000155389, ENSMUSP00000155659, ENSMUSP00000094073, ENSMUSP00000155741, ENSMUSP00000121722
OG0000107	AAG19776, AAG20864, AAG19919	ENSMUSP00000155270, ENSMUSP00000150838, ENSMUSP00000103747, ENSMUSP00000029277, ENSMUSP00000143349, ENSMUSP00000027797, ENSMUSP00000030164
OG0000107	AAG19908	ENSMUSP00000002840, ENSMUSP00000116474, ENSMUSP00000006061, ENSMUSP00000113304, ENSMUSP00000142620
OG0000109	AAG19418	ENSMUSP00000120825, ENSMUSP00000000260, ENSMUSP00000002397, ENSMUSP00000142117, ENSMUSP00000125235, ENSMUSP00000125488, ENSMUSP00000125077, ENSMUSP00000124269, ENSMUSP00000124931, ENSMUSP00000077289, ENSMUSP00000124541, ENSMUSP00000142305, ENSMUSP00000079888, ENSMUSP00000123981
OG0000110	AAG20333	ENSMUSP00000101999, ENSMUSP00000126274, ENSMUSP00000004955, ENSMUSP00000133931, ENSMUSP00000026839, ENSMUSP00000133736, ENSMUSP00000033809
OG0000126	AAG19243, AAG20575, AAG19267	ENSMUSP00000114304, ENSMUSP00000032175, ENSMUSP00000020497, ENSMUSP00000117076, ENSMUSP00000031411, ENSMUSP00000142906, ENSMUSP00000123545, ENSMUSP00000143034, ENSMUSP00000041260, ENSMUSP00000025656, ENSMUSP00000084918, ENSMUSP00000015278, ENSMUSP00000133370, ENSMUSP00000034723, ENSMUSP00000028004, ENSMUSP00000038878
OG0000129	AAG20682	ENSMUSP00000020153, ENSMUSP00000151689, ENSMUSP00000130583, ENSMUSP00000078940, ENSMUSP00000109523, ENSMUSP00000139286, ENSMUSP00000042457, ENSMUSP00000116821, ENSMUSP00000120438, ENSMUSP00000054556
OG0000141	AAG19829	ENSMUSP00000105930, ENSMUSP00000105931, ENSMUSP00000004430, ENSMUSP00000058648, ENSMUSP00000091202, ENSMUSP00000148174, ENSMUSP00000000619, ENSMUSP00000147562, ENSMUSP00000122555, ENSMUSP00000147627, ENSMUSP00000111412, ENSMUSP00000004428, ENSMUSP00000101336, ENSMUSP00000121751, ENSMUSP00000124194, ENSMUSP00000035964, ENSMUSP00000124527
OG0000152	AAG19586	ENSMUSP00000120302, ENSMUSP00000141787, ENSMUSP00000085175, ENSMUSP00000122098, ENSMUSP00000114821, ENSMUSP00000114982, ENSMUSP00000121607, ENSMUSP00000050398, ENSMUSP00000002625, ENSMUSP00000125350, ENSMUSP00000142172, ENSMUSP00000060202, ENSMUSP00000141216, ENSMUSP00000141986, ENSMUSP00000027839
OG0000154	AAG19275, AAG19274, AAG19276	ENSMUSP00000121823, ENSMUSP00000121471, ENSMUSP00000118289, ENSMUSP00000080717, ENSMUSP00000117117, ENSMUSP00000119205, ENSMUSP00000132424, ENSMUSP00000000573, ENSMUSP00000142477, ENSMUSP00000065043, ENSMUSP00000080851, ENSMUSP00000053923, ENSMUSP00000029510, ENSMUSP00000078134, ENSMUSP00000121967, ENSMUSP00000124331, ENSMUSP00000083666, ENSMUSP00000123979
OG0000171	AAG20655	ENSMUSP00000013458, ENSMUSP00000124163, ENSMUSP00000148627, ENSMUSP00000148703, ENSMUSP00000013455, ENSMUSP00000101854, ENSMUSP00000004232, ENSMUSP00000087633, ENSMUSP00000005964
OG0000189	AAG19042, AAG20171	ENSMUSP00000107068, ENSMUSP00000121688, ENSMUSP00000139782, ENSMUSP00000002171, ENSMUSP00000071054, ENSMUSP00000138057, ENSMUSP00000022380, ENSMUSP00000021595, ENSMUSP00000032824, ENSMUSP00000147018
OG0000199	AAG18731	ENSMUSP00000144251, ENSMUSP00000033269, ENSMUSP00000127448, ENSMUSP00000130294, ENSMUSP00000132892, ENSMUSP00000144303, ENSMUSP00000144672, ENSMUSP00000127701, ENSMUSP00000143877, ENSMUSP00000144024, ENSMUSP00000144554, ENSMUSP00000078682
OG0000205	AAG19518	ENSMUSP00000104265, ENSMUSP00000006496, ENSMUSP00000120736, ENSMUSP00000114894, ENSMUSP00000116623, ENSMUSP00000104263
OG0000211	AAG19415, AAG19888	ENSMUSP00000018614, ENSMUSP00000124156, ENSMUSP00000030768, ENSMUSP00000125270, ENSMUSP00000125058, ENSMUSP00000101273, ENSMUSP00000124588, ENSMUSP00000047480
OG0000219	AAG20941	ENSMUSP00000122094, ENSMUSP00000106844, ENSMUSP00000005220, ENSMUSP00000079100, ENSMUSP00000106843, ENSMUSP00000004634, ENSMUSP00000025875, ENSMUSP00000102324, ENSMUSP00000005490, ENSMUSP00000005493
OG0000226	AAC82939, AAG20760, AAC82838, AAG21048, AAG20641	ENSMUSP00000098055, ENSMUSP00000119337, ENSMUSP00000105370, ENSMUSP00000105369, ENSMUSP00000005487, ENSMUSP00000134682, ENSMUSP00000030051
OG0000230	AAG18746	ENSMUSP00000143023, ENSMUSP00000142425
OG0000258	AAG19885	ENSMUSP00000146505, ENSMUSP00000025439, ENSMUSP00000140887, ENSMUSP00000034989, ENSMUSP00000032856
OG0000260	AAG20282	ENSMUSP00000110558, ENSMUSP00000039381, ENSMUSP00000039737, ENSMUSP00000120531, ENSMUSP00000122474, ENSMUSP00000001801, ENSMUSP00000099399, ENSMUSP00000044838, ENSMUSP00000131848, ENSMUSP00000090333
OG0000285	AAG20602	ENSMUSP00000047917, ENSMUSP00000134669, ENSMUSP00000133994, ENSMUSP00000084572
OG0000288	AAG20073	ENSMUSP00000056502, ENSMUSP00000138215, ENSMUSP00000028892, ENSMUSP00000127526, ENSMUSP00000150296
OG0000299	AAG20394	ENSMUSP00000023867
OG0000299	AAG20362	ENSMUSP00000083652, ENSMUSP00000107584, ENSMUSP00000110994, ENSMUSP00000115479, ENSMUSP00000110995, ENSMUSP00000023598
OG0000310	AAG20870	ENSMUSP00000119316, ENSMUSP00000119603, ENSMUSP00000047536, ENSMUSP00000004375, ENSMUSP00000121535
OG0000320	AAG20642	ENSMUSP00000119822, ENSMUSP00000119417, ENSMUSP00000146922, ENSMUSP00000021161, ENSMUSP00000146762, ENSMUSP00000001122, ENSMUSP00000031713, ENSMUSP00000031868, ENSMUSP00000029208, ENSMUSP00000104902
OG0000360	AAG20262	ENSMUSP00000107371, ENSMUSP00000039744, ENSMUSP00000120180, ENSMUSP00000116091, ENSMUSP00000032402, ENSMUSP00000144968, ENSMUSP00000117708, ENSMUSP00000147303, ENSMUSP00000033098, ENSMUSP00000113045, ENSMUSP00000148152, ENSMUSP00000147628, ENSMUSP00000148059
OG0000364	AAG20547	ENSMUSP00000023065, ENSMUSP00000155228, ENSMUSP00000154933, ENSMUSP00000117939, ENSMUSP00000119444, ENSMUSP00000119101, ENSMUSP00000028795
OG0000364	AAG19917	ENSMUSP00000007790, ENSMUSP00000064079, ENSMUSP00000122811
OG0000367	AAG20463	ENSMUSP00000116014, ENSMUSP00000145261, ENSMUSP00000032373, ENSMUSP00000036386, ENSMUSP00000103267, ENSMUSP00000148046, ENSMUSP00000148107, ENSMUSP00000097661, ENSMUSP00000123356, ENSMUSP00000147293, ENSMUSP00000114206, ENSMUSP00000115652, ENSMUSP00000147492, ENSMUSP00000014545, ENSMUSP00000139572
OG0000370	AAG20936	ENSMUSP00000116308, ENSMUSP00000121548, ENSMUSP00000125041, ENSMUSP00000030551, ENSMUSP00000139887, ENSMUSP00000027455, ENSMUSP00000037497, ENSMUSP00000108895
OG0000379	AAG18974	ENSMUSP00000109299, ENSMUSP00000133651, ENSMUSP00000133644
OG0000383	AAG19526	ENSMUSP00000137559, ENSMUSP00000104188, ENSMUSP00000128714, ENSMUSP00000072620, ENSMUSP00000114361, ENSMUSP00000079727, ENSMUSP00000075513, ENSMUSP00000079045, ENSMUSP00000004378, ENSMUSP00000108095, ENSMUSP00000144861
OG0000387	AAG20042	ENSMUSP00000122694, ENSMUSP00000005292, ENSMUSP00000126451, ENSMUSP00000105356, ENSMUSP00000105355, ENSMUSP00000030454, ENSMUSP00000119794, ENSMUSP00000117007, ENSMUSP00000114159, ENSMUSP00000102078, ENSMUSP00000025961, ENSMUSP00000122997, ENSMUSP00000026328
OG0000388	AAG19540	ENSMUSP00000025007, ENSMUSP00000024978, ENSMUSP00000021217, ENSMUSP00000103476, ENSMUSP00000021220, ENSMUSP00000132590, ENSMUSP00000103475, ENSMUSP00000117022
OG0000422	AAG19322	ENSMUSP00000154672, ENSMUSP00000022803, ENSMUSP00000134664, ENSMUSP00000025196
OG0000425	AAG19724	ENSMUSP00000115269, ENSMUSP00000089781
OG0000428	AAG18866	ENSMUSP00000114956, ENSMUSP00000105811, ENSMUSP00000105818, ENSMUSP00000105817, ENSMUSP00000028806, ENSMUSP00000105815, ENSMUSP00000105809, ENSMUSP00000105810, ENSMUSP00000105808, ENSMUSP00000139278, ENSMUSP00000120237, ENSMUSP00000105812, ENSMUSP00000139099, ENSMUSP00000139111, ENSMUSP00000095580, ENSMUSP00000026537
OG0000450	AAG19705	ENSMUSP00000025403, ENSMUSP00000141345, ENSMUSP00000116088, ENSMUSP00000068174, ENSMUSP00000113860
OG0000454	AAG20680	ENSMUSP00000154489, ENSMUSP00000154479, ENSMUSP00000041906, ENSMUSP00000113503, ENSMUSP00000063830, ENSMUSP00000109522, ENSMUSP00000129772, ENSMUSP00000132673, ENSMUSP00000070506
OG0000459	AAG20164	ENSMUSP00000145891, ENSMUSP00000146273, ENSMUSP00000049355, ENSMUSP00000146209
OG0000478	AAG19709, AAG20522, AAG20550	ENSMUSP00000116159, ENSMUSP00000053120, ENSMUSP00000104442, ENSMUSP00000096571, ENSMUSP00000104443, ENSMUSP00000043563, ENSMUSP00000054380, ENSMUSP00000104101, ENSMUSP00000117840, ENSMUSP00000104100
OG0000484	AAG20694	ENSMUSP00000149862, ENSMUSP00000076418, ENSMUSP00000031167
OG0000514	AAG19115, AAG19647	ENSMUSP00000113209, ENSMUSP00000077597, ENSMUSP00000066878
OG0000517	AAG18918	ENSMUSP00000156239, ENSMUSP00000156132, ENSMUSP00000023465, ENSMUSP00000156322, ENSMUSP00000155905, ENSMUSP00000155903, ENSMUSP00000002891, ENSMUSP00000099729, ENSMUSP00000113057, ENSMUSP00000113653
OG0000521	AAG19368	ENSMUSP00000102244, ENSMUSP00000037331, ENSMUSP00000071469, ENSMUSP00000120929, ENSMUSP00000115472
OG0000550	AAG18976, AAG19656	ENSMUSP00000102302, ENSMUSP00000112009, ENSMUSP00000124746, ENSMUSP00000114371, ENSMUSP00000112011, ENSMUSP00000051268, ENSMUSP00000121852, ENSMUSP00000116179, ENSMUSP00000021913, ENSMUSP00000123913, ENSMUSP00000026538
OG0000556	AAG18777	ENSMUSP00000115352, ENSMUSP00000122418, ENSMUSP00000120670, ENSMUSP00000106337
OG0000559	AAG20436	ENSMUSP00000095166, ENSMUSP00000150138, ENSMUSP00000076575
OG0000560	AAG18899	ENSMUSP00000027896, ENSMUSP00000141328, ENSMUSP00000029307, ENSMUSP00000028241
OG0000593	AAG18954, AAG20574	ENSMUSP00000030901, ENSMUSP00000112656, ENSMUSP00000068148, ENSMUSP00000152703, ENSMUSP00000152222, ENSMUSP00000152325, ENSMUSP00000152651, ENSMUSP00000152447
OG0000595	AAG19994	ENSMUSP00000127254, ENSMUSP00000098724, ENSMUSP00000152821, ENSMUSP00000124666, ENSMUSP00000125055
OG0000597	AAG20002	ENSMUSP00000012262, ENSMUSP00000116098, ENSMUSP00000101511, ENSMUSP00000101509, ENSMUSP00000101510, ENSMUSP00000101512
OG0000600	AAG18902	ENSMUSP00000128770, ENSMUSP00000034834, ENSMUSP00000103106, ENSMUSP00000035417
OG0000628	AAG19273	ENSMUSP00000030069, ENSMUSP00000114559, ENSMUSP00000114766, ENSMUSP00000119981, ENSMUSP00000115704
OG0000630	AAG20038	ENSMUSP00000098656, ENSMUSP00000107921, ENSMUSP00000033727, ENSMUSP00000107919, ENSMUSP00000107922, ENSMUSP00000107920, ENSMUSP00000030381
OG0000631	AAG19619	ENSMUSP00000152507, ENSMUSP00000152531, ENSMUSP00000152300, ENSMUSP00000152534, ENSMUSP00000152459, ENSMUSP00000152221, ENSMUSP00000126825, ENSMUSP00000152791, ENSMUSP00000061616, ENSMUSP00000152135
OG0000634	AAG20357, AAG19983	ENSMUSP00000105780, ENSMUSP00000136709, ENSMUSP00000152437, ENSMUSP00000152828, ENSMUSP00000137563, ENSMUSP00000132993, ENSMUSP00000105776, ENSMUSP00000136486, ENSMUSP00000137317, ENSMUSP00000152354, ENSMUSP00000152416, ENSMUSP00000136949, ENSMUSP00000151971, ENSMUSP00000098728, ENSMUSP00000105774, ENSMUSP00000137146, ENSMUSP00000126351, ENSMUSP00000084387, ENSMUSP00000132018, ENSMUSP00000077223
OG0000644	AAG20032	ENSMUSP00000143311, ENSMUSP00000141246, ENSMUSP00000142105, ENSMUSP00000142101, ENSMUSP00000029850, ENSMUSP00000139387, ENSMUSP00000121269, ENSMUSP00000122619, ENSMUSP00000118449, ENSMUSP00000115146
OG0000645	AAG18802, AAG20566, AAG19823	ENSMUSP00000124935, ENSMUSP00000085880, ENSMUSP00000105176, ENSMUSP00000059717, ENSMUSP00000124599
OG0000646	AAG19963	ENSMUSP00000025696, ENSMUSP00000115454, ENSMUSP00000102558, ENSMUSP00000102559, ENSMUSP00000115456, ENSMUSP00000099841, ENSMUSP00000030583, ENSMUSP00000099664
OG0000674	AAG19551	ENSMUSP00000139568, ENSMUSP00000140038, ENSMUSP00000141192, ENSMUSP00000141100, ENSMUSP00000027174, ENSMUSP00000140250, ENSMUSP00000123879, ENSMUSP00000124616, ENSMUSP00000125305, ENSMUSP00000099487, ENSMUSP00000123890, ENSMUSP00000028890, ENSMUSP00000124080, ENSMUSP00000125304
OG0000679	AAG18830	ENSMUSP00000081044, ENSMUSP00000006367, ENSMUSP00000109871, ENSMUSP00000084910, ENSMUSP00000118234, ENSMUSP00000138148, ENSMUSP00000115547, ENSMUSP00000087073, ENSMUSP00000138153, ENSMUSP00000109596, ENSMUSP00000109595, ENSMUSP00000144597
OG0000708	AAG18884	ENSMUSP00000113834, ENSMUSP00000118737, ENSMUSP00000034141, ENSMUSP00000127938, ENSMUSP00000113381, ENSMUSP00000041814
OG0000718	AAG19941	ENSMUSP00000078654, ENSMUSP00000128489
OG0000723	AAG20145	ENSMUSP00000112717, ENSMUSP00000082313, ENSMUSP00000119564, ENSMUSP00000109611, ENSMUSP00000120754, ENSMUSP00000026039, ENSMUSP00000052226, ENSMUSP00000067598
OG0000729	AAG20371	ENSMUSP00000134827, ENSMUSP00000135518, ENSMUSP00000067638, ENSMUSP00000110893, ENSMUSP00000110897, ENSMUSP00000100060, ENSMUSP00000029490, ENSMUSP00000127198, ENSMUSP00000061851
OG0000733	AAG19811	ENSMUSP00000099760
OG0000734	AAG18792	ENSMUSP00000108217, ENSMUSP00000078388, ENSMUSP00000079163, ENSMUSP00000098362, ENSMUSP00000119852
OG0000736	AAG19127	ENSMUSP00000022148, ENSMUSP00000152781
OG0000736	AAG19817	ENSMUSP00000140354, ENSMUSP00000123421, ENSMUSP00000035116, ENSMUSP00000118006
OG0000739	AAG20873	ENSMUSP00000092539, ENSMUSP00000028123, ENSMUSP00000155492, ENSMUSP00000023805, ENSMUSP00000112433, ENSMUSP00000077694, ENSMUSP00000113240
OG0000766	AAG19870	ENSMUSP00000035230
OG0000769	AAG19091, AAG20093	ENSMUSP00000101238, ENSMUSP00000030939, ENSMUSP00000101237
OG0000786	AAG18721	ENSMUSP00000155103, ENSMUSP00000124100, ENSMUSP00000124932, ENSMUSP00000155545, ENSMUSP00000123866, ENSMUSP00000154823, ENSMUSP00000155391, ENSMUSP00000125144, ENSMUSP00000123758, ENSMUSP00000155628, ENSMUSP00000155203, ENSMUSP00000124246
OG0000841	AAG19034	ENSMUSP00000109289, ENSMUSP00000038612, ENSMUSP00000109290, ENSMUSP00000109292, ENSMUSP00000109291, ENSMUSP00000109293, ENSMUSP00000101825, ENSMUSP00000041675
OG0000842	AAG19025	ENSMUSP00000053842, ENSMUSP00000155588, ENSMUSP00000111520
OG0000845	AAG20621	ENSMUSP00000123193, ENSMUSP00000025463, ENSMUSP00000121883, ENSMUSP00000057336, ENSMUSP00000094040, ENSMUSP00000110031, ENSMUSP00000110029, ENSMUSP00000110032, ENSMUSP00000110033, ENSMUSP00000033763
OG0000887	AAG19732	ENSMUSP00000134318, ENSMUSP00000018744, ENSMUSP00000134269, ENSMUSP00000026470, ENSMUSP00000151616
OG0000893	AAG19800	ENSMUSP00000117422, ENSMUSP00000098610, ENSMUSP00000104337, ENSMUSP00000071788
OG0000893	AAG20361	ENSMUSP00000041793
OG0000896	AAG19826	ENSMUSP00000123765, ENSMUSP00000022706, ENSMUSP00000078774, ENSMUSP00000144827
OG0000903	AAG19947	ENSMUSP00000098576, ENSMUSP00000073175, ENSMUSP00000129072, ENSMUSP00000119329
OG0000957	AAG19534	ENSMUSP00000146836, ENSMUSP00000142223, ENSMUSP00000146920, ENSMUSP00000146888, ENSMUSP00000146774, ENSMUSP00000147212, ENSMUSP00000006838, ENSMUSP00000122918, ENSMUSP00000121146
OG0000967	AAG19631	ENSMUSP00000156227, ENSMUSP00000156251
OG0000971	AAG20872	ENSMUSP00000020625, ENSMUSP00000132190, ENSMUSP00000128425, ENSMUSP00000129120, ENSMUSP00000131294, ENSMUSP00000072121, ENSMUSP00000022858, ENSMUSP00000106170, ENSMUSP00000106171
OG0000973	AAG19499	ENSMUSP00000114332, ENSMUSP00000083705, ENSMUSP00000138289
OG0000981	AAG19173	ENSMUSP00000153238, ENSMUSP00000055313, ENSMUSP00000153671
OG0000985	AAG19626	ENSMUSP00000029708, ENSMUSP00000136145, ENSMUSP00000118931, ENSMUSP00000018803
OG0001032	AAG20485, AAG20484	ENSMUSP00000043061, ENSMUSP00000128075, ENSMUSP00000130493, ENSMUSP00000155371, ENSMUSP00000155018, ENSMUSP00000155399, ENSMUSP00000055743
OG0001035	AAG20942	ENSMUSP00000144307
OG0001035	AAG20027	ENSMUSP00000027144
OG0001040	AAG19956	ENSMUSP00000114529, ENSMUSP00000092502, ENSMUSP00000131474, ENSMUSP00000110610, ENSMUSP00000120715
OG0001044	AAG20043	ENSMUSP00000130269, ENSMUSP00000073946, ENSMUSP00000029752, ENSMUSP00000022849, ENSMUSP00000032728
OG0001046	AAG20598	ENSMUSP00000023237, ENSMUSP00000155290
OG0001053	AAG19670, AAG19564	ENSMUSP00000156844, ENSMUSP00000007012
OG0001055	AAG19516	ENSMUSP00000157175, ENSMUSP00000157349, ENSMUSP00000157348, ENSMUSP00000049319, ENSMUSP00000157034, ENSMUSP00000044292
OG0001057	AAG18698	ENSMUSP00000137831, ENSMUSP00000138077, ENSMUSP00000122176, ENSMUSP00000146731, ENSMUSP00000146808, ENSMUSP00000147146, ENSMUSP00000107874, ENSMUSP00000033754
OG0001059	AAG19366	ENSMUSP00000156191, ENSMUSP00000155971, ENSMUSP00000156334, ENSMUSP00000023432, ENSMUSP00000106926, ENSMUSP00000119171, ENSMUSP00000116835, ENSMUSP00000106927, ENSMUSP00000106920
OG0001063	AAG19020, AAG19414	ENSMUSP00000128209, ENSMUSP00000028944, ENSMUSP00000099431, ENSMUSP00000068776, ENSMUSP00000029135
OG0001067	AAG20377	ENSMUSP00000079897, ENSMUSP00000105634, ENSMUSP00000157352, ENSMUSP00000078030, ENSMUSP00000124513, ENSMUSP00000125012, ENSMUSP00000063887
OG0001103	AAG19940	ENSMUSP00000100997, ENSMUSP00000069004
OG0001106	AAG19951	ENSMUSP00000114544, ENSMUSP00000116061, ENSMUSP00000102200, ENSMUSP00000102198, ENSMUSP00000127791, ENSMUSP00000119975
OG0001110	AAG19650, AAG19319	ENSMUSP00000156002, ENSMUSP00000023684, ENSMUSP00000119272, ENSMUSP00000156142, ENSMUSP00000114034, ENSMUSP00000156232
OG0001120	AAG19959	ENSMUSP00000026926, ENSMUSP00000100046, ENSMUSP00000032168, ENSMUSP00000141333
OG0001125	AAG20034	ENSMUSP00000148797, ENSMUSP00000148598, ENSMUSP00000044172, ENSMUSP00000112116, ENSMUSP00000117429, ENSMUSP00000115382, ENSMUSP00000119673
OG0001126	AAG19748	ENSMUSP00000120254, ENSMUSP00000047218, ENSMUSP00000117800
OG0001134	AAG19494	ENSMUSP00000148016, ENSMUSP00000046453, ENSMUSP00000147421, ENSMUSP00000101529, ENSMUSP00000010899
OG0001135	AAG19246	ENSMUSP00000026129, ENSMUSP00000101794
OG0001137	AAG19071	ENSMUSP00000046016, ENSMUSP00000142942, ENSMUSP00000142536, ENSMUSP00000060523, ENSMUSP00000132102, ENSMUSP00000143402, ENSMUSP00000120518, ENSMUSP00000118963
OG0001138	AAG20178	ENSMUSP00000120774, ENSMUSP00000114949, ENSMUSP00000116311, ENSMUSP00000104066, ENSMUSP00000104068, ENSMUSP00000104067
OG0001206	AAG18728	ENSMUSP00000125806, ENSMUSP00000082055, ENSMUSP00000008826, ENSMUSP00000100795, ENSMUSP00000115919, ENSMUSP00000119500
OG0001210	AAG19517	ENSMUSP00000126892, ENSMUSP00000138296, ENSMUSP00000008812, ENSMUSP00000152211
OG0001215	AAG20442, AAG20663	ENSMUSP00000032060, ENSMUSP00000113637, ENSMUSP00000121746, ENSMUSP00000113332
OG0001226	AAG19521	ENSMUSP00000147770, ENSMUSP00000147725, ENSMUSP00000147257, ENSMUSP00000072320, ENSMUSP00000147816, ENSMUSP00000148055, ENSMUSP00000147862
OG0001231	AAG20244	ENSMUSP00000104087, ENSMUSP00000113372, ENSMUSP00000104086, ENSMUSP00000118485, ENSMUSP00000120012, ENSMUSP00000119256, ENSMUSP00000067552
OG0001310	AAG20216	ENSMUSP00000156406, ENSMUSP00000007005, ENSMUSP00000125454, ENSMUSP00000045912, ENSMUSP00000125066, ENSMUSP00000037348, ENSMUSP00000042351, ENSMUSP00000010795
OG0001311	AAG20686	ENSMUSP00000046101, ENSMUSP00000102675, ENSMUSP00000134327, ENSMUSP00000021306
OG0001314	AAG18756	ENSMUSP00000121653, ENSMUSP00000033501, ENSMUSP00000111306
OG0001328	AAG19869	ENSMUSP00000037131
OG0001329	AAG19952	ENSMUSP00000113391, ENSMUSP00000127859, ENSMUSP00000142883, ENSMUSP00000109399, ENSMUSP00000113704, ENSMUSP00000138342
OG0001330	AAG19087	ENSMUSP00000150210, ENSMUSP00000150007, ENSMUSP00000149389, ENSMUSP00000148870, ENSMUSP00000082856, ENSMUSP00000148917
OG0001333	AAG20503	ENSMUSP00000122547, ENSMUSP00000112944, ENSMUSP00000112425, ENSMUSP00000113601, ENSMUSP00000026818, ENSMUSP00000025394
OG0001339	AAG18706, AAG18701, AAG18703, AAG18710	ENSMUSP00000118468, ENSMUSP00000119939
OG0001341	AAG19942	ENSMUSP00000032998, ENSMUSP00000146709, ENSMUSP00000102713
OG0001345	AAG19253	ENSMUSP00000029722
OG0001348	AAG19447	ENSMUSP00000028848, ENSMUSP00000055827
OG0001350	AAG20477	ENSMUSP00000022901, ENSMUSP00000119400, ENSMUSP00000119502, ENSMUSP00000120893, ENSMUSP00000020980
OG0001358	AAG18931, AAG19234	ENSMUSP00000103049, ENSMUSP00000103052, ENSMUSP00000125654, ENSMUSP00000122252, ENSMUSP00000051366
OG0001362	AAG20240, AAG20351	ENSMUSP00000134920, ENSMUSP00000125566, ENSMUSP00000131113, ENSMUSP00000126109, ENSMUSP00000130616, ENSMUSP00000001452
OG0001367	AAG18975, AAG20506	ENSMUSP00000046924, ENSMUSP00000139829, ENSMUSP00000026084, ENSMUSP00000148432
OG0001422	AAG19946	ENSMUSP00000099435
OG0001428	AAG19323	ENSMUSP00000096411, ENSMUSP00000126525, ENSMUSP00000136972
OG0001441	AAG20391	ENSMUSP00000154986, ENSMUSP00000099844, ENSMUSP00000155213, ENSMUSP00000061227, ENSMUSP00000036025
OG0001448	AAG19158	ENSMUSP00000154056, ENSMUSP00000154157, ENSMUSP00000153773, ENSMUSP00000130981, ENSMUSP00000097112
OG0001454	AAG20016	ENSMUSP00000101473, ENSMUSP00000114268, ENSMUSP00000131385, ENSMUSP00000111977, ENSMUSP00000035457
OG0001463	AAG19519	ENSMUSP00000113081, ENSMUSP00000114478, ENSMUSP00000122985, ENSMUSP00000113504, ENSMUSP00000025511
OG0001464	AAG19733	ENSMUSP00000005810, ENSMUSP00000144302, ENSMUSP00000071578
OG0001465	AAG19459, AAG18686, AAG18702, AAG18947, AAG18650	ENSMUSP00000036898, ENSMUSP00000107914
OG0001467	AAG19313, AAG18894, AAG19212, AAG20975, AAG18850, AAG21002, AAG20319	ENSMUSP00000029938
OG0001473	AAG19202	ENSMUSP00000138233, ENSMUSP00000110650, ENSMUSP00000110652, ENSMUSP00000076951, ENSMUSP00000138250, ENSMUSP00000138473
OG0001476	AAG19522	ENSMUSP00000147958, ENSMUSP00000147520, ENSMUSP00000147877, ENSMUSP00000148139, ENSMUSP00000147866, ENSMUSP00000148031, ENSMUSP00000071763, ENSMUSP00000148262, ENSMUSP00000115722
OG0001480	AAG18781, AAG18788	ENSMUSP00000140402, ENSMUSP00000024967
OG0001481	AAG18649	ENSMUSP00000032057, ENSMUSP00000109288, ENSMUSP00000020629
OG0001486	AAG19311	ENSMUSP00000120489, ENSMUSP00000115415, ENSMUSP00000111204, ENSMUSP00000031766
OG0001493	AAG19552	ENSMUSP00000128889, ENSMUSP00000037613
OG0001494	AAG18927	ENSMUSP00000068849, ENSMUSP00000132755, ENSMUSP00000119599, ENSMUSP00000118226, ENSMUSP00000101851
OG0001591	AAG19304	ENSMUSP00000099317, ENSMUSP00000099318, ENSMUSP00000020524, ENSMUSP00000117471
OG0001595	AAG19622	ENSMUSP00000144905, ENSMUSP00000144792, ENSMUSP00000032406
OG0001604	AAG19429	ENSMUSP00000022172, ENSMUSP00000152647, ENSMUSP00000088950, ENSMUSP00000152178, ENSMUSP00000152192, ENSMUSP00000152322, ENSMUSP00000152658, ENSMUSP00000152139, ENSMUSP00000152468
OG0001617	AAG18729, AAG20044	ENSMUSP00000018698, ENSMUSP00000104242, ENSMUSP00000032309, ENSMUSP00000085172, ENSMUSP00000078589, ENSMUSP00000136684
OG0001625	AAG20688	ENSMUSP00000118798, ENSMUSP00000121961, ENSMUSP00000104179, ENSMUSP00000004554
OG0001632	AAG20146, AAG19473	ENSMUSP00000130992, ENSMUSP00000028167, ENSMUSP00000108237
OG0001649	AAG20664	ENSMUSP00000134191
OG0001715	AAG20104	ENSMUSP00000112947, ENSMUSP00000109988, ENSMUSP00000080378, ENSMUSP00000109984, ENSMUSP00000139979, ENSMUSP00000139617, ENSMUSP00000024802, ENSMUSP00000119076
OG0001718	AAG18908, AAG21016	ENSMUSP00000151357, ENSMUSP00000151373, ENSMUSP00000121682, ENSMUSP00000151721, ENSMUSP00000136589, ENSMUSP00000020266, ENSMUSP00000020262
OG0001722	AAG19595	ENSMUSP00000038331, ENSMUSP00000132822, ENSMUSP00000075683
OG0001734	AAG19277	ENSMUSP00000148467, ENSMUSP00000148347, ENSMUSP00000148274, ENSMUSP00000148438, ENSMUSP00000148380, ENSMUSP00000061511, ENSMUSP00000148653, ENSMUSP00000125996
OG0001737	AAG19177	ENSMUSP00000117146, ENSMUSP00000090564, ENSMUSP00000021907, ENSMUSP00000115703
OG0001743	AAG20193	ENSMUSP00000114380, ENSMUSP00000033415, ENSMUSP00000120220
OG0001744	AAG20365	ENSMUSP00000079309, ENSMUSP00000120310, ENSMUSP00000124317, ENSMUSP00000114007, ENSMUSP00000014911, ENSMUSP00000112794
OG0001746	AAG19584	ENSMUSP00000033585, ENSMUSP00000138706, ENSMUSP00000080302
OG0001759	AAG20235	ENSMUSP00000135680, ENSMUSP00000105390, ENSMUSP00000134723, ENSMUSP00000135510, ENSMUSP00000105389, ENSMUSP00000001974
OG0001766	AAG19228, AAG20861	ENSMUSP00000028880, ENSMUSP00000105944, ENSMUSP00000065935, ENSMUSP00000121074
OG0001773	AAG20273	ENSMUSP00000021536
OG0001776	AAG20543	ENSMUSP00000151678, ENSMUSP00000151345, ENSMUSP00000151949, ENSMUSP00000005067, ENSMUSP00000124895, ENSMUSP00000041307, ENSMUSP00000125569
OG0001783	AAG20692	ENSMUSP00000050771, ENSMUSP00000071200, ENSMUSP00000026322, ENSMUSP00000153243
OG0001870	AAG19763	ENSMUSP00000127844, ENSMUSP00000132857, ENSMUSP00000105627, ENSMUSP00000002805
OG0001880	AAG20270	ENSMUSP00000025218
OG0001886	AAG20276	ENSMUSP00000006435, ENSMUSP00000145710, ENSMUSP00000006431
OG0001892	AAG19077	ENSMUSP00000006764
OG0001897	AAG19970	ENSMUSP00000125374, ENSMUSP00000066715, ENSMUSP00000106620, ENSMUSP00000035804, ENSMUSP00000139716
OG0001900	AAG19482	ENSMUSP00000056195
OG0001908	AAG19131, AAG18779, AAG19574	ENSMUSP00000022322, ENSMUSP00000130934
OG0001918	AAG19651	ENSMUSP00000022062, ENSMUSP00000152298
OG0001930	AAG20546	ENSMUSP00000123237, ENSMUSP00000107931, ENSMUSP00000107930, ENSMUSP00000026937
OG0001931	AAG20307	ENSMUSP00000043424, ENSMUSP00000141064, ENSMUSP00000112994, ENSMUSP00000107406, ENSMUSP00000046497, ENSMUSP00000107400, ENSMUSP00000031412
OG0001937	AAG18671	ENSMUSP00000093965, ENSMUSP00000116898
OG0001947	AAG19966	ENSMUSP00000120441, ENSMUSP00000121957, ENSMUSP00000117706, ENSMUSP00000033776
OG0001950	AAG19537	ENSMUSP00000091840
OG0001951	AAG20620	ENSMUSP00000023116, ENSMUSP00000155818
OG0001955	AAG20381	ENSMUSP00000031536, ENSMUSP00000111257, ENSMUSP00000111258, ENSMUSP00000033513
OG0001956	AAG20518	ENSMUSP00000125143, ENSMUSP00000123799, ENSMUSP00000124274, ENSMUSP00000124579, ENSMUSP00000124487, ENSMUSP00000123861
OG0001961	AAG19883	ENSMUSP00000145181, ENSMUSP00000134444, ENSMUSP00000145385, ENSMUSP00000144954, ENSMUSP00000144980
OG0001963	AAG19725	ENSMUSP00000025241
OG0001966	AAG20350, AAG19693	ENSMUSP00000033198
OG0002058	AAG19500	ENSMUSP00000114141, ENSMUSP00000156823, ENSMUSP00000156828, ENSMUSP00000048469, ENSMUSP00000156950, ENSMUSP00000156947, ENSMUSP00000156409
OG0002066	AAG20536	ENSMUSP00000106336, ENSMUSP00000152764, ENSMUSP00000151681, ENSMUSP00000132835, ENSMUSP00000021407.10
OG0002070	AAG20277	ENSMUSP00000066886, ENSMUSP00000110314
OG0002071	AAG20511	ENSMUSP00000064755
OG0002086	AAG19936	ENSMUSP00000080354, ENSMUSP00000140228, ENSMUSP00000038326, ENSMUSP00000129325
OG0002095	AAG19527	ENSMUSP00000149650, ENSMUSP00000150804, ENSMUSP00000035105, ENSMUSP00000148933
OG0002096	AAG20128	ENSMUSP00000121808, ENSMUSP00000021282
OG0002096	AAG19309	ENSMUSP00000133984
OG0002098	AAG19746	ENSMUSP00000079628
OG0002099	AAG19939	ENSMUSP00000004072, ENSMUSP00000155657
OG0002102	AAG20631	ENSMUSP00000124621, ENSMUSP00000023348, ENSMUSP00000123974, ENSMUSP00000125352
OG0002106	AAG19868, AAG19867	ENSMUSP00000025778
OG0002107	AAG20780, AAC82856, AAG19178	ENSMUSP00000145504, ENSMUSP00000032141, ENSMUSP00000109236
OG0002114	AAG20030	ENSMUSP00000135349, ENSMUSP00000135861, ENSMUSP00000135770, ENSMUSP00000036621, ENSMUSP00000021573, ENSMUSP00000139705, ENSMUSP00000132780
OG0002123	AAG19031	ENSMUSP00000047123
OG0002124	AAG19174	ENSMUSP00000029610
OG0002143	AAG19877	ENSMUSP00000088249, ENSMUSP00000113296, ENSMUSP00000136944, ENSMUSP00000153064
OG0002153	AAG19138	ENSMUSP00000101003, ENSMUSP00000020361
OG0002158	AAG20569	ENSMUSP00000117980, ENSMUSP00000114190, ENSMUSP00000118612, ENSMUSP00000115549, ENSMUSP00000115934
OG0002159	AAG19529	ENSMUSP00000142376, ENSMUSP00000036971, ENSMUSP00000107858, ENSMUSP00000114611, ENSMUSP00000142758, ENSMUSP00000143347
OG0002161	AAG19044	ENSMUSP00000149184, ENSMUSP00000116321, ENSMUSP00000111295, ENSMUSP00000119999, ENSMUSP00000034405
OG0002163	AAG19825	ENSMUSP00000143584, ENSMUSP00000122081, ENSMUSP00000115453, ENSMUSP00000015950, ENSMUSP00000113203, ENSMUSP00000113958, ENSMUSP00000112469, ENSMUSP00000143741
OG0002164	AAG20648	ENSMUSP00000020929, ENSMUSP00000099350, ENSMUSP00000090157
OG0002301	AAG20510	ENSMUSP00000113671, ENSMUSP00000144667, ENSMUSP00000031399, ENSMUSP00000116292
OG0002312	AAG20456	ENSMUSP00000152854, ENSMUSP00000152885, ENSMUSP00000054797, ENSMUSP00000152396
OG0002316	AAG20288	ENSMUSP00000034866
OG0002336	AAG19525	ENSMUSP00000155409, ENSMUSP00000043566, ENSMUSP00000155332
OG0002338	AAG19096	ENSMUSP00000081003
OG0002339	AAG20316	ENSMUSP00000023353
OG0002350	AAG18718	ENSMUSP00000024797, ENSMUSP00000132371, ENSMUSP00000134265, ENSMUSP00000133761, ENSMUSP00000133694, ENSMUSP00000133713
OG0002353	AAG19943	ENSMUSP00000099843, ENSMUSP00000079672
OG0002369	AAG19955	ENSMUSP00000123474, ENSMUSP00000080854
OG0002371	AAG20681	ENSMUSP00000120528
OG0002372	AAG20525	ENSMUSP00000112579, ENSMUSP00000113525, ENSMUSP00000121020, ENSMUSP00000123593, ENSMUSP00000113345
OG0002375	AAG19548	ENSMUSP00000113672
OG0002398	AAG19442	ENSMUSP00000140648, ENSMUSP00000022135
OG0002400	AAG19049	ENSMUSP00000117157, ENSMUSP00000039776
OG0002402	AAG18727	ENSMUSP00000144727, ENSMUSP00000058996, ENSMUSP00000138104, ENSMUSP00000064467, ENSMUSP00000144770, ENSMUSP00000145122
OG0002403	AAG19813	ENSMUSP00000111504, ENSMUSP00000121881, ENSMUSP00000116686, ENSMUSP00000111505, ENSMUSP00000063548
OG0002404	AAG20062	ENSMUSP00000144935, ENSMUSP00000084959, ENSMUSP00000144841, ENSMUSP00000145264, ENSMUSP00000145106, ENSMUSP00000144819
OG0002550	AAG19954	ENSMUSP00000017548, ENSMUSP00000103181
OG0002556	AAG19103	ENSMUSP00000047413
OG0002577	AAC82899	ENSMUSP00000000304, ENSMUSP00000124106
OG0002578	AAG19454, AAG18685	ENSMUSP00000031103
OG0002588	AAG20347	ENSMUSP00000106481
OG0002597	AAG20944	ENSMUSP00000029968, ENSMUSP00000116173, ENSMUSP00000018992
OG0002613	AAG19523	ENSMUSP00000103940
OG0002615	AAG19948	ENSMUSP00000033683, ENSMUSP00000138884
OG0002641	AAG19538	ENSMUSP00000134240, ENSMUSP00000133357, ENSMUSP00000110013, ENSMUSP00000133642, ENSMUSP00000134615
OG0002644	AAG20695	ENSMUSP00000004786
OG0002650	AAG19950	ENSMUSP00000038352
OG0002666	AAG20465	ENSMUSP00000118493, ENSMUSP00000041599, ENSMUSP00000116470, ENSMUSP00000120806, ENSMUSP00000071396, ENSMUSP00000059757
OG0002682	AAG18719, AAG18720	ENSMUSP00000054064, ENSMUSP00000106018
OG0002688	AAG19302	ENSMUSP00000116537, ENSMUSP00000042162
OG0002690	AAG18775	ENSMUSP00000139873, ENSMUSP00000053218, ENSMUSP00000118381, ENSMUSP00000091597, ENSMUSP00000115212, ENSMUSP00000128419, ENSMUSP00000116648
OG0002691	AAG19361, AAG19170	ENSMUSP00000030340, ENSMUSP00000121673
OG0002692	AAG20141	ENSMUSP00000117670, ENSMUSP00000136233, ENSMUSP00000026927, ENSMUSP00000141265
OG0002887	AAG18929, AAC82907	ENSMUSP00000147483, ENSMUSP00000065337
OG0002890	AAG20211	ENSMUSP00000088736, ENSMUSP00000059395, ENSMUSP00000109555
OG0002892	AAG19317	ENSMUSP00000130292, ENSMUSP00000128721, ENSMUSP00000131228, ENSMUSP00000080403, ENSMUSP00000126600
OG0002912	AAG19503	ENSMUSP00000018568, ENSMUSP00000020741
OG0002919	AAG20341	ENSMUSP00000036726, ENSMUSP00000099509
OG0002920	AAG20168	ENSMUSP00000027252
OG0002928	AAG20130	ENSMUSP00000155957, ENSMUSP00000156130
OG0002931	AAG19696	ENSMUSP00000112826, ENSMUSP00000072386, ENSMUSP00000116373
OG0002934	AAG20397	ENSMUSP00000024733, ENSMUSP00000034441
OG0002941	AAG19326	ENSMUSP00000059056, ENSMUSP00000104753, ENSMUSP00000104754
OG0002953	AAG18754	ENSMUSP00000000767, ENSMUSP00000090585
OG0002960	AAG19511	ENSMUSP00000001720, ENSMUSP00000119061
OG0002964	AAG20157	ENSMUSP00000105360, ENSMUSP00000105358, ENSMUSP00000120374, ENSMUSP00000121864, ENSMUSP00000066769, ENSMUSP00000118442
OG0002977	AAG19938	ENSMUSP00000099541, ENSMUSP00000100805
OG0002983	AAG19440	ENSMUSP00000015236
OG0002984	AAG19949	ENSMUSP00000099595, ENSMUSP00000121108
OG0002988	AAG19688	ENSMUSP00000135140, ENSMUSP00000027810
OG0002994	AAG18838	ENSMUSP00000058919
OG0002995	AAG20072	ENSMUSP00000051709
OG0003004	AAG19945	ENSMUSP00000147630, ENSMUSP00000003521, ENSMUSP00000147907
OG0003017	AAG20324	ENSMUSP00000130058, ENSMUSP00000126806, ENSMUSP00000132082, ENSMUSP00000048096
OG0003041	AAG19324, AAG19200	ENSMUSP00000086796, ENSMUSP00000052866
OG0003044	AAG20287	ENSMUSP00000145650, ENSMUSP00000145493, ENSMUSP00000145672, ENSMUSP00000145061, ENSMUSP00000145608, ENSMUSP00000004729
OG0003049	AAG19435	ENSMUSP00000106180
OG0003061	AAG19347	ENSMUSP00000028223, ENSMUSP00000108445, ENSMUSP00000061775
OG0003062	AAG19575	ENSMUSP00000084882, ENSMUSP00000112758
OG0003063	AAG19926	ENSMUSP00000128517, ENSMUSP00000024748, ENSMUSP00000043575
OG0003064	AAG20934	ENSMUSP00000099700, ENSMUSP00000099708, ENSMUSP00000106318, ENSMUSP00000116343
OG0003286	AAG19799	ENSMUSP00000090119, ENSMUSP00000115750
OG0003288	AAG19536	ENSMUSP00000028608, ENSMUSP00000115072
OG0003296	AAG19794	ENSMUSP00000046506
OG0003306	AAG19195	ENSMUSP00000119330, ENSMUSP00000134830
OG0003308	AAG19997	ENSMUSP00000151542, ENSMUSP00000020298, ENSMUSP00000115392, ENSMUSP00000021958
OG0003312	AAG19501	ENSMUSP00000025836
OG0003331	AAG19758	ENSMUSP00000118760, ENSMUSP00000122923, ENSMUSP00000031334
OG0003355	AAG19078, AAG19079, AAG19080	ENSMUSP00000080992
OG0003372	AAG20542	ENSMUSP00000110886, ENSMUSP00000041794, ENSMUSP00000112791
OG0003376	AAG18965	ENSMUSP00000027384
OG0003389	AAG18948	ENSMUSP00000060730, ENSMUSP00000028640, ENSMUSP00000099601
OG0003390	AAG20355	ENSMUSP00000124625, ENSMUSP00000105474, ENSMUSP00000125320
OG0003392	AAG18841	ENSMUSP00000114588, ENSMUSP00000113801, ENSMUSP00000123129, ENSMUSP00000122033, ENSMUSP00000120575
OG0003404	AAG20243	ENSMUSP00000022946
OG0003409	AAG19652	ENSMUSP00000010007
OG0003414	AAG18913	ENSMUSP00000099979, ENSMUSP00000113940, ENSMUSP00000114228
OG0003419	AAG20067	ENSMUSP00000114434, ENSMUSP00000026425
OG0003424	AAG18956	ENSMUSP00000045841
OG0003431	AAG20414	ENSMUSP00000142150, ENSMUSP00000080058, ENSMUSP00000141856
OG0003455	AAG18651	ENSMUSP00000102056, ENSMUSP00000070334, ENSMUSP00000102055
OG0003733	AAG20635	ENSMUSP00000152412, ENSMUSP00000021574
OG0003741	AAG19573, AAG19853	ENSMUSP00000036337
OG0003750	AAG20578	ENSMUSP00000031018
OG0003758	AAG20177	ENSMUSP00000113013, ENSMUSP00000113761
OG0003790	AAG20075	ENSMUSP00000132155, ENSMUSP00000128939, ENSMUSP00000022176
OG0003795	AAG19367	ENSMUSP00000040591
OG0003801	AAG20059	ENSMUSP00000005122, ENSMUSP00000122623, ENSMUSP00000117115
OG0003803	AAG19146	ENSMUSP00000081000
OG0003807	AAG19793	ENSMUSP00000120632
OG0003813	AAG20343	ENSMUSP00000113228, ENSMUSP00000031101
OG0003830	AAG18716	ENSMUSP00000138936
OG0003830	AAG19281	ENSMUSP00000131816, ENSMUSP00000133069, ENSMUSP00000015680, ENSMUSP00000139298, ENSMUSP00000125797
OG0003848	AAG19542, AAG18798	ENSMUSP00000061835, ENSMUSP00000113217, ENSMUSP00000113229, ENSMUSP00000112510
OG0003849	AAG20650	ENSMUSP00000079379
OG0003872	AAG20204	ENSMUSP00000124016, ENSMUSP00000124099, ENSMUSP00000124039, ENSMUSP00000006452, ENSMUSP00000125155
OG0003876	AAG19506	ENSMUSP00000119785, ENSMUSP00000030015, ENSMUSP00000083752
OG0003892	AAG19920	ENSMUSP00000099757
OG0003894	AAG19690	ENSMUSP00000119221, ENSMUSP00000025651, ENSMUSP00000117246, ENSMUSP00000112241
OG0003896	AAG20222	ENSMUSP00000120879, ENSMUSP00000118676, ENSMUSP00000088041, ENSMUSP00000099685
OG0003899	AAG19774	ENSMUSP00000026461, ENSMUSP00000136556
OG0003903	AAG19803	ENSMUSP00000021368, ENSMUSP00000152476, ENSMUSP00000152242
OG0003905	AAG19804	ENSMUSP00000153177, ENSMUSP00000153462, ENSMUSP00000022609
OG0003912	AAG19145	ENSMUSP00000081001
OG0003913	AAG19139	ENSMUSP00000106950, ENSMUSP00000013737, ENSMUSP00000141370
OG0003917	AAG20050	ENSMUSP00000152762, ENSMUSP00000078369, ENSMUSP00000152155, ENSMUSP00000152630
OG0004237	AAG19544	ENSMUSP00000022203
OG0004255	AAG20376	ENSMUSP00000137596, ENSMUSP00000028817
OG0004277	AAG20344, AAG20114	ENSMUSP00000071292
OG0004293	AAG19629	ENSMUSP00000117348, ENSMUSP00000026387, ENSMUSP00000115494
OG0004298	AAG18915	ENSMUSP00000103301, ENSMUSP00000103299, ENSMUSP00000119949
OG0004314	AAG20345	ENSMUSP00000140598, ENSMUSP00000034801, ENSMUSP00000139684
OG0004324	AAG20568	ENSMUSP00000140934, ENSMUSP00000139933, ENSMUSP00000069508, ENSMUSP00000129828, ENSMUSP00000140001
OG0004332	AAG19520	ENSMUSP00000148830, ENSMUSP00000148434, ENSMUSP00000148321, ENSMUSP00000105147
OG0004338	AAG20117	ENSMUSP00000144904, ENSMUSP00000085523
OG0004365	AAG19104	ENSMUSP00000006692, ENSMUSP00000148539
OG0004369	AAG19160	ENSMUSP00000040138
OG0004380	AAG19937	ENSMUSP00000034966
OG0004381	AAG20689	ENSMUSP00000054490
OG0004402	AAG20238	ENSMUSP00000140063, ENSMUSP00000059871
OG0004406	AAG19508	ENSMUSP00000152289, ENSMUSP00000152619, ENSMUSP00000112121
OG0004407	AAG19487	ENSMUSP00000016105, ENSMUSP00000136572, ENSMUSP00000021726
OG0004409	AAG19256	ENSMUSP00000146136, ENSMUSP00000126294
OG0004414	AAG19649	ENSMUSP00000042572
OG0004415	AAG20349	ENSMUSP00000036710
OG0004424	AAG19028	ENSMUSP00000053440, ENSMUSP00000031099
OG0004425	AAG19001	ENSMUSP00000027602
OG0004430	AAG20576	ENSMUSP00000099878
OG0004432	AAG19507	ENSMUSP00000139249, ENSMUSP00000140958, ENSMUSP00000043730
OG0004438	AAG20567	ENSMUSP00000003906, ENSMUSP00000105376
OG0004468	AAG19830	ENSMUSP00000142979, ENSMUSP00000107864, ENSMUSP00000031560
OG0004469	AAG20139	ENSMUSP00000149752, ENSMUSP00000002902
OG0004857	AAG19505	ENSMUSP00000126586, ENSMUSP00000024823
OG0004859	AAG20678	ENSMUSP00000100534, ENSMUSP00000000365
OG0004895	AAG19675, AAG19193, AAG18876, AAG20228, AAG19667	ENSMUSP00000027071
OG0004910	AAG20430	ENSMUSP00000103068, ENSMUSP00000030090
OG0004935	AAG20388	ENSMUSP00000064158
OG0004936	AAG20052	ENSMUSP00000147236, ENSMUSP00000147251, ENSMUSP00000046371, ENSMUSP00000122015
OG0004961	AAG19199	ENSMUSP00000045647
OG0004973	AAG18993	ENSMUSP00000152267, ENSMUSP00000021522
OG0004976	AAG20217, AAG18896	ENSMUSP00000118818, ENSMUSP00000119260, ENSMUSP00000035879
OG0004978	AAG19431	ENSMUSP00000106365, ENSMUSP00000072382, ENSMUSP00000119161
OG0004986	AAG20538	ENSMUSP00000149923, ENSMUSP00000034541
OG0004988	AAG20422	ENSMUSP00000114150
OG0005014	AAG18794	ENSMUSP00000156350, ENSMUSP00000024620
OG0005017	AAG20257, AAG20258	ENSMUSP00000023510
OG0005024	AAG18903	ENSMUSP00000130666, ENSMUSP00000037446
OG0005033	AAG20519	ENSMUSP00000099904
OG0005087	AAG19167	ENSMUSP00000048826, ENSMUSP00000147987
OG0005088	AAG19580	ENSMUSP00000016031, ENSMUSP00000123336
OG0005089	AAG19673	ENSMUSP00000099046, ENSMUSP00000118732
OG0005090	AAG20194	ENSMUSP00000125553, ENSMUSP00000020034
OG0005613	AAG19795	ENSMUSP00000044178, ENSMUSP00000145568
OG0005625	AAG18904	ENSMUSP00000090155, ENSMUSP00000112975, ENSMUSP00000117848
OG0005628	AAG20454	ENSMUSP00000003572
OG0005650	AAG18837	ENSMUSP00000051968, ENSMUSP00000136975
OG0005658	AAG20037	ENSMUSP00000029405
OG0005673	AAG20267	ENSMUSP00000037173
OG0005677	AAG19925	ENSMUSP00000019937
OG0005744	AAG20649, AAG19628	ENSMUSP00000117817, ENSMUSP00000076458
OG0005757	AAG20202	ENSMUSP00000099482
OG0005780	AAG19827	ENSMUSP00000065113
OG0005790	AAG19935	ENSMUSP00000097793
OG0005804	AAG18717	ENSMUSP00000096670
OG0005809	AAG19129, AAG20403	ENSMUSP00000136494
OG0005812	AAG19130	ENSMUSP00000026625
OG0005813	AAG19334	ENSMUSP00000030535
OG0005814	AAG20619	ENSMUSP00000055757
OG0006402	AAG19524	ENSMUSP00000043204
OG0006425	AAG20156	ENSMUSP00000117934, ENSMUSP00000105151, ENSMUSP00000050395, ENSMUSP00000020520
OG0006440	AAG20359	ENSMUSP00000101669
OG0006455	AAG18783	ENSMUSP00000088057
OG0006476	AAG20946	ENSMUSP00000111190, ENSMUSP00000056152
OG0006478	AAG18803	ENSMUSP00000036770
OG0006482	AAG20081	ENSMUSP00000032912
OG0006488	AAG19157	ENSMUSP00000080997
OG0006490	AAG20505	ENSMUSP00000027491
OG0006500	AAG20478	ENSMUSP00000033283
OG0006502	AAG20356	ENSMUSP00000021866
OG0006526	AAG19808	ENSMUSP00000026661
OG0006545	AAG19315	ENSMUSP00000020012
OG0006559	AAG19802	ENSMUSP00000104849
OG0006564	AAG19578, AAG19991	ENSMUSP00000040853
OG0006589	AAG19745	ENSMUSP00000077733
OG0006637	AAG20327, AAG19159	ENSMUSP00000080994
OG0006638	AAG19154	ENSMUSP00000080993
OG0006640	AAG18699	ENSMUSP00000153634, ENSMUSP00000113274
OG0006642	AAG18989	ENSMUSP00000126037, ENSMUSP00000080414
OG0006643	AAG19210	ENSMUSP00000119463, ENSMUSP00000000348, ENSMUSP00000121357
OG0006644	AAG19756, AAG19727	ENSMUSP00000022232
OG0007388	AAG19974	ENSMUSP00000044582
OG0007411	AAG20174	ENSMUSP00000095344
OG0007442	AAG18962	ENSMUSP00000097444
OG0007496	AAG20303	ENSMUSP00000025751, ENSMUSP00000113438
OG0007503	AAG19137	ENSMUSP00000080998
OG0007541	AAG20346	ENSMUSP00000143713, ENSMUSP00000000349
OG0007546	AAG20352	ENSMUSP00000020317
OG0007583	AAG18905	ENSMUSP00000122588, ENSMUSP00000053900
OG0007600	AAG20184	ENSMUSP00000118134, ENSMUSP00000059471, ENSMUSP00000108141
OG0007661	AAG19140	ENSMUSP00000080991
OG0007663	AAG19342	ENSMUSP00000144349, ENSMUSP00000143993, ENSMUSP00000079291, ENSMUSP00000110316, ENSMUSP00000143938
OG0008661	AAG20528	ENSMUSP00000033230
OG0008757	AAG18883	ENSMUSP00000039537, ENSMUSP00000047171
OG0008760	AAG20063	ENSMUSP00000122249, ENSMUSP00000006353
OG0008851	AAG20549	ENSMUSP00000047831
OG0008880	AAG20224	ENSMUSP00000068511
OG0008909	AAC82905, AAG19035	ENSMUSP00000003655
OG0008912	AAG18865	ENSMUSP00000119218, ENSMUSP00000122531, ENSMUSP00000025802
OG0008913	AAG18979	ENSMUSP00000030154
OG0008915	AAG20007	ENSMUSP00000156430, ENSMUSP00000093379
OG0008916	AAG20022	ENSMUSP00000036394
OG0008917	AAG20364	ENSMUSP00000025093, ENSMUSP00000157154
OG0008918	AAG20974	ENSMUSP00000071719
OG0010507	AAG18750	ENSMUSP00000132119, ENSMUSP00000131068, ENSMUSP00000129206, ENSMUSP00000022522
OG0010508	AAG20221, AAG18834	ENSMUSP00000051644, ENSMUSP00000152971
OG0010510	AAG19470	ENSMUSP00000118564, ENSMUSP00000034458
OG0012547	AAG18928	ENSMUSP00000019445
OG0012549	AAG19015	ENSMUSP00000146220, ENSMUSP00000047855
OG0012552	AAG19316	ENSMUSP00000124567, ENSMUSP00000124385, ENSMUSP00000125123, ENSMUSP00000123942
OG0012554	AAG19577	ENSMUSP00000040424, ENSMUSP00000127114
OG0012555	AAG19778	ENSMUSP00000008094
OG0015258	AAG19017, AAG19151	ENSMUSP00000130941
OG0015264	AAG19579	ENSMUSP00000016034
OG0015265	AAG19760	ENSMUSP00000001834
OG0025411	AAG19166	ENSMUSP00000156673
OG0025448	AAG19726	ENSMUSP00000063340
