Orthogroup	archaea	human
OG0000001	AAG19610	ENSP00000430431, ENSP00000421960, ENSP00000424112, ENSP00000427522, ENSP00000424779, ENSP00000408662, ENSP00000448189, ENSP00000479504, ENSP00000480030, ENSP00000319578, ENSP00000350698, ENSP00000247003, ENSP00000483119, ENSP00000360828, ENSP00000483495, ENSP00000482680, ENSP00000448477, ENSP00000447098, ENSP00000323858, ENSP00000304072, ENSP00000310723, ENSP00000330349, ENSP00000352308, ENSP00000390121, ENSP00000374574, ENSP00000463561, ENSP00000464050, ENSP00000496356, ENSP00000496052, ENSP00000494887, ENSP00000493795, ENSP00000336725, ENSP00000353284, ENSP00000493819, ENSP00000495377, ENSP00000496663, ENSP00000494952, ENSP00000382840, ENSP00000392494, ENSP00000486720, ENSP00000487224, ENSP00000494040, ENSP00000486516, ENSP00000478443, ENSP00000496222, ENSP00000487062, ENSP00000486514, ENSP00000486443, ENSP00000486306, ENSP00000493475, ENSP00000496524, ENSP00000494518, ENSP00000424838, ENSP00000423102, ENSP00000427167, ENSP00000425359, ENSP00000347087, ENSP00000334167, ENSP00000423123, ENSP00000346244, ENSP00000263239, ENSP00000415604, ENSP00000497432, ENSP00000314348, ENSP00000432032, ENSP00000361226, ENSP00000310539, ENSP00000479697, ENSP00000361232, ENSP00000387730
OG0000007	AAG18739, AAG19050	ENSP00000466058
OG0000007	AAG19977	ENSP00000472746, ENSP00000263278, ENSP00000469557, ENSP00000471631
OG0000012	AAG18971	ENSP00000368079, ENSP00000477567, ENSP00000269703, ENSP00000469866, ENSP00000448998, ENSP00000321821, ENSP00000481243, ENSP00000319859, ENSP00000384588, ENSP00000248041, ENSP00000221700, ENSP00000221307, ENSP00000011989, ENSP00000468105, ENSP00000466395, ENSP00000466988, ENSP00000482692, ENSP00000476972, ENSP00000360968, ENSP00000334246
OG0000015	AAG20308	ENSP00000464251, ENSP00000478754, ENSP00000433704, ENSP00000442266, ENSP00000460439, ENSP00000497661, ENSP00000497641, ENSP00000269349, ENSP00000462904, ENSP00000464066, ENSP00000463366, ENSP00000464550, ENSP00000462753, ENSP00000463486, ENSP00000462719, ENSP00000413529, ENSP00000326381, ENSP00000398370, ENSP00000293831, ENSP00000456574, ENSP00000456757, ENSP00000377267, ENSP00000460180, ENSP00000392639, ENSP00000348271, ENSP00000410243, ENSP00000288071, ENSP00000399208, ENSP00000455813, ENSP00000306117, ENSP00000490224, ENSP00000436087, ENSP00000263576, ENSP00000463333
OG0000022	AAG19016	ENSP00000334113, ENSP00000402741, ENSP00000391778
OG0000023	AAG19026	ENSP00000297185, ENSP00000496940, ENSP00000324173, ENSP00000378199, ENSP00000247207, ENSP00000432083, ENSP00000227378, ENSP00000433584, ENSP00000437125, ENSP00000364805, ENSP00000396486, ENSP00000409151, ENSP00000408347, ENSP00000372881, ENSP00000406359, ENSP00000403530, ENSP00000375399, ENSP00000375391, ENSP00000404524, ENSP00000408907, ENSP00000364801, ENSP00000442789, ENSP00000387691, ENSP00000402651, ENSP00000382915, ENSP00000393087, ENSP00000364802
OG0000036	AAG20220	ENSP00000419171, ENSP00000339787, ENSP00000262835, ENSP00000375918, ENSP00000350012, ENSP00000376796, ENSP00000348429, ENSP00000403647, ENSP00000346223, ENSP00000346680, ENSP00000397507, ENSP00000368546, ENSP00000415140, ENSP00000368542, ENSP00000442124, ENSP00000368548, ENSP00000296869, ENSP00000368566, ENSP00000349608, ENSP00000368557, ENSP00000413329, ENSP00000485264, ENSP00000407165, ENSP00000425098, ENSP00000425640, ENSP00000424935, ENSP00000422607, ENSP00000425006, ENSP00000281455, ENSP00000426244, ENSP00000426150
OG0000055	AAG19006, AAG19432	ENSP00000480713, ENSP00000361140, ENSP00000312606, ENSP00000397042, ENSP00000402374, ENSP00000389197, ENSP00000242375, ENSP00000401327, ENSP00000369927, ENSP00000474882, ENSP00000392694, ENSP00000370129, ENSP00000370254, ENSP00000369814, ENSP00000263126, ENSP00000352584, ENSP00000397009, ENSP00000389289, ENSP00000414399, ENSP00000285930
OG0000090	AAG19816, AAG20907, AAG19815	ENSP00000287766, ENSP00000494134, ENSP00000494346, ENSP00000494778, ENSP00000494191, ENSP00000493591, ENSP00000494997, ENSP00000495900, ENSP00000494136, ENSP00000496238, ENSP00000494893, ENSP00000494469, ENSP00000495751, ENSP00000496064, ENSP00000496171, ENSP00000496302, ENSP00000496348, ENSP00000496390, ENSP00000496619, ENSP00000496697, ENSP00000493813, ENSP00000496768, ENSP00000495375, ENSP00000494002, ENSP00000493746, ENSP00000494050, ENSP00000253122, ENSP00000454439, ENSP00000434364, ENSP00000428200, ENSP00000230671
OG0000094	AAG20564	ENSP00000222214, ENSP00000466845
OG0000094	AAG19245, AAG19172, AAG19785, AAG18933, AAG19565	ENSP00000417990, ENSP00000418397, ENSP00000479359, ENSP00000453821, ENSP00000452949, ENSP00000417256, ENSP00000233710, ENSP00000363884, ENSP00000281182, ENSP00000359878, ENSP00000359871, ENSP00000409612, ENSP00000442324
OG0000096	AAG20879, AAG19602, AAG18789	ENSP00000384278, ENSP00000372390, ENSP00000408727, ENSP00000430464, ENSP00000419140, ENSP00000004531.10, ENSP00000419873, ENSP00000381164, ENSP00000492016, ENSP00000370128, ENSP00000298085, ENSP00000363417, ENSP00000390092, ENSP00000231706
OG0000097	AAG19004	ENSP00000432031, ENSP00000482948, ENSP00000480811
OG0000097	AAG20605, AAG20610, AAG19699, AAG20909	ENSP00000480206
OG0000103	AAG19359	ENSP00000402787, ENSP00000427015, ENSP00000422435, ENSP00000265678, ENSP00000432281, ENSP00000487553, ENSP00000431651, ENSP00000487166, ENSP00000487349, ENSP00000435412, ENSP00000486031, ENSP00000363281, ENSP00000486881, ENSP00000363283, ENSP00000407655, ENSP00000368884, ENSP00000494131, ENSP00000494220, ENSP00000494967, ENSP00000493862, ENSP00000493487, ENSP00000494769, ENSP00000495776, ENSP00000496271, ENSP00000495974, ENSP00000495462, ENSP00000483896, ENSP00000262752
OG0000107	AAG19776, AAG20864, AAG19919	ENSP00000305494, ENSP00000436823, ENSP00000492775, ENSP00000274008, ENSP00000341362, ENSP00000417213, ENSP00000419420, ENSP00000417826, ENSP00000375747, ENSP00000281701, ENSP00000351777
OG0000107	AAG19908	ENSP00000244546, ENSP00000303511, ENSP00000394413, ENSP00000248633, ENSP00000410438, ENSP00000389594
OG0000109	AAG19418	ENSP00000259727, ENSP00000405743, ENSP00000495708, ENSP00000453299, ENSP00000493542, ENSP00000453355, ENSP00000493917, ENSP00000453537, ENSP00000392859, ENSP00000496234, ENSP00000494163, ENSP00000334409.10, ENSP00000480342, ENSP00000495863, ENSP00000496504, ENSP00000494224, ENSP00000495583, ENSP00000382369, ENSP00000347449, ENSP00000418592, ENSP00000419609, ENSP00000403502, ENSP00000418742, ENSP00000420756, ENSP00000265385, ENSP00000346219, ENSP00000345096, ENSP00000399400, ENSP00000496892, ENSP00000420803, ENSP00000420185, ENSP00000417296, ENSP00000486056, ENSP00000393525, ENSP00000321584, ENSP00000420469
OG0000110	AAG20333	ENSP00000414624, ENSP00000439129, ENSP00000268835, ENSP00000392536, ENSP00000461241, ENSP00000443967, ENSP00000481322, ENSP00000492583, ENSP00000424595, ENSP00000370043, ENSP00000361505, ENSP00000418911, ENSP00000381504, ENSP00000361512, ENSP00000361495, ENSP00000370038, ENSP00000419380, ENSP00000496286
OG0000126	AAG19243, AAG20575, AAG19267	ENSP00000377083, ENSP00000420293, ENSP00000258494, ENSP00000450353, ENSP00000261733, ENSP00000403349, ENSP00000366927, ENSP00000297785, ENSP00000332256, ENSP00000453600, ENSP00000438296, ENSP00000453408, ENSP00000249750, ENSP00000309623, ENSP00000346827, ENSP00000437161, ENSP00000356821, ENSP00000356819, ENSP00000325473, ENSP00000265605
OG0000129	AAG20682	ENSP00000436256, ENSP00000434533, ENSP00000356811, ENSP00000356800, ENSP00000389826, ENSP00000454538, ENSP00000456897, ENSP00000398131, ENSP00000408399, ENSP00000341247, ENSP00000454351, ENSP00000399539, ENSP00000456057, ENSP00000339053, ENSP00000330054, ENSP00000479609, ENSP00000339063, ENSP00000494971, ENSP00000348651, ENSP00000493767, ENSP00000479055, ENSP00000298049, ENSP00000217182
OG0000141	AAG19829	ENSP00000424603, ENSP00000353857, ENSP00000261514, ENSP00000425323, ENSP00000478336, ENSP00000424540, ENSP00000422678, ENSP00000370209, ENSP00000370213, ENSP00000405754, ENSP00000304257, ENSP00000495122, ENSP00000365256, ENSP00000365259, ENSP00000496632, ENSP00000365276, ENSP00000496353, ENSP00000365679, ENSP00000308367, ENSP00000262318, ENSP00000410907, ENSP00000372193
OG0000152	AAG19586	ENSP00000434037, ENSP00000362481, ENSP00000362477, ENSP00000433987, ENSP00000362471, ENSP00000402994, ENSP00000358924, ENSP00000351546, ENSP00000346155, ENSP00000361284, ENSP00000361285, ENSP00000361289, ENSP00000361282, ENSP00000432363, ENSP00000356853, ENSP00000476327, ENSP00000476692, ENSP00000494961
OG0000154	AAG19275, AAG19274, AAG19276	ENSP00000255409, ENSP00000358747, ENSP00000341828, ENSP00000391132, ENSP00000436946, ENSP00000338970, ENSP00000390476, ENSP00000433309, ENSP00000387671, ENSP00000358755, ENSP00000421617, ENSP00000255427, ENSP00000356198, ENSP00000423778
OG0000171	AAG20655	ENSP00000425416, ENSP00000424630, ENSP00000265512, ENSP00000486450, ENSP00000427525, ENSP00000423571, ENSP00000237653, ENSP00000378359, ENSP00000426187, ENSP00000378358, ENSP00000478545, ENSP00000478439, ENSP00000425998, ENSP00000486614, ENSP00000491622, ENSP00000306606, ENSP00000426083, ENSP00000209668, ENSP00000420269, ENSP00000420300, ENSP00000420613, ENSP00000209665, ENSP00000414254, ENSP00000427049, ENSP00000296412, ENSP00000421556, ENSP00000422119
OG0000189	AAG19042, AAG20171	ENSP00000433097, ENSP00000435141, ENSP00000433596, ENSP00000298852, ENSP00000481029, ENSP00000473652, ENSP00000463801, ENSP00000484998, ENSP00000401802, ENSP00000475721, ENSP00000445147, ENSP00000261303, ENSP00000487367, ENSP00000157812, ENSP00000485851, ENSP00000413869
OG0000199	AAG18731	ENSP00000436285, ENSP00000338615, ENSP00000410474, ENSP00000434630, ENSP00000357816, ENSP00000311825, ENSP00000481909, ENSP00000425053, ENSP00000426470, ENSP00000420983, ENSP00000424684, ENSP00000372411, ENSP00000422364, ENSP00000422148, ENSP00000290921
OG0000205	AAG19518	ENSP00000375632, ENSP00000480135, ENSP00000302896, ENSP00000480662, ENSP00000481553, ENSP00000481655, ENSP00000481764, ENSP00000481822, ENSP00000482338, ENSP00000482023, ENSP00000484394, ENSP00000482475, ENSP00000483179, ENSP00000482274, ENSP00000481194, ENSP00000479917, ENSP00000478449, ENSP00000375633, ENSP00000414314, ENSP00000480805, ENSP00000383937, ENSP00000391823, ENSP00000406159, ENSP00000479899, ENSP00000482953, ENSP00000483297, ENSP00000485771, ENSP00000486704, ENSP00000486047, ENSP00000485843, ENSP00000486233, ENSP00000486598, ENSP00000486703, ENSP00000486773, ENSP00000486181, ENSP00000487085
OG0000211	AAG19415, AAG19888	ENSP00000465785, ENSP00000418048, ENSP00000302719, ENSP00000367323, ENSP00000396167, ENSP00000318772, ENSP00000367332, ENSP00000473602, ENSP00000400285, ENSP00000374283, ENSP00000420755, ENSP00000420221, ENSP00000464860, ENSP00000367351, ENSP00000164247, ENSP00000367337, ENSP00000340824, ENSP00000418956, ENSP00000419952, ENSP00000374287, ENSP00000484368, ENSP00000374285, ENSP00000305858
OG0000219	AAG20941	ENSP00000493765, ENSP00000494025, ENSP00000496123, ENSP00000496093, ENSP00000495164, ENSP00000494669, ENSP00000379102, ENSP00000493945, ENSP00000496667, ENSP00000496375, ENSP00000495246, ENSP00000494258, ENSP00000494113, ENSP00000379099, ENSP00000278379, ENSP00000496587, ENSP00000406133, ENSP00000493924, ENSP00000476124, ENSP00000495188, ENSP00000495861, ENSP00000495538, ENSP00000496760, ENSP00000436029, ENSP00000495799, ENSP00000495277, ENSP00000494076, ENSP00000495126, ENSP00000494828, ENSP00000262352, ENSP00000360549, ENSP00000221742, ENSP00000265113
OG0000226	AAC82939, AAG20760, AAC82838, AAG21048, AAG20641	ENSP00000389906, ENSP00000409407, ENSP00000216185, ENSP00000385393, ENSP00000469160, ENSP00000363641, ENSP00000363639
OG0000258	AAG19885	ENSP00000491793, ENSP00000492638, ENSP00000492309, ENSP00000491724, ENSP00000492377, ENSP00000492733, ENSP00000492272, ENSP00000492393, ENSP00000491520, ENSP00000492067, ENSP00000372384, ENSP00000491152, ENSP00000491954, ENSP00000321070, ENSP00000492085, ENSP00000358719, ENSP00000315255, ENSP00000433636, ENSP00000376998, ENSP00000440246, ENSP00000431182
OG0000260	AAG20282	ENSP00000496205, ENSP00000466328, ENSP00000496421, ENSP00000308122, ENSP00000253856, ENSP00000376774, ENSP00000332247, ENSP00000443441, ENSP00000434407, ENSP00000265686, ENSP00000466878, ENSP00000443991, ENSP00000342951, ENSP00000377415, ENSP00000264649
OG0000285	AAG20602	ENSP00000485818, ENSP00000372860, ENSP00000316092, ENSP00000400867, ENSP00000449862, ENSP00000449382, ENSP00000447179, ENSP00000441000, ENSP00000446839, ENSP00000447141, ENSP00000448002, ENSP00000447763, ENSP00000447478, ENSP00000446608, ENSP00000449456, ENSP00000396754, ENSP00000373032, ENSP00000407805, ENSP00000389027, ENSP00000405843, ENSP00000405822, ENSP00000394771, ENSP00000416833, ENSP00000415679, ENSP00000390673, ENSP00000403359, ENSP00000211402, ENSP00000364815, ENSP00000401121, ENSP00000415316
OG0000288	AAG20073	ENSP00000408529, ENSP00000482665, ENSP00000359110, ENSP00000359111, ENSP00000217901, ENSP00000401862, ENSP00000402747, ENSP00000370223, ENSP00000482773, ENSP00000484922, ENSP00000370232, ENSP00000453084, ENSP00000299518, ENSP00000453222, ENSP00000453747, ENSP00000452754, ENSP00000453480
OG0000299	AAG20394	ENSP00000420404, ENSP00000419320, ENSP00000479768, ENSP00000055077
OG0000299	AAG20362	ENSP00000393636, ENSP00000443187, ENSP00000408295, ENSP00000376325, ENSP00000390340, ENSP00000445917, ENSP00000438252, ENSP00000413065, ENSP00000407982, ENSP00000415099, ENSP00000394870, ENSP00000411300, ENSP00000401429, ENSP00000296273, ENSP00000376272, ENSP00000399769, ENSP00000399314
OG0000310	AAG20870	ENSP00000410680, ENSP00000425035, ENSP00000393320, ENSP00000479488, ENSP00000484113, ENSP00000300408, ENSP00000422182, ENSP00000407828, ENSP00000426433, ENSP00000412856, ENSP00000439029, ENSP00000438068, ENSP00000438634, ENSP00000441662, ENSP00000440317, ENSP00000382362, ENSP00000441875, ENSP00000475382
OG0000320	AAG20642	ENSP00000461622, ENSP00000370464, ENSP00000459372, ENSP00000293800, ENSP00000406220, ENSP00000441935, ENSP00000392411, ENSP00000316202, ENSP00000441309, ENSP00000194130, ENSP00000297282, ENSP00000415852, ENSP00000361193, ENSP00000395095, ENSP00000397955, ENSP00000420177, ENSP00000394217, ENSP00000417784, ENSP00000290317, ENSP00000419621, ENSP00000279027, ENSP00000460037
OG0000360	AAG20262	ENSP00000438593, ENSP00000261192, ENSP00000440817, ENSP00000443459, ENSP00000339805, ENSP00000440827, ENSP00000481749, ENSP00000440973, ENSP00000470680, ENSP00000469139, ENSP00000470216, ENSP00000322991, ENSP00000385161, ENSP00000469651, ENSP00000472641
OG0000364	AAG19953	ENSP00000463658
OG0000364	AAG20547	ENSP00000216024, ENSP00000412703, ENSP00000391385, ENSP00000477737, ENSP00000410808, ENSP00000433924, ENSP00000372088, ENSP00000454176, ENSP00000431864, ENSP00000432759, ENSP00000406602, ENSP00000493712, ENSP00000267868
OG0000364	AAG19917	ENSP00000407282, ENSP00000482326, ENSP00000464056, ENSP00000336701, ENSP00000463121, ENSP00000401741
OG0000367	AAG20463	ENSP00000379385, ENSP00000497202, ENSP00000379386, ENSP00000229319, ENSP00000406172, ENSP00000445331, ENSP00000368722, ENSP00000395337, ENSP00000445175, ENSP00000379524, ENSP00000227157, ENSP00000280704, ENSP00000439555, ENSP00000437783, ENSP00000439060, ENSP00000443414, ENSP00000379516, ENSP00000280706, ENSP00000478764, ENSP00000302393
OG0000370	AAG20936	ENSP00000413068, ENSP00000437674, ENSP00000363963, ENSP00000442672, ENSP00000363965, ENSP00000363973, ENSP00000295453, ENSP00000375881, ENSP00000295463
OG0000379	AAG18974	ENSP00000414720, ENSP00000407715, ENSP00000393236, ENSP00000394779, ENSP00000412369, ENSP00000399966, ENSP00000387914, ENSP00000399302, ENSP00000407364, ENSP00000410530, ENSP00000383501, ENSP00000395065, ENSP00000352333, ENSP00000410954, ENSP00000396661, ENSP00000373108, ENSP00000405264, ENSP00000365978, ENSP00000365981, ENSP00000413265, ENSP00000383503, ENSP00000383500, ENSP00000397636, ENSP00000410127, ENSP00000416599, ENSP00000331111, ENSP00000391809, ENSP00000402198, ENSP00000405636, ENSP00000414110, ENSP00000395397, ENSP00000396922
OG0000383	AAG19526	ENSP00000431087, ENSP00000430636, ENSP00000324105, ENSP00000430055, ENSP00000495530, ENSP00000493526, ENSP00000234590, ENSP00000438873, ENSP00000437402, ENSP00000229277, ENSP00000438062, ENSP00000441490
OG0000387	AAG20042	ENSP00000334063, ENSP00000301522, ENSP00000389047, ENSP00000407034, ENSP00000262746, ENSP00000361152, ENSP00000298510, ENSP00000413736, ENSP00000368654, ENSP00000368635, ENSP00000368646, ENSP00000361150
OG0000388	AAG19540	ENSP00000372398, ENSP00000479681, ENSP00000219479, ENSP00000395605, ENSP00000405925, ENSP00000455435, ENSP00000219302, ENSP00000425581, ENSP00000426901, ENSP00000421064, ENSP00000376886, ENSP00000426976, ENSP00000365572, ENSP00000451932, ENSP00000376889, ENSP00000429318, ENSP00000412039, ENSP00000387682, ENSP00000376880, ENSP00000435498, ENSP00000428553, ENSP00000376892, ENSP00000013034, ENSP00000337060
OG0000422	AAG19322	ENSP00000355325, ENSP00000392693, ENSP00000408825, ENSP00000412618, ENSP00000364015, ENSP00000407539, ENSP00000414731, ENSP00000397057, ENSP00000372725, ENSP00000364016, ENSP00000404585, ENSP00000394155, ENSP00000402406, ENSP00000406797, ENSP00000414770, ENSP00000378748, ENSP00000404615, ENSP00000406913, ENSP00000410205, ENSP00000382538, ENSP00000394090, ENSP00000401868, ENSP00000396430, ENSP00000406878, ENSP00000372723
OG0000425	AAG19724	ENSP00000441650, ENSP00000494941, ENSP00000312274, ENSP00000481483, ENSP00000437623, ENSP00000440722, ENSP00000404903, ENSP00000496162, ENSP00000442620, ENSP00000445843, ENSP00000496008, ENSP00000494265, ENSP00000347324
OG0000428	AAG18866	ENSP00000341775, ENSP00000278795, ENSP00000307252, ENSP00000368773, ENSP00000407269, ENSP00000478305, ENSP00000344595, ENSP00000278060, ENSP00000349847
OG0000450	AAG19705	ENSP00000269159, ENSP00000408526, ENSP00000429735, ENSP00000430283, ENSP00000429322, ENSP00000430081, ENSP00000311803, ENSP00000429516, ENSP00000428425, ENSP00000428812, ENSP00000428594, ENSP00000256108
OG0000454	AAG20680	ENSP00000392754, ENSP00000401700, ENSP00000408764, ENSP00000436350, ENSP00000440058, ENSP00000367011, ENSP00000366997, ENSP00000321711, ENSP00000321583, ENSP00000415419, ENSP00000315569, ENSP00000374655, ENSP00000273009, ENSP00000386799
OG0000459	AAG20164	ENSP00000487931, ENSP00000467221, ENSP00000468201, ENSP00000468298, ENSP00000464797, ENSP00000488871, ENSP00000488409, ENSP00000496041, ENSP00000466191, ENSP00000488744, ENSP00000467590, ENSP00000488174, ENSP00000488465, ENSP00000466851, ENSP00000487801, ENSP00000495129, ENSP00000488493, ENSP00000487666, ENSP00000488850, ENSP00000488295, ENSP00000465858, ENSP00000405573, ENSP00000467670, ENSP00000493517, ENSP00000348877
OG0000478	AAG19709, AAG20522, AAG20550	ENSP00000457428, ENSP00000349265, ENSP00000457868, ENSP00000424307, ENSP00000425576, ENSP00000388063, ENSP00000322287, ENSP00000353332, ENSP00000359035, ENSP00000465207, ENSP00000464887, ENSP00000431229, ENSP00000375809, ENSP00000375805, ENSP00000465593, ENSP00000375808, ENSP00000466998
OG0000484	AAG20694	ENSP00000445721, ENSP00000448398, ENSP00000228347, ENSP00000491706, ENSP00000391096, ENSP00000391452, ENSP00000370625, ENSP00000312735
OG0000514	AAG19115, AAG19647	ENSP00000381225, ENSP00000479559, ENSP00000481719, ENSP00000485669, ENSP00000352643, ENSP00000381231, ENSP00000381234, ENSP00000344460, ENSP00000485527
OG0000517	AAG18918	ENSP00000381773, ENSP00000349705, ENSP00000416451, ENSP00000408282, ENSP00000397221, ENSP00000402622, ENSP00000392480, ENSP00000390977, ENSP00000442336, ENSP00000491689, ENSP00000492229, ENSP00000321636, ENSP00000462790, ENSP00000491260, ENSP00000491577, ENSP00000466641
OG0000521	AAG19368	ENSP00000487926, ENSP00000463083, ENSP00000495494, ENSP00000464302, ENSP00000494259, ENSP00000496463, ENSP00000463467, ENSP00000488364, ENSP00000488593, ENSP00000488068, ENSP00000488858, ENSP00000488656, ENSP00000462332, ENSP00000495634, ENSP00000488585, ENSP00000463822, ENSP00000494786, ENSP00000488612, ENSP00000445829, ENSP00000496413, ENSP00000494287, ENSP00000255559, ENSP00000496640, ENSP00000464525, ENSP00000494754, ENSP00000462200, ENSP00000463462, ENSP00000495149
OG0000550	AAG18976, AAG19656	ENSP00000351125, ENSP00000439264, ENSP00000441962, ENSP00000360577, ENSP00000364883, ENSP00000307334, ENSP00000439906, ENSP00000446190, ENSP00000360575, ENSP00000357535
OG0000556	AAG18777	ENSP00000386623, ENSP00000363959, ENSP00000480632, ENSP00000410082, ENSP00000343888, ENSP00000391136, ENSP00000411151, ENSP00000371758
OG0000559	AAG20436	ENSP00000445599, ENSP00000486721, ENSP00000442079, ENSP00000486081, ENSP00000486071, ENSP00000438726, ENSP00000486122, ENSP00000487456, ENSP00000486199, ENSP00000440092, ENSP00000443058, ENSP00000486658, ENSP00000486742, ENSP00000438424, ENSP00000487285, ENSP00000445429, ENSP00000278715, ENSP00000486176, ENSP00000486979, ENSP00000392041, ENSP00000496970, ENSP00000498066, ENSP00000497255, ENSP00000444730, ENSP00000497689, ENSP00000376584
OG0000560	AAG18899	ENSP00000356587, ENSP00000356588, ENSP00000401989, ENSP00000368952, ENSP00000286713, ENSP00000339607, ENSP00000445764
OG0000593	AAG18954, AAG20574	ENSP00000411233, ENSP00000481275, ENSP00000435772, ENSP00000436743, ENSP00000432777, ENSP00000413493, ENSP00000444672, ENSP00000464436, ENSP00000404886, ENSP00000481821, ENSP00000400548, ENSP00000445001, ENSP00000480957, ENSP00000392848, ENSP00000238112, ENSP00000418957, ENSP00000419744
OG0000595	AAG19994	ENSP00000451549, ENSP00000377256, ENSP00000451271, ENSP00000339663, ENSP00000238561, ENSP00000310547, ENSP00000494807
OG0000597	AAG20002	ENSP00000353104, ENSP00000236342, ENSP00000434984, ENSP00000434219, ENSP00000397584, ENSP00000393961, ENSP00000399177, ENSP00000363300, ENSP00000405604, ENSP00000436119, ENSP00000403529, ENSP00000433491, ENSP00000431407, ENSP00000433976, ENSP00000436764, ENSP00000434185
OG0000600	AAG18902	ENSP00000403365, ENSP00000373745, ENSP00000456100, ENSP00000455736, ENSP00000456970, ENSP00000457253, ENSP00000455901, ENSP00000320171, ENSP00000334983, ENSP00000459921, ENSP00000339933, ENSP00000461487, ENSP00000376214
OG0000628	AAG19273	ENSP00000363444, ENSP00000395965, ENSP00000435665, ENSP00000440281, ENSP00000385763, ENSP00000311572, ENSP00000450824, ENSP00000451484, ENSP00000450975, ENSP00000267568, ENSP00000452280
OG0000630	AAG20038	ENSP00000401264, ENSP00000369590, ENSP00000352222, ENSP00000497714, ENSP00000497446, ENSP00000497762, ENSP00000496963, ENSP00000496792, ENSP00000361699, ENSP00000497602, ENSP00000497744, ENSP00000361704, ENSP00000497698
OG0000631	AAG19619	ENSP00000452636, ENSP00000452615, ENSP00000453468, ENSP00000452883, ENSP00000453633, ENSP00000453396, ENSP00000453856, ENSP00000453743, ENSP00000376477, ENSP00000216554
OG0000634	AAG20357, AAG19983	ENSP00000372222, ENSP00000368912, ENSP00000354722, ENSP00000368927
OG0000644	AAG20032	ENSP00000339399, ENSP00000359909, ENSP00000399805, ENSP00000359908, ENSP00000359907, ENSP00000404289, ENSP00000389620, ENSP00000384414, ENSP00000337834, ENSP00000238721
OG0000645	AAG18802, AAG20566, AAG19823	ENSP00000493810, ENSP00000493928, ENSP00000495667, ENSP00000495432, ENSP00000493536, ENSP00000262878, ENSP00000494354, ENSP00000495381, ENSP00000494520, ENSP00000494436, ENSP00000495645, ENSP00000495737, ENSP00000494979, ENSP00000496474, ENSP00000494271, ENSP00000494823, ENSP00000494313, ENSP00000495448, ENSP00000496075
OG0000646	AAG19963	ENSP00000371230, ENSP00000482308, ENSP00000352948, ENSP00000413933, ENSP00000378743, ENSP00000322175, ENSP00000445912, ENSP00000447082, ENSP00000449003, ENSP00000362548, ENSP00000346921, ENSP00000446849
OG0000669	AAG19819	ENSP00000486373, ENSP00000434192
OG0000674	AAG19551	ENSP00000388126, ENSP00000264279, ENSP00000388497, ENSP00000370589, ENSP00000434317, ENSP00000403199
OG0000679	AAG18830	ENSP00000305919, ENSP00000412676, ENSP00000498033, ENSP00000357980, ENSP00000371952, ENSP00000303766, ENSP00000258080, ENSP00000399166, ENSP00000312893
OG0000708	AAG18884	ENSP00000467808, ENSP00000468083, ENSP00000445426, ENSP00000415983, ENSP00000285737, ENSP00000455297, ENSP00000455633, ENSP00000465139, ENSP00000441523, ENSP00000468379, ENSP00000465585, ENSP00000468541, ENSP00000353826
OG0000718	AAG19941	ENSP00000462508, ENSP00000481587, ENSP00000461910, ENSP00000480215, ENSP00000464586, ENSP00000352143, ENSP00000463379, ENSP00000481145, ENSP00000463885, ENSP00000462203, ENSP00000463842, ENSP00000462944, ENSP00000463490, ENSP00000462023, ENSP00000463338, ENSP00000482577, ENSP00000462385, ENSP00000480555
OG0000723	AAG20145	ENSP00000418001, ENSP00000401720, ENSP00000368226, ENSP00000489687, ENSP00000368229, ENSP00000368228, ENSP00000351706
OG0000729	AAG20371	ENSP00000420459, ENSP00000419346, ENSP00000420801, ENSP00000315931, ENSP00000413639, ENSP00000377238, ENSP00000352092, ENSP00000358814, ENSP00000442820, ENSP00000217426
OG0000733	AAG19811	ENSP00000431568, ENSP00000437166, ENSP00000436597, ENSP00000431292, ENSP00000434985, ENSP00000436430, ENSP00000436469, ENSP00000431264, ENSP00000432528, ENSP00000437093, ENSP00000432330, ENSP00000361187, ENSP00000361182, ENSP00000347685, ENSP00000361176, ENSP00000407590, ENSP00000346354, ENSP00000408176, ENSP00000361170, ENSP00000433130, ENSP00000409718, ENSP00000403655, ENSP00000435889, ENSP00000410263, ENSP00000433843
OG0000734	AAG18792	ENSP00000483260, ENSP00000346867, ENSP00000416692, ENSP00000309334, ENSP00000388529, ENSP00000493759, ENSP00000390193, ENSP00000411176, ENSP00000405590, ENSP00000495696, ENSP00000495694, ENSP00000387925
OG0000736	AAG19127	ENSP00000420994, ENSP00000343657, ENSP00000425474
OG0000736	AAG19817	ENSP00000417253, ENSP00000420391, ENSP00000420639, ENSP00000418307, ENSP00000419129, ENSP00000419027, ENSP00000420158, ENSP00000251654, ENSP00000419263, ENSP00000419563, ENSP00000419293, ENSP00000418020, ENSP00000420759, ENSP00000417937, ENSP00000417549
OG0000739	AAG20873	ENSP00000350928, ENSP00000498009, ENSP00000259271, ENSP00000365437, ENSP00000410648, ENSP00000415485, ENSP00000369179, ENSP00000267085, ENSP00000369175, ENSP00000427059, ENSP00000282538
OG0000766	AAG19870	ENSP00000490465, ENSP00000399943, ENSP00000489969, ENSP00000490251, ENSP00000489856, ENSP00000273588, ENSP00000378747, ENSP00000489620, ENSP00000489760, ENSP00000415619, ENSP00000490324, ENSP00000490871, ENSP00000489628, ENSP00000403821, ENSP00000490601, ENSP00000443200, ENSP00000490106, ENSP00000489758
OG0000766	AAG20673	ENSP00000490160, ENSP00000490482, ENSP00000388068, ENSP00000490153
OG0000769	AAG19091, AAG20093	ENSP00000341679, ENSP00000344340, ENSP00000367890, ENSP00000339727, ENSP00000462999
OG0000786	AAG18721	ENSP00000418461, ENSP00000420804, ENSP00000417112, ENSP00000417448, ENSP00000356348, ENSP00000420813, ENSP00000438247, ENSP00000497235, ENSP00000356350, ENSP00000497225, ENSP00000356354, ENSP00000418881
OG0000841	AAG19034	ENSP00000412402, ENSP00000392354, ENSP00000390377, ENSP00000399415, ENSP00000302227, ENSP00000317342, ENSP00000260508, ENSP00000359522
OG0000842	AAG19025	ENSP00000393970, ENSP00000347445, ENSP00000479815, ENSP00000262375, ENSP00000477570, ENSP00000459088, ENSP00000487896, ENSP00000488175, ENSP00000460358, ENSP00000488665, ENSP00000458868, ENSP00000480419, ENSP00000459098
OG0000845	AAG20621	ENSP00000422022, ENSP00000286794, ENSP00000359032, ENSP00000377315, ENSP00000359028, ENSP00000413668, ENSP00000359026, ENSP00000417763
OG0000887	AAG19732	ENSP00000318868, ENSP00000318805, ENSP00000413770, ENSP00000452419, ENSP00000406881, ENSP00000333667, ENSP00000452315
OG0000893	AAG19800	ENSP00000463594, ENSP00000463321, ENSP00000464358, ENSP00000477093, ENSP00000477044, ENSP00000406192, ENSP00000463740, ENSP00000379291, ENSP00000405223, ENSP00000337445, ENSP00000477482
OG0000893	AAG20361	ENSP00000467389, ENSP00000465737, ENSP00000464770, ENSP00000269466
OG0000896	AAG19826	ENSP00000495674, ENSP00000415091, ENSP00000489542, ENSP00000392771, ENSP00000493977, ENSP00000495664, ENSP00000494360, ENSP00000367923, ENSP00000494987, ENSP00000307432
OG0000903	AAG19947	ENSP00000462249, ENSP00000462322, ENSP00000293842, ENSP00000463470, ENSP00000498177, ENSP00000463784, ENSP00000430147, ENSP00000428177, ENSP00000265100, ENSP00000428223, ENSP00000430673, ENSP00000464239, ENSP00000463847, ENSP00000463910, ENSP00000464143
OG0000957	AAG19534	ENSP00000489223, ENSP00000489214, ENSP00000489462, ENSP00000396326, ENSP00000489011, ENSP00000490664, ENSP00000307567, ENSP00000390015, ENSP00000489118, ENSP00000489828, ENSP00000489384
OG0000967	AAG19631	ENSP00000397744, ENSP00000392261
OG0000971	AAG20872	ENSP00000310978, ENSP00000377128, ENSP00000392269, ENSP00000296486, ENSP00000427065, ENSP00000423240, ENSP00000479154, ENSP00000422799, ENSP00000231420
OG0000973	AAG19499	ENSP00000339027, ENSP00000449328, ENSP00000447311, ENSP00000449205, ENSP00000366471, ENSP00000448223, ENSP00000450019, ENSP00000450121, ENSP00000449765, ENSP00000450222, ENSP00000448639, ENSP00000376299, ENSP00000448046, ENSP00000449854, ENSP00000446777
OG0000981	AAG19173	ENSP00000435900, ENSP00000431852, ENSP00000480828, ENSP00000496723, ENSP00000495060, ENSP00000220584, ENSP00000390367, ENSP00000481481, ENSP00000436069, ENSP00000431649, ENSP00000431749, ENSP00000432331, ENSP00000444248, ENSP00000485229, ENSP00000484122, ENSP00000495395, ENSP00000496623, ENSP00000491537, ENSP00000434714
OG0000985	AAG19626	ENSP00000478505, ENSP00000357216, ENSP00000357217, ENSP00000357218, ENSP00000398520, ENSP00000426964, ENSP00000463919, ENSP00000493302, ENSP00000493348, ENSP00000225573, ENSP00000399960, ENSP00000463972
OG0001032	AAG20485, AAG20484	ENSP00000384812, ENSP00000380402, ENSP00000342333, ENSP00000383950, ENSP00000411719, ENSP00000486251, ENSP00000385062, ENSP00000400764, ENSP00000249042, ENSP00000385828, ENSP00000478739
OG0001035	AAG20942	ENSP00000405416
OG0001035	AAG20027	ENSP00000406136, ENSP00000402608, ENSP00000233072
OG0001040	AAG19956	ENSP00000341885, ENSP00000436227, ENSP00000436865, ENSP00000460860, ENSP00000433170, ENSP00000433034, ENSP00000436356
OG0001044	AAG20043	ENSP00000358060, ENSP00000475847, ENSP00000424387, ENSP00000387710, ENSP00000265112, ENSP00000478827, ENSP00000439899, ENSP00000338093, ENSP00000452740
OG0001046	AAG20598	ENSP00000480017, ENSP00000401508, ENSP00000390949, ENSP00000488794, ENSP00000487892, ENSP00000478911, ENSP00000488704, ENSP00000341136, ENSP00000405670, ENSP00000488253, ENSP00000437102, ENSP00000487629, ENSP00000433245
OG0001053	AAG19670, AAG19564	ENSP00000442920, ENSP00000441362, ENSP00000439191, ENSP00000445015, ENSP00000356022, ENSP00000356021, ENSP00000337127, ENSP00000384196, ENSP00000404804, ENSP00000446252
OG0001055	AAG19516	ENSP00000454815, ENSP00000262302, ENSP00000281081, ENSP00000449918, ENSP00000447316, ENSP00000447618, ENSP00000446511, ENSP00000447658, ENSP00000447234
OG0001057	AAG18698	ENSP00000490483, ENSP00000489491, ENSP00000488970, ENSP00000489207, ENSP00000489205, ENSP00000489928, ENSP00000442653, ENSP00000489528, ENSP00000490545, ENSP00000489083, ENSP00000489540, ENSP00000369820
OG0001059	AAG19366	ENSP00000419157, ENSP00000419189, ENSP00000377696, ENSP00000356987, ENSP00000356988, ENSP00000376028, ENSP00000356986
OG0001063	AAG19020, AAG19414	ENSP00000261206, ENSP00000449535, ENSP00000439304, ENSP00000388793, ENSP00000365916, ENSP00000316924, ENSP00000353804, ENSP00000253382
OG0001067	AAG20377	ENSP00000452099, ENSP00000333519, ENSP00000482967, ENSP00000432464, ENSP00000376948, ENSP00000433302, ENSP00000431840, ENSP00000389966, ENSP00000341550
OG0001103	AAG19940	ENSP00000467676, ENSP00000474543, ENSP00000466366, ENSP00000474970, ENSP00000474433, ENSP00000473953, ENSP00000466010, ENSP00000475096, ENSP00000465055, ENSP00000467855, ENSP00000467466
OG0001106	AAG19951	ENSP00000458115, ENSP00000460618, ENSP00000457000, ENSP00000458528, ENSP00000318646
OG0001110	AAG19650, AAG19319	ENSP00000371236, ENSP00000371253, ENSP00000371261, ENSP00000413040, ENSP00000398631, ENSP00000409771, ENSP00000390003, ENSP00000354388
OG0001120	AAG19959	ENSP00000404959, ENSP00000368339, ENSP00000436294, ENSP00000368302, ENSP00000302048, ENSP00000436749, ENSP00000298428, ENSP00000418493, ENSP00000243253, ENSP00000368319, ENSP00000411445, ENSP00000402124, ENSP00000368306
OG0001125	AAG20034	ENSP00000456910, ENSP00000454593, ENSP00000458104, ENSP00000480673, ENSP00000455262, ENSP00000457794, ENSP00000455208, ENSP00000489295, ENSP00000354152, ENSP00000438761, ENSP00000444003, ENSP00000370612, ENSP00000454807, ENSP00000456652, ENSP00000455940
OG0001126	AAG19748	ENSP00000475569, ENSP00000313432
OG0001134	AAG19494	ENSP00000257347, ENSP00000443027, ENSP00000488657, ENSP00000380300, ENSP00000488062, ENSP00000432619, ENSP00000278224, ENSP00000487923, ENSP00000369897, ENSP00000482336
OG0001135	AAG19246	ENSP00000461814, ENSP00000436562, ENSP00000458805, ENSP00000458727, ENSP00000459836, ENSP00000459044, ENSP00000442050, ENSP00000439245, ENSP00000458931, ENSP00000460767, ENSP00000331719, ENSP00000458330, ENSP00000461190, ENSP00000458472
OG0001137	AAG19071	ENSP00000331019, ENSP00000453764, ENSP00000405300, ENSP00000489261, ENSP00000412026, ENSP00000357555, ENSP00000402423
OG0001138	AAG20178	ENSP00000471621, ENSP00000221975, ENSP00000470004, ENSP00000470972, ENSP00000469228
OG0001206	AAG18728	ENSP00000358832, ENSP00000413436, ENSP00000479103, ENSP00000385621, ENSP00000341730, ENSP00000298283, ENSP00000388600, ENSP00000406125, ENSP00000395025
OG0001210	AAG19517	ENSP00000211372, ENSP00000393241, ENSP00000403175, ENSP00000416110, ENSP00000412583, ENSP00000432580, ENSP00000437050, ENSP00000431986, ENSP00000434837, ENSP00000434786, ENSP00000431721
OG0001215	AAG20442, AAG20663	ENSP00000417693, ENSP00000415102, ENSP00000418598, ENSP00000377842, ENSP00000418882, ENSP00000306965, ENSP00000387219
OG0001226	AAG19521	ENSP00000448899, ENSP00000449610, ENSP00000084795, ENSP00000449204, ENSP00000446634, ENSP00000447001, ENSP00000470988
OG0001231	AAG20244	ENSP00000460581, ENSP00000461589, ENSP00000458814, ENSP00000461482, ENSP00000461125, ENSP00000339435, ENSP00000476682, ENSP00000461343
OG0001310	AAG20216	ENSP00000356015, ENSP00000285093, ENSP00000466015, ENSP00000333664, ENSP00000398172
OG0001311	AAG20686	ENSP00000307940, ENSP00000385873, ENSP00000465058, ENSP00000392094, ENSP00000467805
OG0001314	AAG18756	ENSP00000397697, ENSP00000365804, ENSP00000402189, ENSP00000496046, ENSP00000496013, ENSP00000334061, ENSP00000494503
OG0001328	AAG19869	ENSP00000455287, ENSP00000492187, ENSP00000492056, ENSP00000455579, ENSP00000457630, ENSP00000492798, ENSP00000491127, ENSP00000492599, ENSP00000455019, ENSP00000491484, ENSP00000491651, ENSP00000457645, ENSP00000319531, ENSP00000492163
OG0001329	AAG19952	ENSP00000425250, ENSP00000494836, ENSP00000346022, ENSP00000400467, ENSP00000494697, ENSP00000422191, ENSP00000421872
OG0001330	AAG19087	ENSP00000455499, ENSP00000457490, ENSP00000455691, ENSP00000456665, ENSP00000456353, ENSP00000343190
OG0001333	AAG20503	ENSP00000453930, ENSP00000452697, ENSP00000452684, ENSP00000453997, ENSP00000454193, ENSP00000413121, ENSP00000452932, ENSP00000268220, ENSP00000465281, ENSP00000482872, ENSP00000468633
OG0001339	AAG18706, AAG18701, AAG18703, AAG18710	ENSP00000387019, ENSP00000399316, ENSP00000283148, ENSP00000387096, ENSP00000404468, ENSP00000403612, ENSP00000416656
OG0001341	AAG19942	ENSP00000435566, ENSP00000436556, ENSP00000416745, ENSP00000433421, ENSP00000278572, ENSP00000433821, ENSP00000436971, ENSP00000434643, ENSP00000433155, ENSP00000437105, ENSP00000431737, ENSP00000436335
OG0001345	AAG19253	ENSP00000421277, ENSP00000425978, ENSP00000421776, ENSP00000425024, ENSP00000421457, ENSP00000423953, ENSP00000426466, ENSP00000424547, ENSP00000421770, ENSP00000426282, ENSP00000346050, ENSP00000425508, ENSP00000422994
OG0001348	AAG19447	ENSP00000405148, ENSP00000390528, ENSP00000233379, ENSP00000406424, ENSP00000410470, ENSP00000272610, ENSP00000372112, ENSP00000482534, ENSP00000372114, ENSP00000398053
OG0001350	AAG20477	ENSP00000496624, ENSP00000251810, ENSP00000428115, ENSP00000484318, ENSP00000379248, ENSP00000484183, ENSP00000353770, ENSP00000302955, ENSP00000493399, ENSP00000419177, ENSP00000493425
OG0001358	AAG18931, AAG19234	ENSP00000357417, ENSP00000292180, ENSP00000357418, ENSP00000357416, ENSP00000317296.10, ENSP00000357413, ENSP00000295530
OG0001362	AAG20240, AAG20351	ENSP00000441847, ENSP00000437824, ENSP00000442058, ENSP00000398044, ENSP00000423052, ENSP00000431543, ENSP00000357242, ENSP00000295688
OG0001367	AAG18975, AAG20506	ENSP00000428001, ENSP00000371021, ENSP00000413361, ENSP00000429664, ENSP00000265808, ENSP00000276373, ENSP00000387549, ENSP00000363229, ENSP00000496339, ENSP00000298472, ENSP00000428999
OG0001422	AAG19946	ENSP00000463894, ENSP00000463014, ENSP00000377865, ENSP00000420311, ENSP00000462773, ENSP00000377866, ENSP00000367336
OG0001428	AAG19323	ENSP00000472085, ENSP00000441531, ENSP00000471380, ENSP00000471836, ENSP00000483027, ENSP00000263274, ENSP00000442841, ENSP00000471861, ENSP00000469638, ENSP00000445928
OG0001441	AAG20391	ENSP00000360124, ENSP00000443449, ENSP00000360125, ENSP00000497812, ENSP00000394864, ENSP00000379674, ENSP00000379678
OG0001448	AAG19158	ENSP00000479939, ENSP00000382071, ENSP00000338387, ENSP00000396443, ENSP00000392923, ENSP00000396370
OG0001454	AAG20016	ENSP00000473297, ENSP00000383042, ENSP00000349049, ENSP00000473294, ENSP00000442670
OG0001463	AAG19519	ENSP00000385425, ENSP00000311028, ENSP00000429856, ENSP00000496665, ENSP00000428509, ENSP00000385958
OG0001464	AAG19733	ENSP00000386536, ENSP00000386542, ENSP00000377617, ENSP00000387614, ENSP00000409391, ENSP00000391327, ENSP00000405692, ENSP00000352012, ENSP00000321984, ENSP00000379108
OG0001465	AAG19459, AAG18686, AAG18702, AAG18947, AAG18650	ENSP00000418565, ENSP00000311130, ENSP00000309092
OG0001467	AAG19313, AAG18894, AAG19212, AAG20975, AAG18850, AAG21002, AAG20319	ENSP00000359531, ENSP00000402345, ENSP00000415741
OG0001473	AAG19202	ENSP00000360146, ENSP00000360147, ENSP00000358697, ENSP00000324011, ENSP00000421566, ENSP00000385388, ENSP00000410318
OG0001476	AAG19522	ENSP00000470037, ENSP00000477755, ENSP00000375730
OG0001480	AAG18781, AAG18788	ENSP00000442697, ENSP00000496441, ENSP00000384199, ENSP00000495455, ENSP00000495543, ENSP00000496351, ENSP00000411482, ENSP00000233146
OG0001481	AAG18649	ENSP00000349860, ENSP00000354347, ENSP00000253778
OG0001486	AAG19311	ENSP00000394242, ENSP00000400422, ENSP00000401651, ENSP00000377846, ENSP00000377845, ENSP00000175506, ENSP00000414901, ENSP00000406994, ENSP00000408472, ENSP00000414379
OG0001493	AAG19552	ENSP00000473383, ENSP00000486271, ENSP00000472419, ENSP00000485785, ENSP00000469249, ENSP00000472726, ENSP00000487170, ENSP00000471867, ENSP00000486882, ENSP00000471350, ENSP00000487026, ENSP00000221801, ENSP00000487390
OG0001494	AAG18927	ENSP00000461376, ENSP00000458361, ENSP00000458391, ENSP00000460685, ENSP00000461577, ENSP00000458185, ENSP00000430639, ENSP00000430509, ENSP00000428283, ENSP00000317810, ENSP00000431036, ENSP00000429190, ENSP00000461563, ENSP00000459127, ENSP00000461060
OG0001591	AAG19304	ENSP00000467468, ENSP00000466867, ENSP00000322775, ENSP00000262316, ENSP00000406397
OG0001595	AAG19622	ENSP00000390337, ENSP00000402713, ENSP00000305584, ENSP00000345520, ENSP00000403598, ENSP00000305527, ENSP00000342851, ENSP00000344899, ENSP00000303132, ENSP00000306561, ENSP00000373337, ENSP00000399810, ENSP00000393726
OG0001604	AAG19429	ENSP00000426853, ENSP00000241436, ENSP00000423532, ENSP00000425075, ENSP00000424174, ENSP00000421997, ENSP00000422094, ENSP00000423526
OG0001607	AAG20627	ENSP00000468964
OG0001607	AAG18986, AAC82950, AAG21058, AAG20750, AAC82827, AAG21053, AAC82944, AAC82833, AAG20755	ENSP00000469219, ENSP00000469652
OG0001617	AAG18729, AAG20044	ENSP00000279550, ENSP00000228251, ENSP00000485718, ENSP00000389639, ENSP00000361626, ENSP00000405937, ENSP00000007699, ENSP00000459587
OG0001625	AAG20688	ENSP00000471185, ENSP00000196551, ENSP00000471388, ENSP00000470660, ENSP00000470114, ENSP00000472985
OG0001632	AAG20146, AAG19473	ENSP00000440892, ENSP00000386425, ENSP00000386626, ENSP00000386484, ENSP00000409708, ENSP00000308610
OG0001715	AAG20104	ENSP00000376107, ENSP00000386893, ENSP00000401196, ENSP00000362803
OG0001718	AAG18908, AAG21016	ENSP00000476261, ENSP00000351619, ENSP00000308466, ENSP00000338041, ENSP00000476306
OG0001722	AAG19595	ENSP00000349658, ENSP00000476869, ENSP00000391890, ENSP00000244137, ENSP00000380226
OG0001734	AAG19277	ENSP00000391225, ENSP00000260318, ENSP00000376812, ENSP00000397673, ENSP00000415885, ENSP00000374219
OG0001737	AAG19177	ENSP00000411619, ENSP00000408025, ENSP00000498145, ENSP00000364475, ENSP00000364486
OG0001743	AAG20193	ENSP00000431515, ENSP00000435570, ENSP00000433612, ENSP00000431820, ENSP00000437172, ENSP00000326424, ENSP00000433472, ENSP00000432129, ENSP00000437220
OG0001744	AAG20365	ENSP00000247219, ENSP00000404905, ENSP00000442132, ENSP00000230354, ENSP00000375942, ENSP00000484118, ENSP00000451597
OG0001746	AAG19584	ENSP00000305995, ENSP00000362413, ENSP00000496140
OG0001759	AAG20235	ENSP00000465370, ENSP00000350352, ENSP00000221504, ENSP00000416149, ENSP00000466967
OG0001766	AAG19228, AAG20861	ENSP00000403763, ENSP00000392050, ENSP00000390021, ENSP00000413393, ENSP00000272542, ENSP00000340465, ENSP00000429712, ENSP00000429754
OG0001773	AAG20273	ENSP00000450834, ENSP00000452192, ENSP00000452029, ENSP00000216442, ENSP00000451564, ENSP00000450841, ENSP00000450885, ENSP00000451167, ENSP00000451031, ENSP00000451422, ENSP00000452492
OG0001776	AAG20543	ENSP00000466461, ENSP00000221566, ENSP00000468443, ENSP00000370395, ENSP00000421447, ENSP00000466114
OG0001783	AAG20692	ENSP00000494137, ENSP00000494840, ENSP00000461879, ENSP00000361446, ENSP00000473389
OG0001870	AAG19763	ENSP00000311027, ENSP00000381603, ENSP00000335636
OG0001880	AAG20270	ENSP00000461082, ENSP00000422203, ENSP00000421288, ENSP00000353741
OG0001886	AAG20276	ENSP00000276390, ENSP00000407840, ENSP00000430866, ENSP00000446489, ENSP00000388353, ENSP00000408361, ENSP00000234396
OG0001892	AAG19077	ENSP00000455692, ENSP00000455749, ENSP00000397007, ENSP00000456012, ENSP00000367615
OG0001897	AAG19970	ENSP00000416442, ENSP00000355880, ENSP00000435450, ENSP00000352266, ENSP00000355877, ENSP00000385327, ENSP00000409634, ENSP00000434522
OG0001900	AAG19482	ENSP00000266971, ENSP00000450264, ENSP00000377668, ENSP00000377674, ENSP00000450245, ENSP00000449872, ENSP00000450049, ENSP00000449443, ENSP00000348440, ENSP00000448637
OG0001908	AAG19131, AAG18779, AAG19574	ENSP00000277865, ENSP00000327589
OG0001918	AAG19651	ENSP00000426514, ENSP00000264932, ENSP00000484230, ENSP00000427703
OG0001930	AAG20546	ENSP00000376554, ENSP00000411108, ENSP00000445598, ENSP00000446606, ENSP00000443272, ENSP00000310623
OG0001931	AAG20307	ENSP00000420907, ENSP00000419973, ENSP00000264990, ENSP00000423796, ENSP00000449097, ENSP00000325137, ENSP00000446959, ENSP00000389813
OG0001937	AAG18671	ENSP00000434805, ENSP00000435306, ENSP00000442962, ENSP00000497655, ENSP00000349053, ENSP00000340466, ENSP00000326227
OG0001947	AAG19966	ENSP00000400542, ENSP00000407325, ENSP00000395693, ENSP00000358563, ENSP00000478387, ENSP00000407253
OG0001950	AAG19537	ENSP00000497306, ENSP00000497330, ENSP00000497535, ENSP00000497047, ENSP00000498157, ENSP00000383989, ENSP00000215956, ENSP00000347401, ENSP00000383949, ENSP00000497142
OG0001951	AAG20620	ENSP00000216254, ENSP00000379769
OG0001955	AAG20381	ENSP00000498090, ENSP00000242257, ENSP00000384423, ENSP00000392343, ENSP00000326948, ENSP00000380103, ENSP00000019019
OG0001956	AAG20518	ENSP00000378740, ENSP00000307188, ENSP00000370219, ENSP00000378741, ENSP00000354710
OG0001961	AAG19883	ENSP00000422740, ENSP00000491208, ENSP00000422129, ENSP00000424713, ENSP00000261424, ENSP00000371321, ENSP00000422475
OG0001963	AAG19725	ENSP00000494012, ENSP00000496684, ENSP00000494116, ENSP00000494526, ENSP00000494889, ENSP00000494545, ENSP00000408901, ENSP00000496038, ENSP00000495619, ENSP00000285398, ENSP00000495336
OG0001966	AAG20350, AAG19693	ENSP00000492312, ENSP00000460820, ENSP00000491775, ENSP00000490961, ENSP00000460126, ENSP00000491052, ENSP00000440227, ENSP00000219599, ENSP00000492104, ENSP00000491368, ENSP00000461904, ENSP00000492884, ENSP00000459982, ENSP00000460510
OG0002058	AAG19500	ENSP00000363018
OG0002066	AAG20536	ENSP00000440629, ENSP00000451775, ENSP00000216774, ENSP00000451818
OG0002069	AAG19141	ENSP00000431293, ENSP00000433645, ENSP00000433054
OG0002070	AAG20277	ENSP00000273398
OG0002071	AAG20511	ENSP00000493296, ENSP00000493446, ENSP00000493432, ENSP00000493264, ENSP00000358417, ENSP00000492994, ENSP00000493382, ENSP00000493175
OG0002086	AAG19936	ENSP00000346001, ENSP00000385762, ENSP00000386101, ENSP00000415198, ENSP00000412713, ENSP00000268661
OG0002092	AAG20606	ENSP00000465311
OG0002095	AAG19527	ENSP00000396716, ENSP00000410848, ENSP00000346067, ENSP00000389351
OG0002096	AAG20128	ENSP00000463103, ENSP00000443244, ENSP00000313490
OG0002096	AAG19309	ENSP00000462874
OG0002098	AAG19746	ENSP00000487741, ENSP00000453894, ENSP00000453910, ENSP00000488464, ENSP00000452889, ENSP00000483755, ENSP00000346046, ENSP00000498019
OG0002099	AAG19939	ENSP00000433703, ENSP00000434535, ENSP00000433464, ENSP00000378378, ENSP00000262584, ENSP00000435313, ENSP00000436460
OG0002102	AAG20631	ENSP00000295864, ENSP00000418261, ENSP00000373176, ENSP00000373175, ENSP00000418877, ENSP00000478813, ENSP00000417632, ENSP00000418514
OG0002106	AAG19868	ENSP00000491487, ENSP00000491209, ENSP00000491101
OG0002106	AAG19867	ENSP00000491895
OG0002107	AAG20780, AAC82856, AAG19178	ENSP00000426276, ENSP00000421895, ENSP00000423132, ENSP00000392966, ENSP00000426215, ENSP00000372955, ENSP00000374385, ENSP00000424594
OG0002114	AAG20030	ENSP00000404771, ENSP00000277517, ENSP00000401879, ENSP00000370748
OG0002123	AAG19031	ENSP00000439422, ENSP00000484384, ENSP00000440754, ENSP00000313272, ENSP00000444437, ENSP00000443150, ENSP00000382392, ENSP00000371858, ENSP00000479320
OG0002124	AAG19174	ENSP00000425254, ENSP00000492734, ENSP00000491581, ENSP00000490998, ENSP00000312288, ENSP00000385638, ENSP00000492345, ENSP00000492420, ENSP00000492009, ENSP00000491310, ENSP00000491783, ENSP00000474560, ENSP00000425952, ENSP00000486771
OG0002143	AAG19877	ENSP00000439495, ENSP00000358414, ENSP00000322706, ENSP00000399402
OG0002153	AAG19138	ENSP00000233627, ENSP00000480984, ENSP00000477895, ENSP00000443273, ENSP00000440348, ENSP00000364262
OG0002158	AAG20569	ENSP00000464333, ENSP00000460966, ENSP00000464249, ENSP00000219240, ENSP00000461848
OG0002159	AAG19529	ENSP00000228510, ENSP00000443551, ENSP00000376487, ENSP00000486846, ENSP00000490869, ENSP00000439134
OG0002161	AAG19044	ENSP00000439511, ENSP00000442809, ENSP00000440986, ENSP00000376933, ENSP00000325863, ENSP00000385614, ENSP00000326094
OG0002163	AAG19825	ENSP00000423227, ENSP00000420873, ENSP00000422759, ENSP00000426377, ENSP00000281243, ENSP00000390944
OG0002164	AAG20648	ENSP00000463344, ENSP00000462484, ENSP00000462292, ENSP00000462140, ENSP00000463596, ENSP00000463053, ENSP00000461935, ENSP00000376481, ENSP00000464635, ENSP00000463012, ENSP00000464133, ENSP00000352976, ENSP00000352831, ENSP00000483162
OG0002301	AAG20510	ENSP00000399660, ENSP00000398653, ENSP00000275605, ENSP00000378854, ENSP00000401639, ENSP00000390952, ENSP00000403431
OG0002312	AAG20456	ENSP00000450596, ENSP00000450797, ENSP00000267430, ENSP00000442493, ENSP00000452033, ENSP00000450632
OG0002316	AAG20288	ENSP00000453098, ENSP00000458001, ENSP00000453422, ENSP00000454194, ENSP00000452659, ENSP00000399273, ENSP00000452762, ENSP00000453017, ENSP00000452777, ENSP00000453345
OG0002336	AAG19525	ENSP00000332130, ENSP00000406826, ENSP00000385725, ENSP00000476187, ENSP00000384112, ENSP00000475343, ENSP00000475707, ENSP00000403852
OG0002338	AAG19096	ENSP00000354554
OG0002339	AAG20316	ENSP00000427829, ENSP00000430329, ENSP00000497881, ENSP00000496964, ENSP00000430194, ENSP00000497648, ENSP00000262105, ENSP00000498202, ENSP00000497093, ENSP00000427875
OG0002350	AAG18718	ENSP00000362284, ENSP00000362277, ENSP00000344794, ENSP00000362291, ENSP00000418315
OG0002353	AAG19943	ENSP00000486088, ENSP00000362671, ENSP00000437215, ENSP00000259469
OG0002369	AAG19955	ENSP00000473675, ENSP00000493811, ENSP00000495549, ENSP00000359345, ENSP00000359338, ENSP00000495589
OG0002371	AAG20681	ENSP00000428146, ENSP00000428104, ENSP00000429333, ENSP00000429049, ENSP00000427860, ENSP00000478703, ENSP00000429374, ENSP00000427788, ENSP00000009589
OG0002372	AAG20525	ENSP00000353786, ENSP00000400048, ENSP00000449954, ENSP00000447634, ENSP00000480853, ENSP00000449044, ENSP00000447058
OG0002375	AAG19548	ENSP00000311554, ENSP00000413407, ENSP00000359976
OG0002398	AAG19442	ENSP00000481620, ENSP00000485291, ENSP00000485297, ENSP00000479366, ENSP00000370201, ENSP00000370197, ENSP00000480829, ENSP00000420947, ENSP00000483874, ENSP00000484679
OG0002400	AAG19049	ENSP00000469308, ENSP00000469115, ENSP00000406046, ENSP00000472445, ENSP00000481858, ENSP00000470426, ENSP00000495618, ENSP00000496078, ENSP00000470726, ENSP00000473052
OG0002402	AAG18727	ENSP00000444721, ENSP00000444445, ENSP00000483871, ENSP00000438004, ENSP00000414330, ENSP00000387064, ENSP00000445863, ENSP00000440943, ENSP00000350136, ENSP00000439079
OG0002403	AAG19813	ENSP00000411916, ENSP00000379845, ENSP00000454963, ENSP00000268251, ENSP00000456330
OG0002404	AAG20062	ENSP00000433051, ENSP00000431757, ENSP00000434973, ENSP00000432633, ENSP00000416583, ENSP00000436999
OG0002550	AAG19954	ENSP00000225430, ENSP00000463985, ENSP00000464538, ENSP00000462938
OG0002556	AAG18952	ENSP00000457818
OG0002556	AAG19103	ENSP00000455267, ENSP00000219066, ENSP00000456301
OG0002577	AAC82899	ENSP00000381220, ENSP00000477277, ENSP00000477042, ENSP00000476969, ENSP00000316242
OG0002578	AAG19454, AAG18685	ENSP00000319501, ENSP00000426560, ENSP00000422909, ENSP00000421757
OG0002588	AAG20347	ENSP00000205402, ENSP00000417016, ENSP00000390667, ENSP00000387542
OG0002597	AAG20944	ENSP00000358549, ENSP00000389656, ENSP00000231572
OG0002613	AAG19523	ENSP00000468957, ENSP00000471983, ENSP00000367806, ENSP00000473220, ENSP00000251453, ENSP00000472231
OG0002615	AAG19948	ENSP00000362744, ENSP00000250784, ENSP00000415317, ENSP00000486252
OG0002641	AAG19538	ENSP00000472469
OG0002644	AAG20695	ENSP00000479560, ENSP00000480562, ENSP00000215587, ENSP00000478303, ENSP00000464739, ENSP00000479813, ENSP00000485021
OG0002650	AAG19950	ENSP00000478117, ENSP00000495688, ENSP00000496485, ENSP00000379339, ENSP00000245458, ENSP00000495033
OG0002666	AAG20465	ENSP00000424539, ENSP00000424186, ENSP00000295488, ENSP00000481120, ENSP00000264233
OG0002682	AAG18719, AAG18720	ENSP00000452009, ENSP00000312771, ENSP00000438404, ENSP00000450706, ENSP00000417901
OG0002688	AAG19302	ENSP00000476598, ENSP00000477033, ENSP00000476070, ENSP00000460813, ENSP00000458726, ENSP00000458838, ENSP00000263083
OG0002690	AAG18775	ENSP00000309751, ENSP00000394449, ENSP00000310490
OG0002691	AAG19361, AAG19170	ENSP00000360564, ENSP00000384569, ENSP00000434132, ENSP00000360569, ENSP00000491562, ENSP00000435194, ENSP00000431279, ENSP00000360568
OG0002692	AAG20141	ENSP00000436844, ENSP00000368209, ENSP00000368222, ENSP00000419628, ENSP00000368219, ENSP00000445116, ENSP00000407856
OG0002887	AAG18929, AAC82907	ENSP00000481254, ENSP00000466379, ENSP00000468450, ENSP00000349887
OG0002890	AAG20211	ENSP00000253039, ENSP00000445077, ENSP00000323063
OG0002892	AAG19317	ENSP00000305664, ENSP00000370295, ENSP00000379171, ENSP00000379173
OG0002912	AAG19503	ENSP00000379076, ENSP00000225729, ENSP00000329715
OG0002919	AAG20341	ENSP00000358159, ENSP00000387870, ENSP00000317123
OG0002920	AAG20168	ENSP00000478914, ENSP00000289371
OG0002928	AAG20130	ENSP00000459391, ENSP00000461700, ENSP00000459532, ENSP00000461360
OG0002931	AAG19696	ENSP00000482018, ENSP00000424870, ENSP00000480521, ENSP00000282999, ENSP00000375133, ENSP00000493920, ENSP00000424153
OG0002934	AAG20397	ENSP00000244571, ENSP00000261772, ENSP00000455360
OG0002941	AAG19326	ENSP00000431842, ENSP00000413185, ENSP00000360310, ENSP00000360307, ENSP00000316034
OG0002953	AAG18754	ENSP00000461733, ENSP00000459788, ENSP00000254719, ENSP00000461466
OG0002960	AAG19511	ENSP00000348234
OG0002964	AAG20157	ENSP00000495087, ENSP00000221486, ENSP00000495175
OG0002977	AAG19938	ENSP00000468172, ENSP00000466425, ENSP00000389103, ENSP00000347969, ENSP00000465342, ENSP00000468402, ENSP00000378396
OG0002983	AAG19440	ENSP00000360711, ENSP00000360712, ENSP00000224073
OG0002984	AAG19949	ENSP00000496250, ENSP00000363676, ENSP00000398888
OG0002988	AAG19688	ENSP00000355518
OG0002994	AAG18838	ENSP00000410080, ENSP00000388690, ENSP00000470348, ENSP00000418082, ENSP00000410240
OG0002995	AAG20072	ENSP00000486943, ENSP00000431772, ENSP00000433136, ENSP00000482684, ENSP00000478649, ENSP00000301776, ENSP00000400057, ENSP00000484457
OG0003004	AAG19945	ENSP00000470447, ENSP00000270625, ENSP00000471873
OG0003017	AAG20324	ENSP00000378922, ENSP00000364794, ENSP00000415020, ENSP00000406448
OG0003041	AAG19324, AAG19200	ENSP00000385336, ENSP00000215904, ENSP00000330918
OG0003044	AAG20287	ENSP00000469628, ENSP00000346173, ENSP00000311930
OG0003049	AAG19435	ENSP00000453122, ENSP00000267814
OG0003061	AAG19347	ENSP00000401190, ENSP00000387296, ENSP00000481930, ENSP00000482009, ENSP00000484801, ENSP00000264170, ENSP00000386731, ENSP00000364928
OG0003062	AAG19575	ENSP00000403897, ENSP00000238018, ENSP00000366185, ENSP00000434682, ENSP00000400857, ENSP00000351170, ENSP00000436619, ENSP00000437972
OG0003063	AAG19926	ENSP00000304893, ENSP00000303997, ENSP00000216044
OG0003064	AAG20934	ENSP00000421143, ENSP00000361914, ENSP00000196371, ENSP00000425348, ENSP00000423144
OG0003286	AAG19799	ENSP00000450014, ENSP00000382133, ENSP00000382132, ENSP00000450393, ENSP00000351185, ENSP00000389713
OG0003288	AAG19536	ENSP00000435569, ENSP00000257829, ENSP00000479141, ENSP00000433011, ENSP00000437324
OG0003296	AAG19794	ENSP00000422823, ENSP00000426449, ENSP00000274242
OG0003306	AAG19195	ENSP00000361616, ENSP00000473626
OG0003308	AAG19997	ENSP00000299299, ENSP00000426161, ENSP00000421544, ENSP00000254908
OG0003312	AAG19501	ENSP00000431405, ENSP00000329630, ENSP00000436904, ENSP00000308897, ENSP00000415356
OG0003331	AAG19758	ENSP00000438060, ENSP00000443172, ENSP00000444183, ENSP00000416250
OG0003355	AAG19078, AAG19079, AAG19080	ENSP00000355046
OG0003372	AAG20542	ENSP00000355315, ENSP00000389356, ENSP00000296277, ENSP00000397240
OG0003376	AAG18965	ENSP00000388675, ENSP00000402393, ENSP00000401936, ENSP00000415935, ENSP00000236959
OG0003389	AAG18948	ENSP00000454015, ENSP00000453967, ENSP00000406976, ENSP00000256538
OG0003390	AAG20355	ENSP00000451887, ENSP00000351481, ENSP00000339485, ENSP00000376620, ENSP00000451460, ENSP00000347495
OG0003392	AAG18841	ENSP00000418794, ENSP00000348722, ENSP00000417402, ENSP00000417718
OG0003404	AAG20243	ENSP00000429321, ENSP00000430482, ENSP00000428596, ENSP00000254878
OG0003409	AAG19652	ENSP00000481376, ENSP00000480482, ENSP00000364649
OG0003414	AAG18913	ENSP00000286398, ENSP00000363925, ENSP00000363919, ENSP00000431534, ENSP00000414999
OG0003419	AAG20067	ENSP00000447389, ENSP00000447615, ENSP00000449770, ENSP00000448557, ENSP00000302886
OG0003424	AAG18956	ENSP00000355890, ENSP00000477245
OG0003431	AAG20414	ENSP00000410366, ENSP00000414369, ENSP00000402365, ENSP00000415862, ENSP00000296456, ENSP00000401871
OG0003445	AAG20148, AAG20509, AAG20996	ENSP00000454260
OG0003455	AAG18651	ENSP00000353575, ENSP00000483996, ENSP00000361257, ENSP00000396985, ENSP00000485842
OG0003733	AAG20635	ENSP00000354040, ENSP00000353168, ENSP00000463268
OG0003741	AAG19573, AAG19853	ENSP00000238379, ENSP00000363295
OG0003750	AAG20578	ENSP00000413789, ENSP00000415975, ENSP00000393558, ENSP00000306817
OG0003758	AAG20177	ENSP00000221784, ENSP00000468741, ENSP00000467737, ENSP00000466214, ENSP00000476525, ENSP00000368620
OG0003790	AAG20075	ENSP00000287936, ENSP00000340816, ENSP00000426745
OG0003795	AAG19367	ENSP00000350191, ENSP00000314649, ENSP00000417687
OG0003801	AAG20059	ENSP00000314871, ENSP00000040663
OG0003803	AAG19146	ENSP00000354961
OG0003807	AAG19793	ENSP00000264220
OG0003813	AAG20343	ENSP00000340676, ENSP00000492260, ENSP00000492203
OG0003830	AAG19281	ENSP00000380157
OG0003848	AAG19542, AAG18798	ENSP00000286764, ENSP00000303584, ENSP00000436490
OG0003849	AAG20650	ENSP00000296577, ENSP00000422068, ENSP00000423415, ENSP00000421250
OG0003872	AAG20204	ENSP00000451580, ENSP00000450464, ENSP00000206542
OG0003876	AAG19506	ENSP00000408473, ENSP00000364258, ENSP00000364260, ENSP00000364259, ENSP00000483071
OG0003892	AAG19920	ENSP00000361283, ENSP00000379888
OG0003894	AAG19690	ENSP00000460402, ENSP00000305480, ENSP00000445692
OG0003896	AAG20222	ENSP00000234677, ENSP00000358939
OG0003899	AAG19774	ENSP00000446745, ENSP00000448178, ENSP00000450185, ENSP00000497880, ENSP00000449806, ENSP00000350491
OG0003903	AAG19803	ENSP00000298310, ENSP00000452540, ENSP00000451740, ENSP00000452174
OG0003905	AAG19804	ENSP00000429180, ENSP00000369711, ENSP00000445558, ENSP00000428449, ENSP00000256398
OG0003912	AAG19145	ENSP00000354813
OG0003913	AAG19139	ENSP00000356972, ENSP00000376018
OG0003917	AAG20050	ENSP00000450040, ENSP00000448911, ENSP00000447032, ENSP00000446856
OG0004237	AAG19544	ENSP00000421754, ENSP00000427193, ENSP00000199320
OG0004255	AAG20376	ENSP00000368458, ENSP00000368438
OG0004277	AAG20344, AAG20114	ENSP00000440345, ENSP00000269980, ENSP00000416000, ENSP00000443246
OG0004293	AAG19629	ENSP00000394586, ENSP00000246868, ENSP00000483040
OG0004298	AAG18915	ENSP00000420831, ENSP00000263985, ENSP00000426859
OG0004314	AAG20345	ENSP00000318351, ENSP00000348880
OG0004324	AAG20568	ENSP00000281828
OG0004332	AAG19520	ENSP00000456367, ENSP00000219252
OG0004338	AAG20117	ENSP00000439818, ENSP00000440305, ENSP00000456318, ENSP00000497305, ENSP00000266544
OG0004365	AAG19104	ENSP00000455131, ENSP00000301012, ENSP00000455602
OG0004369	AAG19160	ENSP00000397750, ENSP00000462512, ENSP00000261643
OG0004369	AAG19884	ENSP00000462190
OG0004380	AAG19937	ENSP00000457442, ENSP00000457268, ENSP00000311430, ENSP00000454281
OG0004381	AAG20689	ENSP00000427043, ENSP00000425865, ENSP00000296674
OG0004402	AAG20238	ENSP00000479173, ENSP00000359692, ENSP00000431246, ENSP00000359691
OG0004406	AAG19508	ENSP00000452567, ENSP00000451666, ENSP00000261249
OG0004407	AAG19487	ENSP00000355493, ENSP00000333019, ENSP00000331260
OG0004409	AAG19256	ENSP00000228140, ENSP00000435777
OG0004414	AAG19649	ENSP00000489476, ENSP00000424538, ENSP00000425271, ENSP00000483295, ENSP00000348878, ENSP00000489591, ENSP00000006658
OG0004415	AAG20349	ENSP00000265537, ENSP00000412893, ENSP00000495093, ENSP00000495707, ENSP00000408576
OG0004424	AAG19028	ENSP00000397302, ENSP00000426331, ENSP00000329558, ENSP00000264954
OG0004425	AAG19001	ENSP00000387508, ENSP00000264161
OG0004430	AAG20576	ENSP00000369745, ENSP00000369743, ENSP00000369757
OG0004432	AAG19507	ENSP00000394364, ENSP00000339630, ENSP00000359127, ENSP00000418282
OG0004438	AAG20567	ENSP00000468384, ENSP00000467384, ENSP00000468051, ENSP00000320309, ENSP00000396548
OG0004468	AAG19830	ENSP00000438079, ENSP00000416136, ENSP00000474881, ENSP00000483818, ENSP00000444793, ENSP00000474981, ENSP00000474582, ENSP00000445920
OG0004469	AAG20139	ENSP00000465974, ENSP00000468811, ENSP00000464990, ENSP00000389126, ENSP00000250237, ENSP00000467394
OG0004857	AAG19505	ENSP00000362463
OG0004859	AAG20678	ENSP00000496921, ENSP00000360365, ENSP00000360367
OG0004895	AAG19675, AAG19193, AAG18876, AAG20228, AAG19667	ENSP00000428801, ENSP00000276590
OG0004910	AAG20430	ENSP00000386284
OG0004935	AAG20388	ENSP00000283646
OG0004936	AAG20052	ENSP00000457431, ENSP00000261386, ENSP00000456295, ENSP00000454755
OG0004961	AAG19199	ENSP00000380806
OG0004973	AAG18993	ENSP00000328570
OG0004976	AAG20217, AAG18896	ENSP00000390533, ENSP00000239891
OG0004978	AAG19431	ENSP00000430236, ENSP00000497459
OG0004986	AAG20538	ENSP00000328023, ENSP00000435508
OG0005014	AAG18794	ENSP00000422772, ENSP00000421830, ENSP00000283109, ENSP00000420932
OG0005017	AAG20257, AAG20258	ENSP00000232607, ENSP00000420348, ENSP00000420754
OG0005024	AAG18903	ENSP00000449071, ENSP00000262027, ENSP00000446168, ENSP00000447914
OG0005033	AAG20519	ENSP00000361469, ENSP00000361471, ENSP00000253004
OG0005087	AAG19167	ENSP00000427422, ENSP00000497871, ENSP00000497046, ENSP00000497008, ENSP00000497680, ENSP00000281317, ENSP00000442284, ENSP00000496781
OG0005088	AAG19580	ENSP00000440861, ENSP00000447543, ENSP00000450372, ENSP00000447675, ENSP00000439385, ENSP00000261208, ENSP00000446678, ENSP00000446364
OG0005089	AAG19673	ENSP00000429745, ENSP00000390241, ENSP00000428980, ENSP00000418264, ENSP00000477056, ENSP00000339801, ENSP00000359470
OG0005090	AAG20194	ENSP00000433015, ENSP00000432265, ENSP00000399233, ENSP00000434908, ENSP00000402492, ENSP00000401751, ENSP00000436585, ENSP00000404866
OG0005613	AAG19795	ENSP00000302160
OG0005625	AAG18904	ENSP00000362298
OG0005628	AAG20454	ENSP00000373918
OG0005650	AAG18837	ENSP00000342889, ENSP00000430106
OG0005658	AAG20037	ENSP00000295920, ENSP00000419851
OG0005673	AAG20267	ENSP00000352645, ENSP00000478959, ENSP00000482502, ENSP00000480534, ENSP00000484480
OG0005677	AAG19925	ENSP00000403144, ENSP00000357998
OG0005744	AAG20649, AAG19628	ENSP00000316598
OG0005757	AAG20202	ENSP00000413282, ENSP00000382732, ENSP00000369456
OG0005780	AAG19827	ENSP00000377446
OG0005790	AAG19935	ENSP00000354812, ENSP00000473640
OG0005804	AAG18717	ENSP00000244051
OG0005809	AAG19129, AAG20403	ENSP00000477762, ENSP00000478964, ENSP00000481678, ENSP00000482940, ENSP00000481593, ENSP00000484277
OG0005812	AAG19130	ENSP00000389062, ENSP00000401586, ENSP00000403408, ENSP00000396574, ENSP00000365532, ENSP00000365533, ENSP00000342991
OG0005813	AAG19334	ENSP00000364212
OG0005814	AAG20619	ENSP00000303208
OG0006402	AAG19524	ENSP00000432807, ENSP00000324124
OG0006425	AAG20156	ENSP00000326003, ENSP00000386074
OG0006440	AAG20359	ENSP00000484192, ENSP00000362576
OG0006455	AAG18783	ENSP00000271308
OG0006476	AAG20946	ENSP00000039007, ENSP00000496606
OG0006478	AAG18803	ENSP00000390011
OG0006482	AAG20081	ENSP00000378782, ENSP00000455183, ENSP00000404873
OG0006488	AAG19157	ENSP00000354982
OG0006490	AAG20505	ENSP00000302620
OG0006500	AAG20478	ENSP00000431464, ENSP00000300738
OG0006502	AAG20356	ENSP00000369162
OG0006526	AAG19808	ENSP00000468556, ENSP00000467121, ENSP00000468278, ENSP00000468425, ENSP00000301634
OG0006545	AAG19315	ENSP00000358040, ENSP00000358042
OG0006559	AAG19802	ENSP00000274311
OG0006564	AAG19578, AAG19991	ENSP00000364986
OG0006589	AAG19745	ENSP00000210060, ENSP00000482709, ENSP00000471886
OG0006637	AAG20327, AAG19159	ENSP00000354876
OG0006638	AAG19154	ENSP00000354499
OG0006640	AAG18699	ENSP00000422126, ENSP00000424018, ENSP00000422608, ENSP00000423636, ENSP00000369346
OG0006642	AAG18989	ENSP00000359681, ENSP00000359680, ENSP00000359676
OG0006643	AAG19210	ENSP00000359146, ENSP00000260563
OG0007388	AAG19974	ENSP00000293860
OG0007411	AAG20174	ENSP00000462968, ENSP00000368318
OG0007442	AAG18962	ENSP00000358106
OG0007496	AAG20303	ENSP00000255078
OG0007503	AAG19137	ENSP00000355206
OG0007541	AAG20346	ENSP00000359151, ENSP00000359150
OG0007546	AAG20352	ENSP00000405892, ENSP00000263657
OG0007583	AAG18905	ENSP00000361845
OG0007600	AAG20184	ENSP00000368798, ENSP00000368796
OG0007661	AAG19140	ENSP00000354687
OG0007663	AAG19342	ENSP00000310208, ENSP00000384853
OG0008757	AAG18883	ENSP00000258662
OG0008760	AAG20063	ENSP00000274695, ENSP00000367873
OG0008851	AAG20549	ENSP00000429771, ENSP00000329858
OG0008880	AAG20224	ENSP00000007390
OG0008909	AAC82905, AAG19035	ENSP00000479361, ENSP00000358896
OG0008912	AAG18865	ENSP00000301490, ENSP00000365883
OG0008913	AAG18979	ENSP00000482384, ENSP00000368455, ENSP00000368452, ENSP00000344187
OG0008915	AAG20007	ENSP00000264047, ENSP00000387346
OG0008916	AAG20022	ENSP00000444800, ENSP00000240651, ENSP00000438505
OG0008917	AAG20364	ENSP00000434844, ENSP00000426202, ENSP00000368001, ENSP00000423933
OG0008918	AAG20974	ENSP00000449989, ENSP00000447379, ENSP00000354421, ENSP00000446479
OG0010450	AAG20028	ENSP00000480517
OG0010508	AAG20221, AAG18834	ENSP00000314776, ENSP00000425600
OG0010510	AAG19470	ENSP00000355632
OG0012547	AAG18928	ENSP00000465128, ENSP00000466799, ENSP00000225929
OG0012549	AAG19015	ENSP00000391140, ENSP00000244217
OG0012554	AAG19577	ENSP00000290868, ENSP00000373073
OG0012555	AAG19778	ENSP00000470413, ENSP00000468883, ENSP00000247706
OG0015258	AAG19017, AAG19151	ENSP00000274813
OG0015264	AAG19579	ENSP00000448632, ENSP00000266736
OG0015265	AAG19760	ENSP00000216038
OG0025498	AAG20691	ENSP00000483738
