Orthogroup	cyanobacteria	mouse
OG0000002	ABB57141, ABB57151, ABB57324	ENSMUSP00000142637, ENSMUSP00000143016, ENSMUSP00000143563, ENSMUSP00000142840, ENSMUSP00000070292, ENSMUSP00000143507, ENSMUSP00000143659, ENSMUSP00000050034, ENSMUSP00000141866, ENSMUSP00000029719, ENSMUSP00000142267, ENSMUSP00000141567, ENSMUSP00000141816, ENSMUSP00000141707, ENSMUSP00000046539, ENSMUSP00000157012, ENSMUSP00000157216, ENSMUSP00000061700, ENSMUSP00000120453, ENSMUSP00000110116, ENSMUSP00000110117, ENSMUSP00000002087, ENSMUSP00000131451, ENSMUSP00000016323, ENSMUSP00000128143, ENSMUSP00000110638, ENSMUSP00000037028, ENSMUSP00000032409, ENSMUSP00000133019, ENSMUSP00000102008, ENSMUSP00000025519, ENSMUSP00000099952, ENSMUSP00000102009, ENSMUSP00000143504, ENSMUSP00000102007, ENSMUSP00000143677, ENSMUSP00000129999, ENSMUSP00000102010, ENSMUSP00000098398, ENSMUSP00000079298, ENSMUSP00000071720, ENSMUSP00000154158, ENSMUSP00000019133, ENSMUSP00000105440, ENSMUSP00000105438, ENSMUSP00000099119, ENSMUSP00000091046, ENSMUSP00000087925, ENSMUSP00000002817, ENSMUSP00000065101, ENSMUSP00000105437, ENSMUSP00000099120, ENSMUSP00000063359
OG0000004	ABB56904	ENSMUSP00000147741, ENSMUSP00000123240, ENSMUSP00000116209, ENSMUSP00000126352, ENSMUSP00000134091, ENSMUSP00000024627, ENSMUSP00000145262, ENSMUSP00000031984, ENSMUSP00000025965, ENSMUSP00000076769, ENSMUSP00000135570, ENSMUSP00000114296, ENSMUSP00000086366, ENSMUSP00000099138, ENSMUSP00000044361, ENSMUSP00000133535, ENSMUSP00000096547, ENSMUSP00000097135, ENSMUSP00000135784, ENSMUSP00000025862, ENSMUSP00000135017, ENSMUSP00000034707, ENSMUSP00000133922
OG0000007	ABB57626	ENSMUSP00000067662, ENSMUSP00000043467
OG0000007	ABB56716	ENSMUSP00000034058, ENSMUSP00000133546, ENSMUSP00000038069
OG0000012	ABB57397	ENSMUSP00000112174, ENSMUSP00000092966, ENSMUSP00000129536, ENSMUSP00000157311, ENSMUSP00000008801, ENSMUSP00000129264, ENSMUSP00000136139, ENSMUSP00000157036, ENSMUSP00000157006, ENSMUSP00000050478, ENSMUSP00000003416, ENSMUSP00000131058, ENSMUSP00000076827, ENSMUSP00000123282, ENSMUSP00000074733, ENSMUSP00000157023, ENSMUSP00000129514, ENSMUSP00000003413, ENSMUSP00000003574, ENSMUSP00000148315, ENSMUSP00000059545, ENSMUSP00000102155, ENSMUSP00000139717, ENSMUSP00000092487, ENSMUSP00000081370, ENSMUSP00000140857, ENSMUSP00000030487, ENSMUSP00000099768
OG0000022	ABB58533	ENSMUSP00000118851, ENSMUSP00000124066, ENSMUSP00000082352, ENSMUSP00000021548, ENSMUSP00000112543, ENSMUSP00000008579, ENSMUSP00000113433, ENSMUSP00000114390, ENSMUSP00000021187, ENSMUSP00000112553, ENSMUSP00000020947, ENSMUSP00000104736, ENSMUSP00000125626, ENSMUSP00000004756
OG0000023	ABB58103	ENSMUSP00000025217, ENSMUSP00000141966, ENSMUSP00000028222, ENSMUSP00000097747, ENSMUSP00000151408, ENSMUSP00000079306, ENSMUSP00000113722, ENSMUSP00000015800, ENSMUSP00000007248, ENSMUSP00000084586, ENSMUSP00000133815
OG0000047	ABB57601	ENSMUSP00000026455, ENSMUSP00000155212, ENSMUSP00000127611, ENSMUSP00000085530, ENSMUSP00000154934, ENSMUSP00000023754, ENSMUSP00000155623, ENSMUSP00000023752, ENSMUSP00000157337, ENSMUSP00000157324, ENSMUSP00000157060, ENSMUSP00000157152, ENSMUSP00000157000, ENSMUSP00000157347, ENSMUSP00000157239, ENSMUSP00000078088, ENSMUSP00000004774, ENSMUSP00000157261
OG0000052	ABB56711, ABB58029, ABB56822	ENSMUSP00000121214, ENSMUSP00000052642, ENSMUSP00000101004, ENSMUSP00000038964, ENSMUSP00000111280, ENSMUSP00000111279, ENSMUSP00000111277, ENSMUSP00000111282, ENSMUSP00000111284, ENSMUSP00000138705, ENSMUSP00000138456, ENSMUSP00000048153, ENSMUSP00000147384, ENSMUSP00000154633
OG0000063	ABB58108, ABB57546	ENSMUSP00000142992, ENSMUSP00000142378, ENSMUSP00000057197, ENSMUSP00000108333, ENSMUSP00000079692, ENSMUSP00000140355, ENSMUSP00000129747, ENSMUSP00000133073, ENSMUSP00000140984, ENSMUSP00000140786, ENSMUSP00000140551, ENSMUSP00000066426, ENSMUSP00000127587, ENSMUSP00000140698, ENSMUSP00000140612, ENSMUSP00000110495, ENSMUSP00000050926, ENSMUSP00000097979, ENSMUSP00000110494, ENSMUSP00000028114, ENSMUSP00000110493, ENSMUSP00000126305, ENSMUSP00000129122, ENSMUSP00000142079, ENSMUSP00000137130, ENSMUSP00000142296, ENSMUSP00000141445, ENSMUSP00000138893
OG0000068	ABB57166	ENSMUSP00000157186, ENSMUSP00000025358, ENSMUSP00000057449, ENSMUSP00000036998, ENSMUSP00000152076, ENSMUSP00000133166, ENSMUSP00000152705, ENSMUSP00000128872, ENSMUSP00000029658, ENSMUSP00000128169, ENSMUSP00000001480, ENSMUSP00000130445, ENSMUSP00000127127, ENSMUSP00000127801, ENSMUSP00000129361, ENSMUSP00000145682, ENSMUSP00000035943, ENSMUSP00000103015
OG0000081	ABB56812	ENSMUSP00000028997, ENSMUSP00000104768, ENSMUSP00000104767, ENSMUSP00000104306, ENSMUSP00000021277, ENSMUSP00000147055, ENSMUSP00000083426, ENSMUSP00000146450, ENSMUSP00000147207, ENSMUSP00000020220
OG0000083	ABB56268, ABB56642	ENSMUSP00000106514, ENSMUSP00000056500, ENSMUSP00000102288, ENSMUSP00000123286, ENSMUSP00000121093, ENSMUSP00000106515, ENSMUSP00000026973, ENSMUSP00000141869, ENSMUSP00000035220, ENSMUSP00000142251, ENSMUSP00000135290, ENSMUSP00000003079, ENSMUSP00000039797, ENSMUSP00000117412
OG0000094	ABB58656	ENSMUSP00000142995, ENSMUSP00000011492, ENSMUSP00000099634, ENSMUSP00000018718
OG0000109	ABB57861	ENSMUSP00000120825, ENSMUSP00000000260, ENSMUSP00000002397, ENSMUSP00000142117, ENSMUSP00000125235, ENSMUSP00000125488, ENSMUSP00000125077, ENSMUSP00000124269, ENSMUSP00000124931, ENSMUSP00000077289, ENSMUSP00000124541, ENSMUSP00000142305, ENSMUSP00000079888, ENSMUSP00000123981
OG0000110	ABB58143	ENSMUSP00000101999, ENSMUSP00000126274, ENSMUSP00000004955, ENSMUSP00000133931, ENSMUSP00000026839, ENSMUSP00000133736, ENSMUSP00000033809
OG0000117	ABB57487	ENSMUSP00000133876
OG0000117	ABB57223	ENSMUSP00000133947, ENSMUSP00000028286, ENSMUSP00000115059, ENSMUSP00000134358, ENSMUSP00000109776, ENSMUSP00000048573, ENSMUSP00000134242, ENSMUSP00000133441
OG0000130	ABB57418	ENSMUSP00000125112, ENSMUSP00000125404, ENSMUSP00000052136, ENSMUSP00000060457, ENSMUSP00000033739, ENSMUSP00000029071, ENSMUSP00000141876, ENSMUSP00000029078, ENSMUSP00000029076, ENSMUSP00000137926, ENSMUSP00000091925, ENSMUSP00000120495, ENSMUSP00000063511
OG0000137	ABB57961	ENSMUSP00000143146, ENSMUSP00000083474, ENSMUSP00000099587, ENSMUSP00000143509, ENSMUSP00000142415, ENSMUSP00000039109, ENSMUSP00000137997, ENSMUSP00000144047, ENSMUSP00000015100
OG0000141	ABB57606, ABB57618	ENSMUSP00000105930, ENSMUSP00000105931, ENSMUSP00000004430, ENSMUSP00000058648, ENSMUSP00000091202, ENSMUSP00000148174, ENSMUSP00000000619, ENSMUSP00000147562, ENSMUSP00000122555, ENSMUSP00000147627, ENSMUSP00000111412, ENSMUSP00000004428, ENSMUSP00000101336, ENSMUSP00000121751, ENSMUSP00000124194, ENSMUSP00000035964, ENSMUSP00000124527
OG0000142	ABB56217	ENSMUSP00000072074, ENSMUSP00000123017, ENSMUSP00000115118, ENSMUSP00000115115, ENSMUSP00000118852, ENSMUSP00000117851, ENSMUSP00000122616, ENSMUSP00000121774, ENSMUSP00000118825, ENSMUSP00000121312, ENSMUSP00000006508
OG0000152	ABB57007	ENSMUSP00000120302, ENSMUSP00000141787, ENSMUSP00000085175, ENSMUSP00000122098, ENSMUSP00000114821, ENSMUSP00000114982, ENSMUSP00000121607, ENSMUSP00000050398, ENSMUSP00000002625, ENSMUSP00000125350, ENSMUSP00000142172, ENSMUSP00000060202, ENSMUSP00000141216, ENSMUSP00000141986, ENSMUSP00000027839
OG0000158	ABB56873	ENSMUSP00000020484, ENSMUSP00000151825, ENSMUSP00000152046, ENSMUSP00000151629, ENSMUSP00000000828, ENSMUSP00000098730, ENSMUSP00000146164, ENSMUSP00000146311, ENSMUSP00000141692, ENSMUSP00000111268, ENSMUSP00000139097, ENSMUSP00000111269, ENSMUSP00000146324, ENSMUSP00000146030, ENSMUSP00000139206, ENSMUSP00000136402, ENSMUSP00000146143, ENSMUSP00000145922, ENSMUSP00000136373, ENSMUSP00000141846, ENSMUSP00000033992
OG0000171	ABB56491	ENSMUSP00000013458, ENSMUSP00000124163, ENSMUSP00000148627, ENSMUSP00000148703, ENSMUSP00000013455, ENSMUSP00000101854, ENSMUSP00000004232, ENSMUSP00000087633, ENSMUSP00000005964
OG0000199	ABB57377	ENSMUSP00000129312, ENSMUSP00000144029, ENSMUSP00000144596, ENSMUSP00000144251, ENSMUSP00000033269, ENSMUSP00000127448, ENSMUSP00000130294, ENSMUSP00000132892, ENSMUSP00000144303, ENSMUSP00000144672, ENSMUSP00000127701, ENSMUSP00000143877, ENSMUSP00000144024, ENSMUSP00000144554, ENSMUSP00000078682
OG0000211	ABB56058	ENSMUSP00000018614, ENSMUSP00000124156, ENSMUSP00000030768, ENSMUSP00000125270, ENSMUSP00000125058, ENSMUSP00000101273, ENSMUSP00000124588, ENSMUSP00000047480
OG0000217	ABB56521	ENSMUSP00000104355, ENSMUSP00000073764, ENSMUSP00000067767, ENSMUSP00000019246, ENSMUSP00000104356, ENSMUSP00000136334, ENSMUSP00000115356, ENSMUSP00000056276, ENSMUSP00000140893, ENSMUSP00000118613
OG0000230	ABB58139, ABB56814, ABB57342, ABB56114	ENSMUSP00000143023, ENSMUSP00000142425
OG0000230	ABB56672	ENSMUSP00000033695, ENSMUSP00000027396
OG0000231	ABB57785	ENSMUSP00000124318, ENSMUSP00000112597, ENSMUSP00000145578, ENSMUSP00000114523, ENSMUSP00000054407, ENSMUSP00000118196, ENSMUSP00000120546, ENSMUSP00000099781, ENSMUSP00000099780, ENSMUSP00000099782, ENSMUSP00000109608, ENSMUSP00000121459, ENSMUSP00000127977, ENSMUSP00000033035, ENSMUSP00000097172, ENSMUSP00000011178, ENSMUSP00000113582, ENSMUSP00000020450, ENSMUSP00000145789, ENSMUSP00000115451, ENSMUSP00000145739, ENSMUSP00000145581, ENSMUSP00000145615
OG0000238	ABB57344	ENSMUSP00000028117, ENSMUSP00000095924, ENSMUSP00000001520, ENSMUSP00000025408, ENSMUSP00000120793, ENSMUSP00000115039, ENSMUSP00000119552, ENSMUSP00000120361
OG0000255	ABB57729	ENSMUSP00000115132, ENSMUSP00000118265, ENSMUSP00000010267, ENSMUSP00000090710, ENSMUSP00000120907
OG0000257	ABB57411	ENSMUSP00000036881, ENSMUSP00000156298, ENSMUSP00000156048, ENSMUSP00000003319, ENSMUSP00000030795
OG0000258	ABB57327	ENSMUSP00000146505, ENSMUSP00000025439, ENSMUSP00000140887, ENSMUSP00000034989, ENSMUSP00000032856
OG0000262	ABB58088	ENSMUSP00000131199, ENSMUSP00000026133, ENSMUSP00000117737, ENSMUSP00000120558, ENSMUSP00000114863, ENSMUSP00000027802, ENSMUSP00000049605
OG0000277	ABB56319	ENSMUSP00000103403, ENSMUSP00000036872, ENSMUSP00000107861, ENSMUSP00000139481, ENSMUSP00000041702, ENSMUSP00000142873, ENSMUSP00000143798, ENSMUSP00000144947, ENSMUSP00000055225, ENSMUSP00000050680, ENSMUSP00000037958, ENSMUSP00000055673, ENSMUSP00000088118
OG0000278	ABB56624	ENSMUSP00000123662, ENSMUSP00000114439, ENSMUSP00000117030, ENSMUSP00000021614, ENSMUSP00000132803, ENSMUSP00000059801, ENSMUSP00000155809, ENSMUSP00000020522, ENSMUSP00000154896, ENSMUSP00000155453, ENSMUSP00000151752, ENSMUSP00000115313
OG0000279	ABB58528, ABB58529	ENSMUSP00000133289, ENSMUSP00000133454, ENSMUSP00000134681, ENSMUSP00000134699, ENSMUSP00000134227, ENSMUSP00000001569, ENSMUSP00000098347
OG0000285	ABB56619	ENSMUSP00000047917, ENSMUSP00000134669, ENSMUSP00000133994, ENSMUSP00000084572
OG0000288	ABB57749	ENSMUSP00000056502, ENSMUSP00000138215, ENSMUSP00000028892, ENSMUSP00000127526, ENSMUSP00000150296
OG0000318	ABB58384	ENSMUSP00000114521, ENSMUSP00000112526, ENSMUSP00000046070, ENSMUSP00000066839, ENSMUSP00000136438, ENSMUSP00000037206, ENSMUSP00000020964, ENSMUSP00000151687, ENSMUSP00000118725
OG0000359	ABB57850	ENSMUSP00000023225, ENSMUSP00000155195, ENSMUSP00000023750
OG0000360	ABB57059	ENSMUSP00000107371, ENSMUSP00000039744, ENSMUSP00000120180, ENSMUSP00000116091, ENSMUSP00000032402, ENSMUSP00000144968, ENSMUSP00000117708, ENSMUSP00000147303, ENSMUSP00000033098, ENSMUSP00000113045, ENSMUSP00000148152, ENSMUSP00000147628, ENSMUSP00000148059
OG0000365	ABB56845	ENSMUSP00000117231, ENSMUSP00000019287, ENSMUSP00000001416
OG0000383	ABB56671	ENSMUSP00000137559, ENSMUSP00000104188, ENSMUSP00000128714, ENSMUSP00000072620, ENSMUSP00000114361, ENSMUSP00000079727, ENSMUSP00000075513, ENSMUSP00000079045, ENSMUSP00000004378, ENSMUSP00000108095, ENSMUSP00000144861
OG0000387	ABB58339	ENSMUSP00000122694, ENSMUSP00000005292, ENSMUSP00000126451, ENSMUSP00000105356, ENSMUSP00000105355, ENSMUSP00000030454, ENSMUSP00000119794, ENSMUSP00000117007, ENSMUSP00000114159, ENSMUSP00000102078, ENSMUSP00000025961, ENSMUSP00000122997, ENSMUSP00000026328
OG0000388	ABB58527	ENSMUSP00000025007, ENSMUSP00000024978, ENSMUSP00000021217, ENSMUSP00000103476, ENSMUSP00000021220, ENSMUSP00000132590, ENSMUSP00000103475, ENSMUSP00000117022
OG0000403	ABB58104, ABB58609, ABB57819	ENSMUSP00000053916, ENSMUSP00000114356, ENSMUSP00000029669, ENSMUSP00000005620, ENSMUSP00000103607, ENSMUSP00000081712, ENSMUSP00000040451, ENSMUSP00000095716, ENSMUSP00000146416, ENSMUSP00000147019, ENSMUSP00000059074
OG0000419	ABB57433	ENSMUSP00000113051, ENSMUSP00000114672, ENSMUSP00000126514, ENSMUSP00000024974, ENSMUSP00000120734, ENSMUSP00000114838, ENSMUSP00000129904, ENSMUSP00000116841, ENSMUSP00000120885, ENSMUSP00000115538, ENSMUSP00000119647, ENSMUSP00000077091, ENSMUSP00000114961, ENSMUSP00000084477, ENSMUSP00000084478, ENSMUSP00000027370
OG0000421	ABB57331	ENSMUSP00000122409, ENSMUSP00000146062, ENSMUSP00000080062, ENSMUSP00000127995, ENSMUSP00000136506, ENSMUSP00000021097, ENSMUSP00000137157, ENSMUSP00000032370, ENSMUSP00000119452, ENSMUSP00000107434, ENSMUSP00000098394
OG0000425	ABB58220	ENSMUSP00000023856
OG0000425	ABB56384	ENSMUSP00000115269, ENSMUSP00000089781
OG0000450	ABB57793, ABB56205, ABB58612	ENSMUSP00000025403, ENSMUSP00000141345, ENSMUSP00000116088, ENSMUSP00000068174, ENSMUSP00000113860
OG0000454	ABB57154	ENSMUSP00000154489
OG0000455	ABB57843	ENSMUSP00000127338, ENSMUSP00000122710, ENSMUSP00000020238, ENSMUSP00000118189, ENSMUSP00000021698, ENSMUSP00000091921, ENSMUSP00000126239, ENSMUSP00000024739, ENSMUSP00000006137
OG0000459	ABB58059	ENSMUSP00000145891, ENSMUSP00000146273, ENSMUSP00000049355, ENSMUSP00000146209
OG0000489	ABB57888	ENSMUSP00000005548, ENSMUSP00000122699, ENSMUSP00000112397, ENSMUSP00000113110, ENSMUSP00000004172, ENSMUSP00000112378
OG0000513	ABB56843, ABB57294	ENSMUSP00000033463, ENSMUSP00000153063, ENSMUSP00000072274, ENSMUSP00000111051, ENSMUSP00000076922, ENSMUSP00000110432, ENSMUSP00000044185, ENSMUSP00000073536, ENSMUSP00000104841
OG0000514	ABB58652, ABB58693, ABB57496, ABB56203	ENSMUSP00000113209, ENSMUSP00000077597, ENSMUSP00000066878
OG0000517	ABB57446	ENSMUSP00000156239, ENSMUSP00000156132, ENSMUSP00000023465, ENSMUSP00000156322, ENSMUSP00000155905, ENSMUSP00000155903, ENSMUSP00000002891, ENSMUSP00000099729, ENSMUSP00000113057, ENSMUSP00000113653
OG0000552	ABB57967	ENSMUSP00000148189, ENSMUSP00000065754, ENSMUSP00000147689
OG0000556	ABB57810	ENSMUSP00000142563, ENSMUSP00000035079, ENSMUSP00000119170, ENSMUSP00000115352, ENSMUSP00000122418, ENSMUSP00000120670, ENSMUSP00000106337
OG0000558	ABB56059	ENSMUSP00000073725, ENSMUSP00000151891, ENSMUSP00000122117, ENSMUSP00000108143, ENSMUSP00000117014, ENSMUSP00000066040, ENSMUSP00000108335, ENSMUSP00000150950, ENSMUSP00000155003, ENSMUSP00000006544, ENSMUSP00000131649
OG0000559	ABB56997	ENSMUSP00000095166, ENSMUSP00000150138, ENSMUSP00000076575
OG0000560	ABB58442	ENSMUSP00000027896, ENSMUSP00000141328, ENSMUSP00000029307, ENSMUSP00000028241
OG0000561	ABB57690	ENSMUSP00000096668, ENSMUSP00000104815, ENSMUSP00000077112, ENSMUSP00000129687, ENSMUSP00000056552, ENSMUSP00000113436, ENSMUSP00000078169, ENSMUSP00000096357, ENSMUSP00000080257, ENSMUSP00000009875
OG0000592	ABB56654	ENSMUSP00000110105, ENSMUSP00000002084, ENSMUSP00000068940, ENSMUSP00000142387, ENSMUSP00000029770, ENSMUSP00000152881, ENSMUSP00000152556, ENSMUSP00000152694, ENSMUSP00000021666, ENSMUSP00000152519
OG0000594	ABB57244	ENSMUSP00000139335, ENSMUSP00000030332, ENSMUSP00000101011, ENSMUSP00000138186, ENSMUSP00000094863
OG0000596	ABB56292, ABB57119, ABB56669	ENSMUSP00000001884, ENSMUSP00000148062, ENSMUSP00000102611, ENSMUSP00000121861
OG0000597	ABB56296	ENSMUSP00000012262, ENSMUSP00000116098, ENSMUSP00000101511, ENSMUSP00000101509, ENSMUSP00000101510, ENSMUSP00000101512
OG0000600	ABB56130	ENSMUSP00000128770, ENSMUSP00000034834, ENSMUSP00000103106, ENSMUSP00000035417
OG0000602	ABB56866	ENSMUSP00000148205, ENSMUSP00000147688, ENSMUSP00000117925, ENSMUSP00000032165, ENSMUSP00000103400, ENSMUSP00000147502, ENSMUSP00000148040
OG0000630	ABB57984	ENSMUSP00000098656, ENSMUSP00000107921, ENSMUSP00000033727, ENSMUSP00000107919, ENSMUSP00000107922, ENSMUSP00000107920, ENSMUSP00000030381
OG0000632	ABB58016, ABB56408, ABB56407, ABB57256	ENSMUSP00000119619, ENSMUSP00000141435, ENSMUSP00000144565, ENSMUSP00000026743, ENSMUSP00000144124, ENSMUSP00000030882, ENSMUSP00000075762, ENSMUSP00000109727
OG0000644	ABB56248	ENSMUSP00000143311, ENSMUSP00000141246, ENSMUSP00000142105, ENSMUSP00000142101, ENSMUSP00000029850, ENSMUSP00000139387, ENSMUSP00000121269, ENSMUSP00000122619, ENSMUSP00000118449, ENSMUSP00000115146
OG0000645	ABB58359	ENSMUSP00000124935, ENSMUSP00000085880, ENSMUSP00000105176, ENSMUSP00000059717, ENSMUSP00000124599
OG0000646	ABB58243	ENSMUSP00000025696, ENSMUSP00000115454, ENSMUSP00000102558, ENSMUSP00000102559, ENSMUSP00000115456, ENSMUSP00000099841, ENSMUSP00000030583, ENSMUSP00000099664
OG0000647	ABB57112	ENSMUSP00000092794, ENSMUSP00000135802, ENSMUSP00000134764, ENSMUSP00000108177, ENSMUSP00000039103, ENSMUSP00000082220, ENSMUSP00000135646, ENSMUSP00000129617
OG0000648	ABB57891	ENSMUSP00000110979, ENSMUSP00000110978, ENSMUSP00000087998, ENSMUSP00000112578, ENSMUSP00000113819, ENSMUSP00000156001, ENSMUSP00000101189, ENSMUSP00000101190, ENSMUSP00000120394, ENSMUSP00000134635, ENSMUSP00000144076
OG0000669	ABB58405	ENSMUSP00000123422, ENSMUSP00000120027
OG0000679	ABB56513, ABB57424	ENSMUSP00000144597
OG0000707	ABB58493	ENSMUSP00000152905, ENSMUSP00000153488, ENSMUSP00000044288, ENSMUSP00000145651, ENSMUSP00000145603, ENSMUSP00000145696, ENSMUSP00000145760, ENSMUSP00000145902, ENSMUSP00000146301, ENSMUSP00000087118, ENSMUSP00000142136
OG0000713	ABB56277	ENSMUSP00000138508, ENSMUSP00000148326, ENSMUSP00000138396, ENSMUSP00000073289, ENSMUSP00000113942, ENSMUSP00000113213, ENSMUSP00000074317, ENSMUSP00000138634
OG0000729	ABB56650	ENSMUSP00000134827, ENSMUSP00000135518, ENSMUSP00000067638, ENSMUSP00000110893, ENSMUSP00000110897, ENSMUSP00000100060, ENSMUSP00000029490, ENSMUSP00000127198, ENSMUSP00000061851
OG0000733	ABB56705	ENSMUSP00000099760
OG0000739	ABB58340	ENSMUSP00000092539, ENSMUSP00000028123, ENSMUSP00000155492, ENSMUSP00000023805, ENSMUSP00000112433, ENSMUSP00000077694, ENSMUSP00000113240
OG0000740	ABB57680	ENSMUSP00000050788, ENSMUSP00000118575, ENSMUSP00000107995, ENSMUSP00000107996, ENSMUSP00000033652, ENSMUSP00000107999, ENSMUSP00000114066, ENSMUSP00000113302, ENSMUSP00000109241, ENSMUSP00000112529, ENSMUSP00000061991, ENSMUSP00000042778
OG0000766	ABB58338	ENSMUSP00000035230
OG0000769	ABB57895, ABB58334	ENSMUSP00000101238, ENSMUSP00000030939, ENSMUSP00000101237
OG0000770	ABB56517	ENSMUSP00000011896, ENSMUSP00000020768, ENSMUSP00000047393, ENSMUSP00000121818, ENSMUSP00000120794, ENSMUSP00000115825
OG0000775	ABB58112, ABB56915	ENSMUSP00000076503, ENSMUSP00000125656, ENSMUSP00000048373, ENSMUSP00000022170, ENSMUSP00000125088, ENSMUSP00000124426, ENSMUSP00000125306, ENSMUSP00000124253
OG0000791	ABB58132	ENSMUSP00000140819
OG0000791	ABB58587	ENSMUSP00000140307, ENSMUSP00000140467, ENSMUSP00000139664, ENSMUSP00000027111, ENSMUSP00000126621
OG0000841	ABB57824	ENSMUSP00000109289, ENSMUSP00000038612, ENSMUSP00000109290, ENSMUSP00000109292, ENSMUSP00000109291, ENSMUSP00000109293, ENSMUSP00000101825, ENSMUSP00000041675
OG0000844	ABB56806, ABB58557	ENSMUSP00000153161, ENSMUSP00000152894, ENSMUSP00000069209, ENSMUSP00000123962, ENSMUSP00000124661, ENSMUSP00000125261, ENSMUSP00000043764
OG0000845	ABB58590	ENSMUSP00000123193, ENSMUSP00000025463, ENSMUSP00000121883, ENSMUSP00000057336, ENSMUSP00000094040, ENSMUSP00000110031, ENSMUSP00000110029, ENSMUSP00000110032, ENSMUSP00000110033, ENSMUSP00000033763
OG0000887	ABB56314	ENSMUSP00000134318, ENSMUSP00000018744, ENSMUSP00000134269, ENSMUSP00000026470, ENSMUSP00000151616
OG0000893	ABB58041	ENSMUSP00000041793
OG0000910	ABB56347	ENSMUSP00000132524, ENSMUSP00000143222, ENSMUSP00000127593, ENSMUSP00000023043, ENSMUSP00000132423, ENSMUSP00000129601, ENSMUSP00000143188, ENSMUSP00000131998, ENSMUSP00000146546
OG0000911	ABB57133	ENSMUSP00000133490, ENSMUSP00000128233, ENSMUSP00000121014, ENSMUSP00000031117, ENSMUSP00000112484, ENSMUSP00000069081
OG0000959	ABB58343, ABB56717	ENSMUSP00000027123, ENSMUSP00000119336
OG0000960	ABB56986	ENSMUSP00000025815
OG0000967	ABB56273	ENSMUSP00000156090, ENSMUSP00000155985, ENSMUSP00000139006, ENSMUSP00000117026, ENSMUSP00000139101, ENSMUSP00000111303, ENSMUSP00000121216, ENSMUSP00000139374, ENSMUSP00000111304, ENSMUSP00000138849, ENSMUSP00000156227, ENSMUSP00000156251
OG0000973	ABB56664	ENSMUSP00000114332, ENSMUSP00000083705, ENSMUSP00000138289
OG0000977	ABB56333	ENSMUSP00000110427, ENSMUSP00000114082, ENSMUSP00000113563, ENSMUSP00000031971, ENSMUSP00000113815
OG0000985	ABB57303	ENSMUSP00000029708, ENSMUSP00000136145, ENSMUSP00000118931, ENSMUSP00000018803
OG0001019	ABB56073	ENSMUSP00000032633
OG0001032	ABB57719, ABB58457	ENSMUSP00000043061, ENSMUSP00000128075, ENSMUSP00000130493, ENSMUSP00000155371, ENSMUSP00000155018, ENSMUSP00000155399, ENSMUSP00000055743
OG0001033	ABB56969	ENSMUSP00000025833, ENSMUSP00000142616, ENSMUSP00000142533, ENSMUSP00000029666
OG0001035	ABB56702	ENSMUSP00000144307
OG0001035	ABB56743	ENSMUSP00000027144
OG0001036	ABB56614	ENSMUSP00000112768, ENSMUSP00000116037, ENSMUSP00000113137, ENSMUSP00000002549
OG0001040	ABB58246	ENSMUSP00000114529, ENSMUSP00000092502, ENSMUSP00000131474, ENSMUSP00000110610, ENSMUSP00000120715
OG0001044	ABB58636	ENSMUSP00000130269, ENSMUSP00000073946, ENSMUSP00000029752, ENSMUSP00000022849, ENSMUSP00000032728
OG0001050	ABB56570	ENSMUSP00000022529, ENSMUSP00000153691, ENSMUSP00000010127, ENSMUSP00000002025, ENSMUSP00000138388
OG0001053	ABB56833	ENSMUSP00000156844, ENSMUSP00000007012
OG0001055	ABB57135	ENSMUSP00000157175, ENSMUSP00000157349, ENSMUSP00000157348, ENSMUSP00000049319, ENSMUSP00000157034, ENSMUSP00000044292
OG0001059	ABB58388	ENSMUSP00000156191, ENSMUSP00000155971, ENSMUSP00000156334, ENSMUSP00000023432, ENSMUSP00000106926, ENSMUSP00000119171, ENSMUSP00000116835, ENSMUSP00000106927, ENSMUSP00000106920
OG0001063	ABB57382	ENSMUSP00000128209, ENSMUSP00000028944, ENSMUSP00000099431, ENSMUSP00000068776, ENSMUSP00000029135
OG0001110	ABB56955, ABB56882	ENSMUSP00000156002, ENSMUSP00000023684, ENSMUSP00000119272, ENSMUSP00000156142, ENSMUSP00000114034, ENSMUSP00000156232
OG0001134	ABB57692	ENSMUSP00000148016, ENSMUSP00000046453, ENSMUSP00000147421, ENSMUSP00000101529, ENSMUSP00000010899
OG0001135	ABB57914	ENSMUSP00000026129, ENSMUSP00000101794
OG0001136	ABB57339	ENSMUSP00000116840, ENSMUSP00000116239, ENSMUSP00000069774, ENSMUSP00000117095, ENSMUSP00000095395
OG0001152	ABB58062	ENSMUSP00000029570, ENSMUSP00000114952, ENSMUSP00000118180, ENSMUSP00000062566
OG0001213	ABB57420	ENSMUSP00000114037, ENSMUSP00000020504, ENSMUSP00000030192
OG0001215	ABB56482	ENSMUSP00000032060, ENSMUSP00000113637, ENSMUSP00000121746, ENSMUSP00000113332
OG0001220	ABB56368	ENSMUSP00000110396, ENSMUSP00000155024, ENSMUSP00000154864, ENSMUSP00000026495
OG0001224	ABB58552	ENSMUSP00000081913, ENSMUSP00000117509, ENSMUSP00000123212, ENSMUSP00000125164, ENSMUSP00000023760
OG0001227	ABB57551	ENSMUSP00000123557, ENSMUSP00000106516, ENSMUSP00000106518, ENSMUSP00000027945, ENSMUSP00000082773
OG0001232	ABB56974	ENSMUSP00000028148, ENSMUSP00000141899, ENSMUSP00000116434, ENSMUSP00000141705
OG0001240	ABB56228	ENSMUSP00000132042, ENSMUSP00000134815, ENSMUSP00000034308, ENSMUSP00000143390, ENSMUSP00000143654, ENSMUSP00000029824, ENSMUSP00000112727
OG0001246	ABB57636, ABB58124	ENSMUSP00000116685, ENSMUSP00000112735, ENSMUSP00000072773, ENSMUSP00000080276, ENSMUSP00000103619, ENSMUSP00000037719, ENSMUSP00000153546
OG0001314	ABB58154	ENSMUSP00000121653, ENSMUSP00000033501, ENSMUSP00000111306
OG0001320	ABB57730	ENSMUSP00000155636, ENSMUSP00000155677, ENSMUSP00000155200, ENSMUSP00000155711, ENSMUSP00000023231, ENSMUSP00000154964, ENSMUSP00000155139
OG0001328	ABB58076	ENSMUSP00000037131
OG0001330	ABB56324	ENSMUSP00000150210, ENSMUSP00000150007, ENSMUSP00000149389, ENSMUSP00000148870, ENSMUSP00000082856, ENSMUSP00000148917
OG0001334	ABB57354	ENSMUSP00000022281, ENSMUSP00000036265
OG0001339	ABB57179	ENSMUSP00000118468, ENSMUSP00000119939
OG0001358	ABB56312	ENSMUSP00000103049, ENSMUSP00000103052, ENSMUSP00000125654, ENSMUSP00000122252, ENSMUSP00000051366
OG0001359	ABB56311	ENSMUSP00000121915, ENSMUSP00000120223, ENSMUSP00000042967, ENSMUSP00000123069
OG0001366	ABB56315	ENSMUSP00000116619, ENSMUSP00000118773, ENSMUSP00000101739, ENSMUSP00000026151, ENSMUSP00000101741, ENSMUSP00000132516
OG0001422	ABB58252	ENSMUSP00000099435
OG0001424	ABB56510, ABB56519	ENSMUSP00000049044
OG0001435	ABB57887	ENSMUSP00000023189, ENSMUSP00000111510
OG0001441	ABB57298, ABB56188	ENSMUSP00000154986, ENSMUSP00000099844, ENSMUSP00000155213, ENSMUSP00000061227, ENSMUSP00000036025
OG0001448	ABB56377	ENSMUSP00000154056, ENSMUSP00000154157, ENSMUSP00000153773, ENSMUSP00000130981, ENSMUSP00000097112
OG0001455	ABB57738	ENSMUSP00000005057, ENSMUSP00000153227, ENSMUSP00000104938
OG0001456	ABB58353	ENSMUSP00000121665, ENSMUSP00000107588, ENSMUSP00000121010, ENSMUSP00000053443.10, ENSMUSP00000115893, ENSMUSP00000141022
OG0001464	ABB56809	ENSMUSP00000005810, ENSMUSP00000144302, ENSMUSP00000071578
OG0001465	ABB58131, ABB56530, ABB58003	ENSMUSP00000036898, ENSMUSP00000107914
OG0001466	ABB58637	ENSMUSP00000123148, ENSMUSP00000122343, ENSMUSP00000042602, ENSMUSP00000116319
OG0001469	ABB57221	ENSMUSP00000127566, ENSMUSP00000130214
OG0001480	ABB58277	ENSMUSP00000140402, ENSMUSP00000024967
OG0001481	ABB56566	ENSMUSP00000032057, ENSMUSP00000109288, ENSMUSP00000020629
OG0001483	ABB58075	ENSMUSP00000047872, ENSMUSP00000103433, ENSMUSP00000115033, ENSMUSP00000142192
OG0001503	ABB57605	ENSMUSP00000125246, ENSMUSP00000123877, ENSMUSP00000124840, ENSMUSP00000143582, ENSMUSP00000124149, ENSMUSP00000044012, ENSMUSP00000123985
OG0001586	ABB58261	ENSMUSP00000003386, ENSMUSP00000150112, ENSMUSP00000150591, ENSMUSP00000150420, ENSMUSP00000149690, ENSMUSP00000151075
OG0001588	ABB56989	ENSMUSP00000111101, ENSMUSP00000113648, ENSMUSP00000086225, ENSMUSP00000139273, ENSMUSP00000084843, ENSMUSP00000104529
OG0001591	ABB57865	ENSMUSP00000099317, ENSMUSP00000099318, ENSMUSP00000020524, ENSMUSP00000117471
OG0001601	ABB57098	ENSMUSP00000034567
OG0001604	ABB57580	ENSMUSP00000022172, ENSMUSP00000152647, ENSMUSP00000088950, ENSMUSP00000152178, ENSMUSP00000152192, ENSMUSP00000152322, ENSMUSP00000152658, ENSMUSP00000152139, ENSMUSP00000152468
OG0001607	ABB56967	ENSMUSP00000076433
OG0001611	ABB57611	ENSMUSP00000020399
OG0001622	ABB57220	ENSMUSP00000040222
OG0001649	ABB58141	ENSMUSP00000134191
OG0001649	ABB56584	ENSMUSP00000133551
OG0001650	ABB58216	ENSMUSP00000123083, ENSMUSP00000077644, ENSMUSP00000060640
OG0001651	ABB58591	ENSMUSP00000036936, ENSMUSP00000026220, ENSMUSP00000026221, ENSMUSP00000059860
OG0001715	ABB57461	ENSMUSP00000112947, ENSMUSP00000109988, ENSMUSP00000080378, ENSMUSP00000109984, ENSMUSP00000139979, ENSMUSP00000139617, ENSMUSP00000024802, ENSMUSP00000119076
OG0001718	ABB57628	ENSMUSP00000151357, ENSMUSP00000151373, ENSMUSP00000121682, ENSMUSP00000151721, ENSMUSP00000136589, ENSMUSP00000020266, ENSMUSP00000020262
OG0001722	ABB56107	ENSMUSP00000038331, ENSMUSP00000132822, ENSMUSP00000075683
OG0001726	ABB56819	ENSMUSP00000065425, ENSMUSP00000110970, ENSMUSP00000149597, ENSMUSP00000127128, ENSMUSP00000150903
OG0001733	ABB56586	ENSMUSP00000107686, ENSMUSP00000097592, ENSMUSP00000028517
OG0001737	ABB58365	ENSMUSP00000117146, ENSMUSP00000090564, ENSMUSP00000021907, ENSMUSP00000115703
OG0001738	ABB57165	ENSMUSP00000020553, ENSMUSP00000098942, ENSMUSP00000028780
OG0001743	ABB56137	ENSMUSP00000114380, ENSMUSP00000033415, ENSMUSP00000120220
OG0001746	ABB57146	ENSMUSP00000033585, ENSMUSP00000138706, ENSMUSP00000080302
OG0001753	ABB58520	ENSMUSP00000099709
OG0001762	ABB57410	ENSMUSP00000095979, ENSMUSP00000144564, ENSMUSP00000144681, ENSMUSP00000142250, ENSMUSP00000141336, ENSMUSP00000144518, ENSMUSP00000144179, ENSMUSP00000140849
OG0001766	ABB56216	ENSMUSP00000028880, ENSMUSP00000105944, ENSMUSP00000065935, ENSMUSP00000121074
OG0001768	ABB56276	ENSMUSP00000071231, ENSMUSP00000125585, ENSMUSP00000035743, ENSMUSP00000109111, ENSMUSP00000143935, ENSMUSP00000143844, ENSMUSP00000047564
OG0001776	ABB57661	ENSMUSP00000151678, ENSMUSP00000151345, ENSMUSP00000151949, ENSMUSP00000005067, ENSMUSP00000124895, ENSMUSP00000041307, ENSMUSP00000125569
OG0001782	ABB57343	ENSMUSP00000041851
OG0001783	ABB57553	ENSMUSP00000050771, ENSMUSP00000071200, ENSMUSP00000026322, ENSMUSP00000153243
OG0001796	ABB56695, ABB58225	ENSMUSP00000118023, ENSMUSP00000145913, ENSMUSP00000117761, ENSMUSP00000103506, ENSMUSP00000114385, ENSMUSP00000029540, ENSMUSP00000068253
OG0001870	ABB56293	ENSMUSP00000127844, ENSMUSP00000132857, ENSMUSP00000105627, ENSMUSP00000002805
OG0001879	ABB56352	ENSMUSP00000099600, ENSMUSP00000099599
OG0001892	ABB58484	ENSMUSP00000006764
OG0001914	ABB56568	ENSMUSP00000033157, ENSMUSP00000116177, ENSMUSP00000102079, ENSMUSP00000114756
OG0001916	ABB57142	ENSMUSP00000028796
OG0001917	ABB56917	ENSMUSP00000129492, ENSMUSP00000062066, ENSMUSP00000132443
OG0001930	ABB57817	ENSMUSP00000123237, ENSMUSP00000107931, ENSMUSP00000107930, ENSMUSP00000026937
OG0001956	ABB58505	ENSMUSP00000125143, ENSMUSP00000123799, ENSMUSP00000124274, ENSMUSP00000124579, ENSMUSP00000124487, ENSMUSP00000123861
OG0001961	ABB56309	ENSMUSP00000145181, ENSMUSP00000134444, ENSMUSP00000145385, ENSMUSP00000144954, ENSMUSP00000144980
OG0001968	ABB56632	ENSMUSP00000146622, ENSMUSP00000129981, ENSMUSP00000140803, ENSMUSP00000140018, ENSMUSP00000137391, ENSMUSP00000146341, ENSMUSP00000136005, ENSMUSP00000140639, ENSMUSP00000147120, ENSMUSP00000147065, ENSMUSP00000140400, ENSMUSP00000137013, ENSMUSP00000136041, ENSMUSP00000140310, ENSMUSP00000136627, ENSMUSP00000140440, ENSMUSP00000147031, ENSMUSP00000137264
OG0002048	ABB57974	ENSMUSP00000033662, ENSMUSP00000060774
OG0002062	ABB58090	ENSMUSP00000147632, ENSMUSP00000147304, ENSMUSP00000096450, ENSMUSP00000147943, ENSMUSP00000147611, ENSMUSP00000033875, ENSMUSP00000148019
OG0002064	ABB56561	ENSMUSP00000116524, ENSMUSP00000034264, ENSMUSP00000120113, ENSMUSP00000122042
OG0002066	ABB57801	ENSMUSP00000106336, ENSMUSP00000152764, ENSMUSP00000151681, ENSMUSP00000132835, ENSMUSP00000021407.10
OG0002067	ABB56369	ENSMUSP00000110546, ENSMUSP00000116508, ENSMUSP00000116368, ENSMUSP00000123100, ENSMUSP00000117182, ENSMUSP00000110547, ENSMUSP00000026887
OG0002071	ABB57531	ENSMUSP00000064755
OG0002079	ABB58364	ENSMUSP00000115915, ENSMUSP00000004327, ENSMUSP00000131163
OG0002092	ABB56071	ENSMUSP00000081141
OG0002096	ABB56867, ABB56851	ENSMUSP00000121808, ENSMUSP00000021282
OG0002096	ABB56035	ENSMUSP00000133984
OG0002101	ABB58507	ENSMUSP00000106957, ENSMUSP00000154624, ENSMUSP00000154028, ENSMUSP00000154325, ENSMUSP00000153845
OG0002106	ABB58077	ENSMUSP00000025778
OG0002109	ABB58039	ENSMUSP00000020649, ENSMUSP00000120869, ENSMUSP00000119618
OG0002110	ABB58291	ENSMUSP00000110585, ENSMUSP00000025027
OG0002112	ABB56682	ENSMUSP00000026601, ENSMUSP00000122770, ENSMUSP00000108170, ENSMUSP00000026318, ENSMUSP00000090647, ENSMUSP00000104296
OG0002123	ABB56992	ENSMUSP00000047123
OG0002130	ABB56495	ENSMUSP00000106509, ENSMUSP00000073686, ENSMUSP00000151833
OG0002153	ABB57211	ENSMUSP00000101003, ENSMUSP00000020361
OG0002154	ABB57330	ENSMUSP00000139738, ENSMUSP00000108734, ENSMUSP00000112695, ENSMUSP00000082354, ENSMUSP00000150907
OG0002158	ABB56322	ENSMUSP00000117980, ENSMUSP00000114190, ENSMUSP00000118612, ENSMUSP00000115549, ENSMUSP00000115934
OG0002161	ABB57282	ENSMUSP00000149184, ENSMUSP00000116321, ENSMUSP00000111295, ENSMUSP00000119999, ENSMUSP00000034405
OG0002162	ABB57285	ENSMUSP00000105229
OG0002162	ABB58588, ABB57959	ENSMUSP00000029147
OG0002165	ABB57755	ENSMUSP00000078436, ENSMUSP00000148060
OG0002301	ABB56542	ENSMUSP00000113671, ENSMUSP00000144667, ENSMUSP00000031399, ENSMUSP00000116292
OG0002306	ABB58020	ENSMUSP00000031144, ENSMUSP00000114647
OG0002325	ABB58490	ENSMUSP00000150433, ENSMUSP00000136669, ENSMUSP00000136982, ENSMUSP00000004202
OG0002326	ABB56862	ENSMUSP00000102777, ENSMUSP00000044937, ENSMUSP00000146169
OG0002332	ABB57612	ENSMUSP00000092892, ENSMUSP00000123082, ENSMUSP00000126761, ENSMUSP00000114193, ENSMUSP00000007754
OG0002338	ABB58361	ENSMUSP00000081003
OG0002349	ABB56169	ENSMUSP00000025484
OG0002350	ABB57312	ENSMUSP00000024797, ENSMUSP00000132371, ENSMUSP00000134265, ENSMUSP00000133761, ENSMUSP00000133694, ENSMUSP00000133713
OG0002354	ABB58262	ENSMUSP00000120828, ENSMUSP00000140346, ENSMUSP00000035177, ENSMUSP00000117547, ENSMUSP00000120313, ENSMUSP00000150592
OG0002368	ABB58085	ENSMUSP00000105907, ENSMUSP00000105905, ENSMUSP00000021661, ENSMUSP00000115676, ENSMUSP00000117609
OG0002378	ABB57103	ENSMUSP00000050940, ENSMUSP00000155254, ENSMUSP00000147696
OG0002381	ABB56863	ENSMUSP00000145645, ENSMUSP00000145594
OG0002381	ABB57407	ENSMUSP00000145996, ENSMUSP00000145745, ENSMUSP00000145686, ENSMUSP00000146252, ENSMUSP00000145537, ENSMUSP00000032747
OG0002388	ABB56117, ABB58643, ABB57381	ENSMUSP00000057378
OG0002404	ABB57013	ENSMUSP00000144935, ENSMUSP00000084959, ENSMUSP00000144841, ENSMUSP00000145264, ENSMUSP00000145106, ENSMUSP00000144819
OG0002405	ABB56823	ENSMUSP00000144850, ENSMUSP00000108873, ENSMUSP00000108875, ENSMUSP00000060900, ENSMUSP00000108874, ENSMUSP00000144943
OG0002406	ABB56953	ENSMUSP00000061092
OG0002407	ABB57158, ABB57422	ENSMUSP00000034992
OG0002556	ABB56479	ENSMUSP00000047413
OG0002565	ABB58050	ENSMUSP00000121327, ENSMUSP00000090926, ENSMUSP00000020749, ENSMUSP00000114299, ENSMUSP00000122801, ENSMUSP00000122233
OG0002575	ABB57129	ENSMUSP00000123308, ENSMUSP00000048001
OG0002578	ABB57003	ENSMUSP00000031103
OG0002597	ABB57607	ENSMUSP00000029968, ENSMUSP00000116173, ENSMUSP00000018992
OG0002610	ABB56336, ABB56800	ENSMUSP00000116944, ENSMUSP00000120160, ENSMUSP00000135687, ENSMUSP00000028137
OG0002614	ABB57250	ENSMUSP00000025278
OG0002627	ABB56490	ENSMUSP00000022573.10, ENSMUSP00000135244, ENSMUSP00000135394, ENSMUSP00000135063, ENSMUSP00000135035, ENSMUSP00000135818
OG0002631	ABB57281	ENSMUSP00000137994, ENSMUSP00000110128, ENSMUSP00000027265, ENSMUSP00000137772
OG0002656	ABB58094	ENSMUSP00000021857, ENSMUSP00000153019, ENSMUSP00000153209, ENSMUSP00000153628, ENSMUSP00000153658, ENSMUSP00000097177
OG0002660	ABB57743	ENSMUSP00000021691, ENSMUSP00000125891, ENSMUSP00000119473, ENSMUSP00000048519, ENSMUSP00000042889, ENSMUSP00000152122
OG0002661	ABB58561	ENSMUSP00000042134, ENSMUSP00000122669, ENSMUSP00000113446
OG0002677	ABB57005	ENSMUSP00000116829, ENSMUSP00000080337
OG0002682	ABB57316	ENSMUSP00000054064, ENSMUSP00000106018
OG0002687	ABB57513	ENSMUSP00000124500, ENSMUSP00000123820, ENSMUSP00000124957, ENSMUSP00000124073, ENSMUSP00000136011, ENSMUSP00000123874, ENSMUSP00000124017
OG0002692	ABB58301	ENSMUSP00000117670, ENSMUSP00000136233, ENSMUSP00000026927, ENSMUSP00000141265
OG0002693	ABB56472	ENSMUSP00000122523, ENSMUSP00000120520, ENSMUSP00000036141
OG0002694	ABB56943	ENSMUSP00000133475, ENSMUSP00000124488, ENSMUSP00000093430, ENSMUSP00000124071, ENSMUSP00000044587, ENSMUSP00000032074, ENSMUSP00000032073, ENSMUSP00000136338, ENSMUSP00000123947, ENSMUSP00000131413, ENSMUSP00000093431, ENSMUSP00000133846, ENSMUSP00000084938
OG0002887	ABB57289	ENSMUSP00000147483, ENSMUSP00000065337
OG0002899	ABB56939	ENSMUSP00000153175, ENSMUSP00000054858, ENSMUSP00000100547
OG0002911	ABB58392	ENSMUSP00000116206, ENSMUSP00000116089, ENSMUSP00000055689, ENSMUSP00000121873
OG0002914	ABB56259	ENSMUSP00000068850
OG0002917	ABB58649	ENSMUSP00000028610
OG0002928	ABB56988	ENSMUSP00000155957, ENSMUSP00000156130
OG0002940	ABB56636	ENSMUSP00000027157, ENSMUSP00000109628
OG0002961	ABB57291	ENSMUSP00000125292, ENSMUSP00000130858
OG0002964	ABB56909	ENSMUSP00000105360, ENSMUSP00000105358, ENSMUSP00000120374, ENSMUSP00000121864, ENSMUSP00000066769, ENSMUSP00000118442
OG0002982	ABB57144	ENSMUSP00000147668, ENSMUSP00000036491, ENSMUSP00000147754
OG0002985	ABB58259	ENSMUSP00000002844, ENSMUSP00000109057, ENSMUSP00000109056
OG0002988	ABB57037	ENSMUSP00000135140, ENSMUSP00000027810
OG0003012	ABB58440	ENSMUSP00000106293, ENSMUSP00000106290, ENSMUSP00000028702, ENSMUSP00000113052, ENSMUSP00000067133
OG0003015	ABB56367	ENSMUSP00000156380, ENSMUSP00000023677, ENSMUSP00000125172, ENSMUSP00000156308, ENSMUSP00000118216
OG0003038	ABB57423	ENSMUSP00000043828, ENSMUSP00000121624
OG0003060	ABB56392	ENSMUSP00000122828, ENSMUSP00000117341, ENSMUSP00000119304, ENSMUSP00000117106, ENSMUSP00000034859
OG0003065	ABB56095	ENSMUSP00000144917, ENSMUSP00000114307, ENSMUSP00000049414, ENSMUSP00000144784, ENSMUSP00000115925, ENSMUSP00000098419
OG0003291	ABB58476	ENSMUSP00000048190, ENSMUSP00000029804
OG0003306	ABB58535	ENSMUSP00000119330, ENSMUSP00000134830
OG0003308	ABB57666	ENSMUSP00000151542, ENSMUSP00000020298, ENSMUSP00000115392, ENSMUSP00000021958
OG0003312	ABB56666	ENSMUSP00000025836
OG0003321	ABB57886	ENSMUSP00000019944
OG0003328	ABB57539	ENSMUSP00000125266, ENSMUSP00000023019
OG0003330	ABB57353	ENSMUSP00000152963, ENSMUSP00000153441, ENSMUSP00000045200, ENSMUSP00000153633
OG0003346	ABB56663	ENSMUSP00000044417
OG0003357	ABB57345	ENSMUSP00000123414
OG0003357	ABB58453	ENSMUSP00000034896
OG0003376	ABB56428	ENSMUSP00000027384
OG0003399	ABB58445	ENSMUSP00000090808, ENSMUSP00000126268, ENSMUSP00000034426
OG0003404	ABB57002	ENSMUSP00000022946
OG0003409	ABB57563	ENSMUSP00000010007
OG0003412	ABB57121	ENSMUSP00000024887, ENSMUSP00000156412, ENSMUSP00000156899
OG0003426	ABB56310	ENSMUSP00000137940, ENSMUSP00000024909, ENSMUSP00000121557, ENSMUSP00000115317
OG0003428	ABB57855	ENSMUSP00000028835, ENSMUSP00000132682, ENSMUSP00000129137
OG0003445	ABB56308	ENSMUSP00000068086
OG0003455	ABB56094	ENSMUSP00000102056, ENSMUSP00000070334, ENSMUSP00000102055
OG0003457	ABB58251	ENSMUSP00000142071, ENSMUSP00000114111, ENSMUSP00000019854, ENSMUSP00000113959, ENSMUSP00000112885
OG0003465	ABB57893	ENSMUSP00000035196, ENSMUSP00000112882
OG0003467	ABB57733	ENSMUSP00000034836, ENSMUSP00000124020, ENSMUSP00000124005, ENSMUSP00000124304, ENSMUSP00000124124, ENSMUSP00000125478
OG0003468	ABB58465	ENSMUSP00000130209, ENSMUSP00000126198, ENSMUSP00000026827
OG0003741	ABB58539	ENSMUSP00000036337
OG0003753	ABB56182	ENSMUSP00000096671, ENSMUSP00000118776, ENSMUSP00000139070, ENSMUSP00000104816
OG0003756	ABB58671	ENSMUSP00000060940, ENSMUSP00000101131
OG0003759	ABB56175	ENSMUSP00000022268
OG0003763	ABB58556	ENSMUSP00000116377, ENSMUSP00000109455, ENSMUSP00000015501
OG0003764	ABB56884	ENSMUSP00000119589, ENSMUSP00000030189
OG0003780	ABB57527	ENSMUSP00000031654, ENSMUSP00000144685, ENSMUSP00000144196
OG0003793	ABB58236	ENSMUSP00000127456, ENSMUSP00000125887, ENSMUSP00000130722
OG0003801	ABB58022	ENSMUSP00000005122, ENSMUSP00000122623, ENSMUSP00000117115
OG0003803	ABB57503	ENSMUSP00000081000
OG0003807	ABB56036	ENSMUSP00000120632
OG0003813	ABB56574, ABB57537	ENSMUSP00000113228, ENSMUSP00000031101
OG0003816	ABB56640	ENSMUSP00000020957
OG0003817	ABB56305	ENSMUSP00000118827, ENSMUSP00000021313
OG0003821	ABB56710	ENSMUSP00000043049, ENSMUSP00000151717
OG0003825	ABB57115	ENSMUSP00000131320, ENSMUSP00000023393, ENSMUSP00000132603, ENSMUSP00000127642
OG0003830	ABB57313	ENSMUSP00000131816, ENSMUSP00000133069, ENSMUSP00000015680, ENSMUSP00000139298, ENSMUSP00000125797
OG0003836	ABB56712	ENSMUSP00000130438, ENSMUSP00000057354, ENSMUSP00000149891
OG0003841	ABB57627	ENSMUSP00000087405
OG0003863	ABB58015	ENSMUSP00000026175, ENSMUSP00000038061
OG0003882	ABB57809	ENSMUSP00000020931, ENSMUSP00000151976
OG0003883	ABB58345	ENSMUSP00000026459
OG0003891	ABB56390	ENSMUSP00000118885, ENSMUSP00000113030, ENSMUSP00000006915, ENSMUSP00000118282
OG0003896	ABB56481	ENSMUSP00000120879, ENSMUSP00000118676, ENSMUSP00000088041, ENSMUSP00000099685
OG0003911	ABB56916	ENSMUSP00000053033
OG0003912	ABB58007	ENSMUSP00000081001
OG0003913	ABB57773	ENSMUSP00000106950, ENSMUSP00000013737, ENSMUSP00000141370
OG0003918	ABB56957	ENSMUSP00000123558, ENSMUSP00000117027, ENSMUSP00000031160, ENSMUSP00000112879, ENSMUSP00000113483
OG0003919	ABB57675	ENSMUSP00000087762, ENSMUSP00000129279
OG0004237	ABB56343	ENSMUSP00000022203
OG0004241	ABB57149	ENSMUSP00000055892
OG0004266	ABB58314	ENSMUSP00000153068, ENSMUSP00000129169, ENSMUSP00000026313
OG0004268	ABB58344	ENSMUSP00000074724, ENSMUSP00000157281
OG0004282	ABB56660	ENSMUSP00000006611
OG0004297	ABB58479	ENSMUSP00000050703, ENSMUSP00000071636, ENSMUSP00000133276
OG0004298	ABB56150	ENSMUSP00000103301, ENSMUSP00000103299, ENSMUSP00000119949
OG0004309	ABB58130	ENSMUSP00000153859, ENSMUSP00000154426, ENSMUSP00000022727
OG0004324	ABB57323	ENSMUSP00000140934, ENSMUSP00000139933, ENSMUSP00000069508, ENSMUSP00000129828, ENSMUSP00000140001
OG0004325	ABB58055, ABB57932, ABB57931	ENSMUSP00000043580, ENSMUSP00000121934
OG0004326	ABB56973	ENSMUSP00000081544, ENSMUSP00000147794
OG0004348	ABB57338	ENSMUSP00000004343, ENSMUSP00000142470, ENSMUSP00000142723, ENSMUSP00000142361
OG0004350	ABB56399, ABB56385, ABB57674	ENSMUSP00000023835, ENSMUSP00000031263
OG0004367	ABB57116	ENSMUSP00000030446
OG0004369	ABB58630	ENSMUSP00000040138
OG0004370	ABB58233	ENSMUSP00000019908
OG0004373	ABB56083	ENSMUSP00000045409, ENSMUSP00000113454
OG0004395	ABB58538	ENSMUSP00000101095, ENSMUSP00000078998, ENSMUSP00000097297, ENSMUSP00000070054
OG0004402	ABB58326, ABB58186	ENSMUSP00000140063, ENSMUSP00000059871
OG0004403	ABB58238	ENSMUSP00000148082, ENSMUSP00000117971
OG0004407	ABB58439	ENSMUSP00000016105, ENSMUSP00000136572, ENSMUSP00000021726
OG0004413	ABB56914	ENSMUSP00000095656, ENSMUSP00000102000
OG0004415	ABB57950	ENSMUSP00000036710
OG0004420	ABB57994	ENSMUSP00000031262, ENSMUSP00000119410
OG0004436	ABB58542, ABB58404	ENSMUSP00000105353, ENSMUSP00000105352, ENSMUSP00000028990
OG0004462	ABB57290	ENSMUSP00000045269
OG0004469	ABB56487	ENSMUSP00000149752, ENSMUSP00000002902
OG0004470	ABB56919	ENSMUSP00000117051, ENSMUSP00000023911
OG0004471	ABB57051	ENSMUSP00000099453
OG0004841	ABB56706	ENSMUSP00000055455
OG0004851	ABB58383	ENSMUSP00000032967
OG0004857	ABB56670	ENSMUSP00000126586, ENSMUSP00000024823
OG0004874	ABB57307	ENSMUSP00000139122, ENSMUSP00000139169, ENSMUSP00000030942, ENSMUSP00000139007
OG0004910	ABB57822	ENSMUSP00000103068, ENSMUSP00000030090
OG0004916	ABB57726	ENSMUSP00000033749, ENSMUSP00000118045
OG0004935	ABB56616	ENSMUSP00000064158
OG0004946	ABB56713	ENSMUSP00000152823, ENSMUSP00000152318, ENSMUSP00000152423, ENSMUSP00000152392, ENSMUSP00000152115, ENSMUSP00000061646, ENSMUSP00000152872
OG0004954	ABB58149	ENSMUSP00000018549
OG0004961	ABB56434	ENSMUSP00000045647
OG0004965	ABB58255	ENSMUSP00000128915
OG0004973	ABB57175	ENSMUSP00000152267, ENSMUSP00000021522
OG0004977	ABB58295	ENSMUSP00000025979, ENSMUSP00000135426
OG0004986	ABB58502	ENSMUSP00000149923, ENSMUSP00000034541
OG0004988	ABB57894, ABB58380	ENSMUSP00000114150
OG0004990	ABB58470	ENSMUSP00000020756
OG0005017	ABB58622	ENSMUSP00000023510
OG0005019	ABB58129	ENSMUSP00000123878, ENSMUSP00000098901, ENSMUSP00000048222
OG0005023	ABB57262	ENSMUSP00000045284
OG0005027	ABB58571	ENSMUSP00000032124
OG0005033	ABB56041	ENSMUSP00000099904
OG0005049	ABB56511	ENSMUSP00000031113, ENSMUSP00000084480, ENSMUSP00000133467
OG0005066	ABB57584, ABB58555	ENSMUSP00000002735
OG0005084	ABB56952, ABB58423	ENSMUSP00000033159
OG0005091	ABB56645	ENSMUSP00000108124, ENSMUSP00000143477, ENSMUSP00000057760
OG0005092	ABB57695	ENSMUSP00000152216, ENSMUSP00000062662, ENSMUSP00000013294
OG0005093	ABB58057	ENSMUSP00000049890, ENSMUSP00000068590
OG0005094	ABB58213	ENSMUSP00000152845, ENSMUSP00000020959
OG0005596	ABB58327	ENSMUSP00000026576, ENSMUSP00000147332
OG0005631	ABB56192	ENSMUSP00000021183
OG0005658	ABB56221	ENSMUSP00000029405
OG0005665	ABB58140	ENSMUSP00000074347
OG0005671	ABB57821	ENSMUSP00000142121, ENSMUSP00000070719, ENSMUSP00000021685
OG0005672	ABB58235	ENSMUSP00000143932, ENSMUSP00000056855
OG0005682	ABB56569	ENSMUSP00000108244, ENSMUSP00000022311, ENSMUSP00000108243
OG0005684	ABB56983	ENSMUSP00000037614, ENSMUSP00000150823, ENSMUSP00000151200
OG0005698	ABB57486	ENSMUSP00000051569, ENSMUSP00000155738, ENSMUSP00000155224, ENSMUSP00000155428
OG0005699	ABB56078, ABB57933	ENSMUSP00000029909
OG0005703	ABB56478	ENSMUSP00000107285, ENSMUSP00000120075
OG0005719	ABB58600	ENSMUSP00000055277, ENSMUSP00000125252, ENSMUSP00000124606
OG0005721	ABB58560	ENSMUSP00000036725
OG0005744	ABB58478	ENSMUSP00000117817, ENSMUSP00000076458
OG0005757	ABB57296	ENSMUSP00000099482
OG0005764	ABB56524	ENSMUSP00000025617
OG0005772	ABB57802	ENSMUSP00000055619
OG0005804	ABB56190	ENSMUSP00000096670
OG0005815	ABB56976, ABB56401	ENSMUSP00000131743, ENSMUSP00000127235, ENSMUSP00000026013, ENSMUSP00000040550
OG0005816	ABB57640	ENSMUSP00000152868, ENSMUSP00000104827, ENSMUSP00000096753, ENSMUSP00000070564
OG0005817	ABB58024	ENSMUSP00000129704, ENSMUSP00000031268
OG0005818	ABB58318	ENSMUSP00000144875, ENSMUSP00000145460, ENSMUSP00000145392, ENSMUSP00000032419
OG0006409	ABB57370	ENSMUSP00000138676, ENSMUSP00000138756
OG0006413	ABB58329	ENSMUSP00000030675
OG0006444	ABB56140	ENSMUSP00000046196
OG0006476	ABB58544	ENSMUSP00000111190, ENSMUSP00000056152
OG0006478	ABB57168	ENSMUSP00000036770
OG0006482	ABB56981	ENSMUSP00000032912
OG0006488	ABB58634	ENSMUSP00000080997
OG0006490	ABB58190	ENSMUSP00000027491
OG0006505	ABB58175	ENSMUSP00000049342, ENSMUSP00000151804
OG0006533	ABB56701	ENSMUSP00000121960, ENSMUSP00000118208, ENSMUSP00000020528
OG0006545	ABB58147	ENSMUSP00000020012
OG0006555	ABB57172	ENSMUSP00000049770
OG0006592	ABB57264	ENSMUSP00000043390
OG0006615	ABB58420	ENSMUSP00000131967, ENSMUSP00000129100, ENSMUSP00000023222
OG0006621	ABB58467	ENSMUSP00000027921, ENSMUSP00000106603, ENSMUSP00000106601
OG0006628	ABB58023	ENSMUSP00000011055
OG0006637	ABB58632	ENSMUSP00000080994
OG0006638	ABB58633	ENSMUSP00000080993
OG0006644	ABB56802	ENSMUSP00000022232
OG0006646	ABB57004	ENSMUSP00000118999
OG0006647	ABB57989	ENSMUSP00000053160, ENSMUSP00000102394, ENSMUSP00000102393
OG0006648	ABB58626	ENSMUSP00000116825, ENSMUSP00000002064, ENSMUSP00000118278, ENSMUSP00000106019
OG0007411	ABB58237	ENSMUSP00000095344
OG0007484	ABB56196	ENSMUSP00000110144, ENSMUSP00000122941
OG0007503	ABB57210	ENSMUSP00000080998
OG0007571	ABB56226	ENSMUSP00000036110, ENSMUSP00000143793, ENSMUSP00000144578
OG0007621	ABB57614	ENSMUSP00000138382, ENSMUSP00000081020
OG0007625	ABB58146	ENSMUSP00000116130, ENSMUSP00000036730
OG0007655	ABB58412	ENSMUSP00000037361
OG0007660	ABB58240	ENSMUSP00000146020, ENSMUSP00000032840
OG0007661	ABB57373	ENSMUSP00000080991
OG0007665	ABB57214	ENSMUSP00000149239, ENSMUSP00000150693, ENSMUSP00000149552, ENSMUSP00000034570
OG0008757	ABB56237	ENSMUSP00000039537, ENSMUSP00000047171
OG0008759	ABB57349	ENSMUSP00000026723
OG0008787	ABB57463	ENSMUSP00000050258
OG0008794	ABB57047	ENSMUSP00000002048
OG0008833	ABB58415	ENSMUSP00000143022, ENSMUSP00000039429
OG0008841	ABB57372	ENSMUSP00000036696
OG0008842	ABB58629	ENSMUSP00000041149
OG0008881	ABB57252	ENSMUSP00000026072, ENSMUSP00000026073
OG0008920	ABB57404	ENSMUSP00000043825
OG0010272	ABB57922	ENSMUSP00000103401, ENSMUSP00000103399
OG0010514	ABB56181	ENSMUSP00000080224
OG0010515	ABB56603	ENSMUSP00000030408
OG0010517	ABB57402	ENSMUSP00000152579, ENSMUSP00000097442
OG0012560	ABB56405	ENSMUSP00000057984
OG0012561	ABB56453	ENSMUSP00000096705
OG0012566	ABB57497	ENSMUSP00000094318
OG0012567	ABB57609	ENSMUSP00000027826
OG0012569	ABB58558	ENSMUSP00000029632
OG0012570	ABB58607	ENSMUSP00000072084, ENSMUSP00000144202
OG0015272	ABB56334	ENSMUSP00000115503
OG0019219	ABB56238	ENSMUSP00000020886
OG0019235	ABB57055	ENSMUSP00000118843
OG0019244	ABB57592	ENSMUSP00000099677
