Orthogroup	cyanobacteria	human
OG0000002	ABB57141, ABB57151, ABB57324	ENSP00000390812, ENSP00000369223, ENSP00000484452, ENSP00000255448, ENSP00000353846, ENSP00000401916, ENSP00000303887, ENSP00000427235, ENSP00000296550, ENSP00000489372, ENSP00000422634, ENSP00000282356, ENSP00000482880, ENSP00000291041, ENSP00000391772, ENSP00000415770, ENSP00000359164, ENSP00000359169, ENSP00000340586, ENSP00000359161, ENSP00000405950, ENSP00000354861, ENSP00000009105, ENSP00000392173, ENSP00000368122, ENSP00000478861, ENSP00000478874, ENSP00000393238, ENSP00000256460, ENSP00000419195, ENSP00000417614, ENSP00000420053, ENSP00000296402, ENSP00000369098, ENSP00000422566, ENSP00000381412, ENSP00000261793, ENSP00000423482, ENSP00000423677, ENSP00000339740, ENSP00000378032, ENSP00000424245, ENSP00000425824, ENSP00000277853, ENSP00000315599, ENSP00000361851, ENSP00000378243, ENSP00000307082, ENSP00000410298, ENSP00000319060, ENSP00000258682, ENSP00000379098, ENSP00000326375, ENSP00000397937, ENSP00000326544, ENSP00000351542, ENSP00000326518, ENSP00000326427, ENSP00000390292, ENSP00000379096, ENSP00000378030
OG0000004	ABB56904	ENSP00000490262, ENSP00000436027, ENSP00000494341, ENSP00000489846, ENSP00000486629, ENSP00000377747, ENSP00000284049, ENSP00000483667, ENSP00000494126, ENSP00000496233, ENSP00000496291, ENSP00000494981, ENSP00000495023, ENSP00000423286, ENSP00000415576, ENSP00000351947, ENSP00000346217, ENSP00000360383, ENSP00000239026, ENSP00000377609, ENSP00000360378, ENSP00000377601, ENSP00000239027, ENSP00000360163, ENSP00000360162, ENSP00000360164, ENSP00000283131, ENSP00000493905, ENSP00000493690, ENSP00000494159, ENSP00000495802, ENSP00000496331, ENSP00000495355, ENSP00000496074, ENSP00000495599, ENSP00000496004, ENSP00000493615, ENSP00000494772, ENSP00000495536, ENSP00000397783, ENSP00000495368, ENSP00000343896, ENSP00000395654, ENSP00000493975, ENSP00000494353, ENSP00000496635, ENSP00000495548, ENSP00000414727, ENSP00000445036, ENSP00000464778, ENSP00000371629, ENSP00000265773, ENSP00000371638, ENSP00000489256, ENSP00000392081, ENSP00000349788, ENSP00000494463, ENSP00000392837, ENSP00000494676, ENSP00000466963
OG0000007	ABB57626	ENSP00000466058, ENSP00000483596, ENSP00000487681, ENSP00000477603, ENSP00000488610, ENSP00000482777, ENSP00000488451, ENSP00000483747, ENSP00000482704
OG0000007	ABB56716	ENSP00000427615, ENSP00000423128, ENSP00000303525, ENSP00000230236, ENSP00000363794, ENSP00000406488, ENSP00000387753, ENSP00000413950, ENSP00000403538
OG0000012	ABB57397	ENSP00000368079, ENSP00000477567, ENSP00000269703, ENSP00000469866, ENSP00000448998, ENSP00000321821, ENSP00000481243, ENSP00000319859, ENSP00000384588, ENSP00000248041, ENSP00000221700, ENSP00000221307, ENSP00000011989, ENSP00000468105, ENSP00000466395, ENSP00000466988, ENSP00000482692, ENSP00000476972, ENSP00000360968, ENSP00000334246, ENSP00000467846
OG0000022	ABB58533	ENSP00000416395, ENSP00000450802, ENSP00000450554, ENSP00000450614, ENSP00000450651, ENSP00000450435, ENSP00000452079, ENSP00000370750, ENSP00000267502, ENSP00000449079, ENSP00000391121, ENSP00000477512, ENSP00000477884, ENSP00000379547, ENSP00000479552, ENSP00000480095, ENSP00000482051, ENSP00000482782, ENSP00000484111, ENSP00000484246, ENSP00000484637, ENSP00000482809, ENSP00000477732, ENSP00000291892, ENSP00000483247, ENSP00000481856, ENSP00000465538, ENSP00000368173, ENSP00000412826, ENSP00000378361, ENSP00000370648, ENSP00000386161, ENSP00000482648, ENSP00000457230
OG0000023	ABB58103	ENSP00000297185, ENSP00000496940, ENSP00000324173, ENSP00000378199, ENSP00000247207, ENSP00000432083, ENSP00000227378, ENSP00000433584, ENSP00000437125, ENSP00000364805, ENSP00000396486, ENSP00000409151, ENSP00000408347, ENSP00000372881, ENSP00000406359, ENSP00000403530, ENSP00000375399, ENSP00000375391, ENSP00000404524, ENSP00000408907, ENSP00000364801, ENSP00000442789, ENSP00000387691, ENSP00000402651, ENSP00000382915, ENSP00000393087, ENSP00000364802
OG0000047	ABB57601	ENSP00000257979, ENSP00000293599, ENSP00000477688, ENSP00000320247, ENSP00000449830, ENSP00000477759, ENSP00000450022, ENSP00000447148, ENSP00000199280, ENSP00000462075, ENSP00000393121, ENSP00000462597, ENSP00000372654, ENSP00000311165, ENSP00000387178, ENSP00000405698, ENSP00000386712, ENSP00000421315
OG0000052	ABB56711, ABB58029, ABB56822	ENSP00000407512, ENSP00000466131, ENSP00000465338, ENSP00000467848, ENSP00000467734, ENSP00000468788, ENSP00000466207, ENSP00000322887, ENSP00000465779, ENSP00000466110, ENSP00000467948, ENSP00000468645, ENSP00000467449, ENSP00000464906, ENSP00000465558, ENSP00000466897, ENSP00000486590, ENSP00000412831, ENSP00000466025, ENSP00000465077, ENSP00000466712, ENSP00000465334, ENSP00000468097, ENSP00000365950, ENSP00000365946, ENSP00000466238, ENSP00000467138, ENSP00000467307, ENSP00000466216, ENSP00000467028, ENSP00000467876, ENSP00000467791, ENSP00000465114, ENSP00000464830, ENSP00000468016, ENSP00000464728, ENSP00000468229, ENSP00000490152
OG0000063	ABB58108, ABB57546	ENSP00000232375, ENSP00000373240, ENSP00000393047, ENSP00000407657, ENSP00000388394, ENSP00000364145, ENSP00000364131, ENSP00000480232, ENSP00000390285, ENSP00000444074, ENSP00000356047, ENSP00000356046, ENSP00000432356, ENSP00000436885, ENSP00000433771, ENSP00000486311, ENSP00000492001, ENSP00000487277, ENSP00000369111, ENSP00000353712, ENSP00000369105, ENSP00000369100, ENSP00000443319, ENSP00000369115, ENSP00000434628, ENSP00000404995
OG0000068	ABB57166	ENSP00000425381, ENSP00000425415, ENSP00000261180, ENSP00000400376, ENSP00000369235, ENSP00000421849, ENSP00000425758, ENSP00000421175, ENSP00000427573, ENSP00000231368, ENSP00000379117, ENSP00000406304, ENSP00000296754, ENSP00000265162, ENSP00000320324, ENSP00000437019, ENSP00000433287, ENSP00000436733, ENSP00000435639, ENSP00000435966, ENSP00000453545, ENSP00000300060, ENSP00000453405
OG0000081	ABB56812	ENSP00000405042, ENSP00000388073, ENSP00000393452, ENSP00000379243, ENSP00000379250, ENSP00000360407, ENSP00000321591, ENSP00000216911, ENSP00000379251, ENSP00000379249, ENSP00000379247, ENSP00000313950, ENSP00000462207, ENSP00000463999, ENSP00000462930, ENSP00000462027, ENSP00000464031, ENSP00000463636, ENSP00000462858, ENSP00000443869, ENSP00000471830, ENSP00000302898, ENSP00000469983, ENSP00000407162, ENSP00000469894, ENSP00000406798, ENSP00000405170, ENSP00000401358, ENSP00000483424, ENSP00000386017, ENSP00000261402, ENSP00000461981
OG0000083	ABB57844, ABB56696	ENSP00000465740
OG0000083	ABB56268, ABB56642	ENSP00000411432, ENSP00000416438, ENSP00000466314, ENSP00000383569, ENSP00000466459, ENSP00000376475, ENSP00000464977, ENSP00000467311, ENSP00000465445, ENSP00000465013, ENSP00000468106, ENSP00000445625, ENSP00000351410, ENSP00000440449, ENSP00000444487, ENSP00000385749, ENSP00000385349, ENSP00000402648, ENSP00000406670, ENSP00000394633, ENSP00000353415, ENSP00000265563, ENSP00000394041, ENSP00000296446, ENSP00000409239, ENSP00000400840, ENSP00000491687, ENSP00000265717
OG0000094	ABB58656	ENSP00000462366, ENSP00000325395, ENSP00000422683, ENSP00000312618, ENSP00000438689, ENSP00000463246, ENSP00000465353, ENSP00000467920, ENSP00000349297, ENSP00000344152
OG0000097	ABB56210, ABB56459, ABB58178, ABB57274	ENSP00000432031, ENSP00000482948, ENSP00000480811
OG0000097	ABB57347, ABB58604	ENSP00000480206
OG0000109	ABB57861	ENSP00000259727, ENSP00000405743, ENSP00000495708, ENSP00000453299, ENSP00000493542, ENSP00000453355, ENSP00000493917, ENSP00000453537, ENSP00000392859, ENSP00000496234, ENSP00000494163, ENSP00000334409.10, ENSP00000480342, ENSP00000495863, ENSP00000496504, ENSP00000494224, ENSP00000495583, ENSP00000382369, ENSP00000347449, ENSP00000418592, ENSP00000419609, ENSP00000403502, ENSP00000418742, ENSP00000420756, ENSP00000265385, ENSP00000346219, ENSP00000345096, ENSP00000399400, ENSP00000496892, ENSP00000420803, ENSP00000420185, ENSP00000417296, ENSP00000486056, ENSP00000393525, ENSP00000321584, ENSP00000420469
OG0000110	ABB58143	ENSP00000414624, ENSP00000439129, ENSP00000268835, ENSP00000392536, ENSP00000461241, ENSP00000443967, ENSP00000481322, ENSP00000492583, ENSP00000424595, ENSP00000370043, ENSP00000361505, ENSP00000418911, ENSP00000381504, ENSP00000361512, ENSP00000361495, ENSP00000370038, ENSP00000419380, ENSP00000496286
OG0000117	ABB57223	ENSP00000397765, ENSP00000398016, ENSP00000405565, ENSP00000382721, ENSP00000392820, ENSP00000401287, ENSP00000389516, ENSP00000382726, ENSP00000415015, ENSP00000382725, ENSP00000412805, ENSP00000390988, ENSP00000387738, ENSP00000395863, ENSP00000404106, ENSP00000388870, ENSP00000394919, ENSP00000406582, ENSP00000407189, ENSP00000392083, ENSP00000337463, ENSP00000378875, ENSP00000408842, ENSP00000372782, ENSP00000395613, ENSP00000405864, ENSP00000364245, ENSP00000406614, ENSP00000388253, ENSP00000412304, ENSP00000364248, ENSP00000388090, ENSP00000388815, ENSP00000408032, ENSP00000406615, ENSP00000382728, ENSP00000378877, ENSP00000387810, ENSP00000410831, ENSP00000382723, ENSP00000401410, ENSP00000378874
OG0000130	ABB57418	ENSP00000429688, ENSP00000377632, ENSP00000345659, ENSP00000497934, ENSP00000497626, ENSP00000496993, ENSP00000498065, ENSP00000309649, ENSP00000314099, ENSP00000417021, ENSP00000318912, ENSP00000285379, ENSP00000285381, ENSP00000443517, ENSP00000430656, ENSP00000427852, ENSP00000430471, ENSP00000430372, ENSP00000430975, ENSP00000430710, ENSP00000430737, ENSP00000429843, ENSP00000430861, ENSP00000429798, ENSP00000392338, ENSP00000429300, ENSP00000427773, ENSP00000486171, ENSP00000430543, ENSP00000430571, ENSP00000428923, ENSP00000314407
OG0000137	ABB57961	ENSP00000431146, ENSP00000341779, ENSP00000447122, ENSP00000335084, ENSP00000448981, ENSP00000390715, ENSP00000448437, ENSP00000365936, ENSP00000326031, ENSP00000350974, ENSP00000351298, ENSP00000296122, ENSP00000378769, ENSP00000457915
OG0000141	ABB57606, ABB57618	ENSP00000424603, ENSP00000353857, ENSP00000261514, ENSP00000425323, ENSP00000478336, ENSP00000424540, ENSP00000422678, ENSP00000370209, ENSP00000370213, ENSP00000405754, ENSP00000304257, ENSP00000495122, ENSP00000365256, ENSP00000365259, ENSP00000496632, ENSP00000365276, ENSP00000496353, ENSP00000365679, ENSP00000308367, ENSP00000262318, ENSP00000410907, ENSP00000372193
OG0000142	ABB56217	ENSP00000263112, ENSP00000402917, ENSP00000381340, ENSP00000330080, ENSP00000385445, ENSP00000384381, ENSP00000477856, ENSP00000384820, ENSP00000483019, ENSP00000415676, ENSP00000478615, ENSP00000385016, ENSP00000419751, ENSP00000385001, ENSP00000278765, ENSP00000286890, ENSP00000337587, ENSP00000383232, ENSP00000248923, ENSP00000383231, ENSP00000385721, ENSP00000385601, ENSP00000387499, ENSP00000395271, ENSP00000393537
OG0000152	ABB57007	ENSP00000434037, ENSP00000362481, ENSP00000362477, ENSP00000433987, ENSP00000362471, ENSP00000402994, ENSP00000358924, ENSP00000351546, ENSP00000346155, ENSP00000361284, ENSP00000361285, ENSP00000361289, ENSP00000361282, ENSP00000432363, ENSP00000356853, ENSP00000476327, ENSP00000476692, ENSP00000494961
OG0000158	ABB56873	ENSP00000373506, ENSP00000435929, ENSP00000412045, ENSP00000434516, ENSP00000432812, ENSP00000435123, ENSP00000433425, ENSP00000421934, ENSP00000347020, ENSP00000433935, ENSP00000380844, ENSP00000434919, ENSP00000429584, ENSP00000492342, ENSP00000430031, ENSP00000492093, ENSP00000383362, ENSP00000485665, ENSP00000383369, ENSP00000485128, ENSP00000383365, ENSP00000383363, ENSP00000221130, ENSP00000445516, ENSP00000438845, ENSP00000444559
OG0000171	ABB56491	ENSP00000425416, ENSP00000424630, ENSP00000265512, ENSP00000486450, ENSP00000427525, ENSP00000423571, ENSP00000237653, ENSP00000378359, ENSP00000426187, ENSP00000378358, ENSP00000478545, ENSP00000478439, ENSP00000425998, ENSP00000486614, ENSP00000491622, ENSP00000306606, ENSP00000426083, ENSP00000209668, ENSP00000420269, ENSP00000420300, ENSP00000420613, ENSP00000209665, ENSP00000414254, ENSP00000427049, ENSP00000296412
OG0000199	ABB57377	ENSP00000424575, ENSP00000436285, ENSP00000338615, ENSP00000410474, ENSP00000434630, ENSP00000357816, ENSP00000311825, ENSP00000481909, ENSP00000425053, ENSP00000426470, ENSP00000420983, ENSP00000424684, ENSP00000372411, ENSP00000422364, ENSP00000422148, ENSP00000290921
OG0000211	ABB56058	ENSP00000465785, ENSP00000418048, ENSP00000302719, ENSP00000367323, ENSP00000396167, ENSP00000318772, ENSP00000367332, ENSP00000473602, ENSP00000400285, ENSP00000374283, ENSP00000420755, ENSP00000420221, ENSP00000464860, ENSP00000367351, ENSP00000164247, ENSP00000367337, ENSP00000340824, ENSP00000418956, ENSP00000419952, ENSP00000374287, ENSP00000484368, ENSP00000374285, ENSP00000305858
OG0000217	ABB56521	ENSP00000176643, ENSP00000463637, ENSP00000378942, ENSP00000345774, ENSP00000461916, ENSP00000486085, ENSP00000464153, ENSP00000388469, ENSP00000389766, ENSP00000434685, ENSP00000461189, ENSP00000460792, ENSP00000458841, ENSP00000388369, ENSP00000378923, ENSP00000411821, ENSP00000225740, ENSP00000460482, ENSP00000255084, ENSP00000431595, ENSP00000481604, ENSP00000478486, ENSP00000473990
OG0000230	ABB56672	ENSP00000343849, ENSP00000479985, ENSP00000253577, ENSP00000435521, ENSP00000493617, ENSP00000432813, ENSP00000493713, ENSP00000496526, ENSP00000362492, ENSP00000436586, ENSP00000265316, ENSP00000295750
OG0000231	ABB57785	ENSP00000455143, ENSP00000327943, ENSP00000401875, ENSP00000379008, ENSP00000379005, ENSP00000324346, ENSP00000379007, ENSP00000236495, ENSP00000431900, ENSP00000401730, ENSP00000399991, ENSP00000404982, ENSP00000370543, ENSP00000441384, ENSP00000456234, ENSP00000416782, ENSP00000454401, ENSP00000289932, ENSP00000457179, ENSP00000456376, ENSP00000389606, ENSP00000266088, ENSP00000444898, ENSP00000266086, ENSP00000410601, ENSP00000431196
OG0000238	ABB57344	ENSP00000481724, ENSP00000365184, ENSP00000365139, ENSP00000318480, ENSP00000269143, ENSP00000461979, ENSP00000496047, ENSP00000495999, ENSP00000495967, ENSP00000494806, ENSP00000268704, ENSP00000495293, ENSP00000495473, ENSP00000495795, ENSP00000493590, ENSP00000494160
OG0000255	ABB57729	ENSP00000460164, ENSP00000391848, ENSP00000338084, ENSP00000326671, ENSP00000458694, ENSP00000378951, ENSP00000462630, ENSP00000270570, ENSP00000407155, ENSP00000462225
OG0000257	ABB57411	ENSP00000390550, ENSP00000397199, ENSP00000397875, ENSP00000395308, ENSP00000383452, ENSP00000394785, ENSP00000411327, ENSP00000413319, ENSP00000389065, ENSP00000412553, ENSP00000373082, ENSP00000414373, ENSP00000313603, ENSP00000393143, ENSP00000391102, ENSP00000365728, ENSP00000404726, ENSP00000389472, ENSP00000403526, ENSP00000373081, ENSP00000445100, ENSP00000292808, ENSP00000411471, ENSP00000287844, ENSP00000222388
OG0000258	ABB57327	ENSP00000491793, ENSP00000492638, ENSP00000492309, ENSP00000491724, ENSP00000492377, ENSP00000492733, ENSP00000492272, ENSP00000492393, ENSP00000491520, ENSP00000492067, ENSP00000372384, ENSP00000491152, ENSP00000491954, ENSP00000321070, ENSP00000492085, ENSP00000358719, ENSP00000315255, ENSP00000433636, ENSP00000376998, ENSP00000440246, ENSP00000431182
OG0000262	ABB58088	ENSP00000463226, ENSP00000384949, ENSP00000328858, ENSP00000385483, ENSP00000479793, ENSP00000336579, ENSP00000463601, ENSP00000463342, ENSP00000480779, ENSP00000462398, ENSP00000482614, ENSP00000463352, ENSP00000464098, ENSP00000485679, ENSP00000463343, ENSP00000386002, ENSP00000482845, ENSP00000414068, ENSP00000478165, ENSP00000342502, ENSP00000488777, ENSP00000478138, ENSP00000366802, ENSP00000487676, ENSP00000484458, ENSP00000220966, ENSP00000488371, ENSP00000404493, ENSP00000488877, ENSP00000480945, ENSP00000401804, ENSP00000488701
OG0000277	ABB56319	ENSP00000221444, ENSP00000408321, ENSP00000280684, ENSP00000491977, ENSP00000314520, ENSP00000487785, ENSP00000492716, ENSP00000491627, ENSP00000491647, ENSP00000433109, ENSP00000491613, ENSP00000358785, ENSP00000492506, ENSP00000371985, ENSP00000358784, ENSP00000328511, ENSP00000252321, ENSP00000358786
OG0000278	ABB56624	ENSP00000446740, ENSP00000450091, ENSP00000410275, ENSP00000370462, ENSP00000370517, ENSP00000476311, ENSP00000408858, ENSP00000370465, ENSP00000387871, ENSP00000446519, ENSP00000352842, ENSP00000309438, ENSP00000345771, ENSP00000496597, ENSP00000446829, ENSP00000448177, ENSP00000446945, ENSP00000449426, ENSP00000450369, ENSP00000448253, ENSP00000269848, ENSP00000449835, ENSP00000449269, ENSP00000446805, ENSP00000477128, ENSP00000385880
OG0000279	ABB58528, ABB58529	ENSP00000391341, ENSP00000399313, ENSP00000403273, ENSP00000390961, ENSP00000395732, ENSP00000413293, ENSP00000403627, ENSP00000398834, ENSP00000400615, ENSP00000411030, ENSP00000416413, ENSP00000393741, ENSP00000393409, ENSP00000390909, ENSP00000389138, ENSP00000409995, ENSP00000403917, ENSP00000409375, ENSP00000412484, ENSP00000390747, ENSP00000388861, ENSP00000391438, ENSP00000365569, ENSP00000373056, ENSP00000372873, ENSP00000397108
OG0000285	ABB56619	ENSP00000485818, ENSP00000372860, ENSP00000316092, ENSP00000400867, ENSP00000449862, ENSP00000449382, ENSP00000447179, ENSP00000441000, ENSP00000446839, ENSP00000447141, ENSP00000448002, ENSP00000447763, ENSP00000447478, ENSP00000446608, ENSP00000449456, ENSP00000396754, ENSP00000373032, ENSP00000407805, ENSP00000389027, ENSP00000405843, ENSP00000405822, ENSP00000394771, ENSP00000416833, ENSP00000415679, ENSP00000390673, ENSP00000403359, ENSP00000211402, ENSP00000364815, ENSP00000401121, ENSP00000415316
OG0000288	ABB57749	ENSP00000408529, ENSP00000482665, ENSP00000359110, ENSP00000359111, ENSP00000217901, ENSP00000401862, ENSP00000402747, ENSP00000370223, ENSP00000482773, ENSP00000484922, ENSP00000370232, ENSP00000453084, ENSP00000299518, ENSP00000453222, ENSP00000453747, ENSP00000452754, ENSP00000453480
OG0000299	ABB56126, ABB56942	ENSP00000399314
OG0000318	ABB58384	ENSP00000403279, ENSP00000222803, ENSP00000310935, ENSP00000438749, ENSP00000378046, ENSP00000398147, ENSP00000446368, ENSP00000371134, ENSP00000371143, ENSP00000359693, ENSP00000371138, ENSP00000383003, ENSP00000370373, ENSP00000482758, ENSP00000370379, ENSP00000409863, ENSP00000406593
OG0000359	ABB57850	ENSP00000436807, ENSP00000431217, ENSP00000432095, ENSP00000378507, ENSP00000314380, ENSP00000432706, ENSP00000435901, ENSP00000449957, ENSP00000446771, ENSP00000450132, ENSP00000447715, ENSP00000449360, ENSP00000449711, ENSP00000321951, ENSP00000444639
OG0000360	ABB57059	ENSP00000438593, ENSP00000261192, ENSP00000440817, ENSP00000443459, ENSP00000339805, ENSP00000440827, ENSP00000481749, ENSP00000440973, ENSP00000470680, ENSP00000469139, ENSP00000470216, ENSP00000322991, ENSP00000385161, ENSP00000469651, ENSP00000472641
OG0000365	ABB56845	ENSP00000495358, ENSP00000421576, ENSP00000494297, ENSP00000493611, ENSP00000407105, ENSP00000424516, ENSP00000493630, ENSP00000494569, ENSP00000494296, ENSP00000230771, ENSP00000494965, ENSP00000493571, ENSP00000423616, ENSP00000495350, ENSP00000496011, ENSP00000425695, ENSP00000494140, ENSP00000494742, ENSP00000430063, ENSP00000425889, ENSP00000411085, ENSP00000393244, ENSP00000304668, ENSP00000411511, ENSP00000387893, ENSP00000495156, ENSP00000425634
OG0000383	ABB56671	ENSP00000431087, ENSP00000430636, ENSP00000324105, ENSP00000430055, ENSP00000495530, ENSP00000493526, ENSP00000234590, ENSP00000438873, ENSP00000437402, ENSP00000229277, ENSP00000438062, ENSP00000441490
OG0000387	ABB58339	ENSP00000334063, ENSP00000301522, ENSP00000389047, ENSP00000407034, ENSP00000262746, ENSP00000361152, ENSP00000298510, ENSP00000413736, ENSP00000368654, ENSP00000368635, ENSP00000368646, ENSP00000361150
OG0000388	ABB58527	ENSP00000372398, ENSP00000479681, ENSP00000219479, ENSP00000395605, ENSP00000405925, ENSP00000455435, ENSP00000219302, ENSP00000425581, ENSP00000426901, ENSP00000421064, ENSP00000376886, ENSP00000426976, ENSP00000365572, ENSP00000451932, ENSP00000376889, ENSP00000429318, ENSP00000412039, ENSP00000387682, ENSP00000376880, ENSP00000435498, ENSP00000428553, ENSP00000376892, ENSP00000013034, ENSP00000337060
OG0000403	ABB58104, ABB58609, ABB57819	ENSP00000399494, ENSP00000359799, ENSP00000254322, ENSP00000404079, ENSP00000413684, ENSP00000441999, ENSP00000312517, ENSP00000344431
OG0000419	ABB57433	ENSP00000455355, ENSP00000380511, ENSP00000380514, ENSP00000455970, ENSP00000455422, ENSP00000374353, ENSP00000456390, ENSP00000341952, ENSP00000456978, ENSP00000258362, ENSP00000414400, ENSP00000273077
OG0000421	ABB57331	ENSP00000462678, ENSP00000462291, ENSP00000453359, ENSP00000347232, ENSP00000497646, ENSP00000454158, ENSP00000462547, ENSP00000341983, ENSP00000462248, ENSP00000414933, ENSP00000317636, ENSP00000394820, ENSP00000463701, ENSP00000463099, ENSP00000395449, ENSP00000416739
OG0000425	ABB58220	ENSP00000365693
OG0000425	ABB56384	ENSP00000441650, ENSP00000494941, ENSP00000312274, ENSP00000481483, ENSP00000437623, ENSP00000440722, ENSP00000404903, ENSP00000496162, ENSP00000442620, ENSP00000445843, ENSP00000496008, ENSP00000494265, ENSP00000347324
OG0000450	ABB57793, ABB56205, ABB58612	ENSP00000269159, ENSP00000408526, ENSP00000429735, ENSP00000430283, ENSP00000429322, ENSP00000430081, ENSP00000311803, ENSP00000429516, ENSP00000428425, ENSP00000428812, ENSP00000428594, ENSP00000256108
OG0000454	ABB57154	ENSP00000392754, ENSP00000401700, ENSP00000408764
OG0000455	ABB57843	ENSP00000299767, ENSP00000335153, ENSP00000216281, ENSP00000481908, ENSP00000360609, ENSP00000325875, ENSP00000360709, ENSP00000459385, ENSP00000459354, ENSP00000459585, ENSP00000458166, ENSP00000442070, ENSP00000246957
OG0000459	ABB58059	ENSP00000487931, ENSP00000467221, ENSP00000468201, ENSP00000468298, ENSP00000464797, ENSP00000488871, ENSP00000488409, ENSP00000496041, ENSP00000466191, ENSP00000488744, ENSP00000467590, ENSP00000488174, ENSP00000488465, ENSP00000466851, ENSP00000487801, ENSP00000495129, ENSP00000488493, ENSP00000487666, ENSP00000488850, ENSP00000488295, ENSP00000465858, ENSP00000405573, ENSP00000467670, ENSP00000493517, ENSP00000348877
OG0000489	ABB57888	ENSP00000216117, ENSP00000413316, ENSP00000488904, ENSP00000459203, ENSP00000460926, ENSP00000488769, ENSP00000394103, ENSP00000488880, ENSP00000459214, ENSP00000481295, ENSP00000484422, ENSP00000481811, ENSP00000381595, ENSP00000484467, ENSP00000219700, ENSP00000483319, ENSP00000478785, ENSP00000391637, ENSP00000484423, ENSP00000487673, ENSP00000385100, ENSP00000488579, ENSP00000477572, ENSP00000480515, ENSP00000487781, ENSP00000458592, ENSP00000488170, ENSP00000458797
OG0000513	ABB56843, ABB57294	ENSP00000320246, ENSP00000480916, ENSP00000330320, ENSP00000490527, ENSP00000490648, ENSP00000490731, ENSP00000359735, ENSP00000490406, ENSP00000487486, ENSP00000490330, ENSP00000359729, ENSP00000359732, ENSP00000416418, ENSP00000354966
OG0000514	ABB58652, ABB58693, ABB57496, ABB56203	ENSP00000381225, ENSP00000479559, ENSP00000481719, ENSP00000485669, ENSP00000352643, ENSP00000381231, ENSP00000381234, ENSP00000344460, ENSP00000485527
OG0000517	ABB57446	ENSP00000381773, ENSP00000349705, ENSP00000416451, ENSP00000408282, ENSP00000397221, ENSP00000402622, ENSP00000392480, ENSP00000390977, ENSP00000442336, ENSP00000491689, ENSP00000492229, ENSP00000321636, ENSP00000462790, ENSP00000491260, ENSP00000491577, ENSP00000466641
OG0000552	ABB57967	ENSP00000494822, ENSP00000428214, ENSP00000435644, ENSP00000495616, ENSP00000493962, ENSP00000427725, ENSP00000495285, ENSP00000429461, ENSP00000410912, ENSP00000495223, ENSP00000493848, ENSP00000313921, ENSP00000496174, ENSP00000436839, ENSP00000493922, ENSP00000371930
OG0000556	ABB57810	ENSP00000398392, ENSP00000416476, ENSP00000480669, ENSP00000443665, ENSP00000398272, ENSP00000444286, ENSP00000402667, ENSP00000402564, ENSP00000231790, ENSP00000416687, ENSP00000407019, ENSP00000386623, ENSP00000363959, ENSP00000480632, ENSP00000410082, ENSP00000343888, ENSP00000391136, ENSP00000411151, ENSP00000371758, ENSP00000393006
OG0000558	ABB56059	ENSP00000309259, ENSP00000418779, ENSP00000378416, ENSP00000417719, ENSP00000495662, ENSP00000337131, ENSP00000407204, ENSP00000496725, ENSP00000332369, ENSP00000495814, ENSP00000495713, ENSP00000497236, ENSP00000379501, ENSP00000388151, ENSP00000406719, ENSP00000402213, ENSP00000371110, ENSP00000248924
OG0000559	ABB56997	ENSP00000445599, ENSP00000486721, ENSP00000442079, ENSP00000486081, ENSP00000486071, ENSP00000438726, ENSP00000486122, ENSP00000487456, ENSP00000486199, ENSP00000440092, ENSP00000443058, ENSP00000486658, ENSP00000486742, ENSP00000438424, ENSP00000487285, ENSP00000445429, ENSP00000278715, ENSP00000486176, ENSP00000486979, ENSP00000392041, ENSP00000496970, ENSP00000498066, ENSP00000497255, ENSP00000444730, ENSP00000497689, ENSP00000376584
OG0000560	ABB58442	ENSP00000356587, ENSP00000356588, ENSP00000401989, ENSP00000368952, ENSP00000286713, ENSP00000339607, ENSP00000445764
OG0000561	ABB57690	ENSP00000408116, ENSP00000394093, ENSP00000394075, ENSP00000360626, ENSP00000315654, ENSP00000312129, ENSP00000457897, ENSP00000393655, ENSP00000438423, ENSP00000497415, ENSP00000319877, ENSP00000448301, ENSP00000376966, ENSP00000319591, ENSP00000358711, ENSP00000306923, ENSP00000333496, ENSP00000415463, ENSP00000218176, ENSP00000413989, ENSP00000365660
OG0000592	ABB56654	ENSP00000218104, ENSP00000310688, ENSP00000359233, ENSP00000451770, ENSP00000349396, ENSP00000432557, ENSP00000452430
OG0000594	ABB57244	ENSP00000354677, ENSP00000468349, ENSP00000473614, ENSP00000484697, ENSP00000477503, ENSP00000466872, ENSP00000465828, ENSP00000464989, ENSP00000346103, ENSP00000485000, ENSP00000483655, ENSP00000467900
OG0000596	ABB56292, ABB57119, ABB56669	ENSP00000440423, ENSP00000496231, ENSP00000495421, ENSP00000445327, ENSP00000442651, ENSP00000494594, ENSP00000439746, ENSP00000294053, ENSP00000340385, ENSP00000441518, ENSP00000407296, ENSP00000443822, ENSP00000495167, ENSP00000445180
OG0000597	ABB56296	ENSP00000353104, ENSP00000236342, ENSP00000434984, ENSP00000434219, ENSP00000397584, ENSP00000393961, ENSP00000399177, ENSP00000363300, ENSP00000405604, ENSP00000436119, ENSP00000403529, ENSP00000433491, ENSP00000431407, ENSP00000433976, ENSP00000436764, ENSP00000434185
OG0000600	ABB56130	ENSP00000403365, ENSP00000373745, ENSP00000456100, ENSP00000455736, ENSP00000456970, ENSP00000457253, ENSP00000455901, ENSP00000320171, ENSP00000334983, ENSP00000459921, ENSP00000339933, ENSP00000461487, ENSP00000376214
OG0000602	ABB56866	ENSP00000469189, ENSP00000471524, ENSP00000486242, ENSP00000496354, ENSP00000420738, ENSP00000494621, ENSP00000417254, ENSP00000494625, ENSP00000463669, ENSP00000495296, ENSP00000417370, ENSP00000496149, ENSP00000318297, ENSP00000473172, ENSP00000221413
OG0000630	ABB57984	ENSP00000401264, ENSP00000369590, ENSP00000352222, ENSP00000497714, ENSP00000497446, ENSP00000497762, ENSP00000496963, ENSP00000496792, ENSP00000361699, ENSP00000497602, ENSP00000497744, ENSP00000361704, ENSP00000497698
OG0000632	ABB58016, ABB56408, ABB56407, ABB57256	ENSP00000388934, ENSP00000203407, ENSP00000390035, ENSP00000408682, ENSP00000402859, ENSP00000397884, ENSP00000249269, ENSP00000416702, ENSP00000408393, ENSP00000360782
OG0000644	ABB56248	ENSP00000339399, ENSP00000359909, ENSP00000399805, ENSP00000359908, ENSP00000359907, ENSP00000404289, ENSP00000389620, ENSP00000384414, ENSP00000337834, ENSP00000238721
OG0000645	ABB58359	ENSP00000493810, ENSP00000493928, ENSP00000495667, ENSP00000495432, ENSP00000493536, ENSP00000262878, ENSP00000494354, ENSP00000495381, ENSP00000494520, ENSP00000494436, ENSP00000495645, ENSP00000495737, ENSP00000494979, ENSP00000496474, ENSP00000494271, ENSP00000494823, ENSP00000494313, ENSP00000495448, ENSP00000496075
OG0000646	ABB58243	ENSP00000371230, ENSP00000482308, ENSP00000352948, ENSP00000413933, ENSP00000378743, ENSP00000322175, ENSP00000445912, ENSP00000447082, ENSP00000449003, ENSP00000362548, ENSP00000346921, ENSP00000446849
OG0000647	ABB57112	ENSP00000262429, ENSP00000397925, ENSP00000425320, ENSP00000427461, ENSP00000395809, ENSP00000424783, ENSP00000423330, ENSP00000402677, ENSP00000422872, ENSP00000425228, ENSP00000352665, ENSP00000421326, ENSP00000423774, ENSP00000432956, ENSP00000329664
OG0000648	ABB57891	ENSP00000351142, ENSP00000419832, ENSP00000344173, ENSP00000440556, ENSP00000363292, ENSP00000412329, ENSP00000373987, ENSP00000373986, ENSP00000425599, ENSP00000424095, ENSP00000347437, ENSP00000405427, ENSP00000398767, ENSP00000415522, ENSP00000345747
OG0000669	ABB57409	ENSP00000486373, ENSP00000434192
OG0000669	ABB58405	ENSP00000490939, ENSP00000490843, ENSP00000489804
OG0000707	ABB58493	ENSP00000414961, ENSP00000361287, ENSP00000303147
OG0000713	ABB57969	ENSP00000466432
OG0000713	ABB56277	ENSP00000380065, ENSP00000478864, ENSP00000380067, ENSP00000380068, ENSP00000380070, ENSP00000229239, ENSP00000222286
OG0000729	ABB56650	ENSP00000420459, ENSP00000419346, ENSP00000420801, ENSP00000315931, ENSP00000413639, ENSP00000377238, ENSP00000352092, ENSP00000358814, ENSP00000442820, ENSP00000217426
OG0000733	ABB56705	ENSP00000431568, ENSP00000437166, ENSP00000436597, ENSP00000431292, ENSP00000434985, ENSP00000436430, ENSP00000436469, ENSP00000431264, ENSP00000432528, ENSP00000437093, ENSP00000432330, ENSP00000361187, ENSP00000361182, ENSP00000347685, ENSP00000361176, ENSP00000407590, ENSP00000346354, ENSP00000408176, ENSP00000361170, ENSP00000433130, ENSP00000409718, ENSP00000403655, ENSP00000435889, ENSP00000410263, ENSP00000433843
OG0000736	ABB57986	ENSP00000419563, ENSP00000419293, ENSP00000418020
OG0000739	ABB58340	ENSP00000350928, ENSP00000498009, ENSP00000259271, ENSP00000365437, ENSP00000410648, ENSP00000415485, ENSP00000369179, ENSP00000267085, ENSP00000369175, ENSP00000427059, ENSP00000282538
OG0000740	ABB57680	ENSP00000313504, ENSP00000299167, ENSP00000456729, ENSP00000369274, ENSP00000362646, ENSP00000441251, ENSP00000362640, ENSP00000362643, ENSP00000342469
OG0000766	ABB58338	ENSP00000490465, ENSP00000399943, ENSP00000489969, ENSP00000490251, ENSP00000489856, ENSP00000273588, ENSP00000378747, ENSP00000489620, ENSP00000489760, ENSP00000415619, ENSP00000490324, ENSP00000490871, ENSP00000489628, ENSP00000403821, ENSP00000490601, ENSP00000443200, ENSP00000490106, ENSP00000489758
OG0000769	ABB57895, ABB58334	ENSP00000341679, ENSP00000344340, ENSP00000367890, ENSP00000339727, ENSP00000462999
OG0000770	ABB56517	ENSP00000359991, ENSP00000412189, ENSP00000297283, ENSP00000342032, ENSP00000376840, ENSP00000399838, ENSP00000403050
OG0000775	ABB58112, ABB56915	ENSP00000418755, ENSP00000417225, ENSP00000264263, ENSP00000419038, ENSP00000424877, ENSP00000421717, ENSP00000405808, ENSP00000296804, ENSP00000427004, ENSP00000296805
OG0000791	ABB58587	ENSP00000490315, ENSP00000389413, ENSP00000490454, ENSP00000395553, ENSP00000392709, ENSP00000490092, ENSP00000399912, ENSP00000490898, ENSP00000490766, ENSP00000409766, ENSP00000489945, ENSP00000400976, ENSP00000489705, ENSP00000409689, ENSP00000490583, ENSP00000397760, ENSP00000233190, ENSP00000489640
OG0000841	ABB57824	ENSP00000412402, ENSP00000392354, ENSP00000390377, ENSP00000399415, ENSP00000302227, ENSP00000317342, ENSP00000260508, ENSP00000359522
OG0000844	ABB56806, ABB58557	ENSP00000428875, ENSP00000428191, ENSP00000430269, ENSP00000427956, ENSP00000430302, ENSP00000369843, ENSP00000359410, ENSP00000430779
OG0000845	ABB58590	ENSP00000422022, ENSP00000286794, ENSP00000359032, ENSP00000377315, ENSP00000359028, ENSP00000413668, ENSP00000359026, ENSP00000417763
OG0000887	ABB56314	ENSP00000318868, ENSP00000318805, ENSP00000413770, ENSP00000452419, ENSP00000406881, ENSP00000333667, ENSP00000452315
OG0000893	ABB58041	ENSP00000467389, ENSP00000465737, ENSP00000464770, ENSP00000269466
OG0000910	ABB56347	ENSP00000492828, ENSP00000485462, ENSP00000490946, ENSP00000489728, ENSP00000485525, ENSP00000216194, ENSP00000490909, ENSP00000489696, ENSP00000485288, ENSP00000485073, ENSP00000485437, ENSP00000485286, ENSP00000341429, ENSP00000485289, ENSP00000485477
OG0000911	ABB57133	ENSP00000427423, ENSP00000425868, ENSP00000295448, ENSP00000424061, ENSP00000423494, ENSP00000421524, ENSP00000424625, ENSP00000424537, ENSP00000423485, ENSP00000424275, ENSP00000423674, ENSP00000311876
OG0000959	ABB58343, ABB56717	ENSP00000373620, ENSP00000340019, ENSP00000393670, ENSP00000412717
OG0000960	ABB56859	ENSP00000478349
OG0000960	ABB56986	ENSP00000371830, ENSP00000366617, ENSP00000348915, ENSP00000259199, ENSP00000366608, ENSP00000417466, ENSP00000366609, ENSP00000323433.10, ENSP00000482804, ENSP00000405076, ENSP00000371842, ENSP00000353295, ENSP00000411906, ENSP00000371885, ENSP00000480203, ENSP00000366612, ENSP00000483870, ENSP00000397999, ENSP00000366559, ENSP00000401079
OG0000967	ABB56273	ENSP00000395738, ENSP00000385807, ENSP00000252136, ENSP00000384968, ENSP00000397744, ENSP00000392261
OG0000973	ABB56664	ENSP00000339027, ENSP00000449328, ENSP00000447311, ENSP00000449205, ENSP00000366471, ENSP00000448223, ENSP00000450019, ENSP00000450121, ENSP00000449765, ENSP00000450222, ENSP00000448639, ENSP00000376299, ENSP00000448046, ENSP00000449854, ENSP00000446777
OG0000977	ABB56333	ENSP00000458403, ENSP00000419579, ENSP00000461315, ENSP00000461884, ENSP00000460028, ENSP00000459367, ENSP00000458815, ENSP00000459208, ENSP00000460161, ENSP00000418068, ENSP00000419541, ENSP00000265304, ENSP00000419665, ENSP00000419388, ENSP00000480488, ENSP00000420485, ENSP00000418181
OG0000985	ABB57303	ENSP00000478505, ENSP00000357216, ENSP00000357217, ENSP00000357218, ENSP00000398520, ENSP00000426964, ENSP00000463919, ENSP00000493302, ENSP00000493348, ENSP00000225573, ENSP00000399960, ENSP00000463972
OG0001019	ABB56073	ENSP00000484219, ENSP00000346659, ENSP00000261276, ENSP00000488119, ENSP00000414425, ENSP00000488215, ENSP00000415431, ENSP00000488768, ENSP00000488458
OG0001032	ABB57719, ABB58457	ENSP00000384812, ENSP00000380402, ENSP00000342333, ENSP00000383950, ENSP00000411719, ENSP00000486251, ENSP00000385062, ENSP00000400764, ENSP00000249042, ENSP00000385828, ENSP00000478739
OG0001033	ABB56969	ENSP00000354436, ENSP00000406157, ENSP00000265174
OG0001035	ABB56702	ENSP00000405416
OG0001035	ABB56743	ENSP00000406136, ENSP00000402608, ENSP00000233072
OG0001036	ABB56614	ENSP00000390390, ENSP00000397522, ENSP00000481238, ENSP00000410756, ENSP00000326491, ENSP00000462935, ENSP00000462578, ENSP00000289119, ENSP00000463848
OG0001040	ABB58246	ENSP00000341885, ENSP00000436227, ENSP00000436865, ENSP00000460860, ENSP00000433170, ENSP00000433034, ENSP00000436356
OG0001044	ABB58636	ENSP00000358060, ENSP00000475847, ENSP00000424387, ENSP00000387710, ENSP00000265112, ENSP00000478827, ENSP00000439899, ENSP00000338093, ENSP00000452740
OG0001050	ABB56570	ENSP00000413503, ENSP00000418340, ENSP00000417773, ENSP00000405455, ENSP00000296289, ENSP00000391481, ENSP00000401111, ENSP00000416552, ENSP00000358928, ENSP00000358931, ENSP00000280605
OG0001053	ABB56833	ENSP00000442920, ENSP00000441362, ENSP00000439191, ENSP00000445015, ENSP00000356022, ENSP00000356021, ENSP00000337127, ENSP00000384196, ENSP00000404804, ENSP00000446252
OG0001055	ABB57135	ENSP00000454815, ENSP00000262302, ENSP00000281081, ENSP00000449918, ENSP00000447316, ENSP00000447618, ENSP00000446511, ENSP00000447658, ENSP00000447234
OG0001059	ABB58388	ENSP00000419157, ENSP00000419189, ENSP00000377696, ENSP00000356987, ENSP00000356988, ENSP00000376028, ENSP00000356986
OG0001063	ABB57382	ENSP00000261206, ENSP00000449535, ENSP00000439304, ENSP00000388793, ENSP00000365916, ENSP00000316924, ENSP00000353804, ENSP00000253382
OG0001110	ABB56955, ABB56882	ENSP00000371236, ENSP00000371253, ENSP00000371261, ENSP00000413040, ENSP00000398631, ENSP00000409771, ENSP00000390003, ENSP00000354388
OG0001134	ABB57692	ENSP00000257347, ENSP00000443027, ENSP00000488657, ENSP00000380300, ENSP00000488062, ENSP00000432619, ENSP00000278224, ENSP00000487923, ENSP00000369897, ENSP00000482336
OG0001135	ABB57914	ENSP00000461814, ENSP00000436562, ENSP00000458805, ENSP00000458727, ENSP00000459836, ENSP00000459044, ENSP00000442050, ENSP00000439245, ENSP00000458931, ENSP00000460767, ENSP00000331719, ENSP00000458330, ENSP00000461190, ENSP00000458472
OG0001136	ABB57339	ENSP00000408307, ENSP00000492937, ENSP00000365777, ENSP00000365775, ENSP00000493098, ENSP00000493262, ENSP00000365669, ENSP00000493116, ENSP00000405082, ENSP00000365767, ENSP00000365770, ENSP00000398908
OG0001152	ABB58062	ENSP00000405909, ENSP00000496201, ENSP00000493786, ENSP00000490009, ENSP00000473444, ENSP00000364371, ENSP00000359171, ENSP00000492745, ENSP00000491854, ENSP00000364493
OG0001213	ABB57420	ENSP00000430909, ENSP00000425260, ENSP00000421608, ENSP00000422444, ENSP00000424974, ENSP00000427499, ENSP00000427008, ENSP00000426860, ENSP00000304229, ENSP00000259667
OG0001215	ABB56482	ENSP00000417693, ENSP00000415102, ENSP00000418598, ENSP00000377842, ENSP00000418882, ENSP00000306965, ENSP00000387219
OG0001220	ABB56368	ENSP00000465477, ENSP00000467830, ENSP00000465259, ENSP00000468458, ENSP00000465497, ENSP00000466975, ENSP00000282050, ENSP00000467037, ENSP00000381736
OG0001224	ABB58552	ENSP00000408770, ENSP00000393861, ENSP00000416518, ENSP00000282541, ENSP00000446768, ENSP00000301149
OG0001227	ABB57551	ENSP00000432006, ENSP00000431379, ENSP00000433755, ENSP00000355940, ENSP00000355941, ENSP00000434801, ENSP00000431376, ENSP00000434276, ENSP00000436364, ENSP00000434428, ENSP00000432730, ENSP00000433143, ENSP00000475492
OG0001232	ABB56974	ENSP00000362322, ENSP00000362344, ENSP00000377309, ENSP00000406328, ENSP00000400007, ENSP00000486766, ENSP00000362325
OG0001240	ABB56228	ENSP00000457910, ENSP00000455219, ENSP00000258168, ENSP00000262340, ENSP00000414843, ENSP00000432045, ENSP00000431802, ENSP00000437053, ENSP00000436615, ENSP00000354338, ENSP00000476560, ENSP00000350314, ENSP00000431882
OG0001246	ABB57636, ABB58124	ENSP00000421540, ENSP00000426589, ENSP00000437959, ENSP00000369073, ENSP00000369067, ENSP00000437953, ENSP00000369066, ENSP00000369071, ENSP00000474155, ENSP00000423871, ENSP00000421440, ENSP00000416330
OG0001309	ABB57897	ENSP00000447738
OG0001314	ABB58154	ENSP00000397697, ENSP00000365804, ENSP00000402189, ENSP00000496046, ENSP00000496013, ENSP00000334061, ENSP00000494503
OG0001320	ABB57730	ENSP00000488379, ENSP00000433331, ENSP00000488203, ENSP00000437012, ENSP00000431587, ENSP00000488614, ENSP00000487640, ENSP00000435386, ENSP00000478042, ENSP00000398803, ENSP00000488496, ENSP00000435240
OG0001328	ABB58076	ENSP00000455287, ENSP00000492187, ENSP00000492056, ENSP00000455579, ENSP00000457630, ENSP00000492798, ENSP00000491127, ENSP00000492599, ENSP00000455019, ENSP00000491484, ENSP00000491651, ENSP00000457645, ENSP00000319531, ENSP00000492163
OG0001330	ABB56324	ENSP00000455499, ENSP00000457490, ENSP00000455691, ENSP00000456665, ENSP00000456353, ENSP00000343190
OG0001334	ABB57354	ENSP00000422125, ENSP00000230640, ENSP00000412310, ENSP00000372827, ENSP00000400626, ENSP00000399530, ENSP00000394400, ENSP00000364543, ENSP00000425042
OG0001339	ABB57179	ENSP00000387019, ENSP00000399316, ENSP00000283148, ENSP00000387096, ENSP00000404468, ENSP00000403612, ENSP00000416656
OG0001358	ABB56312	ENSP00000357417, ENSP00000292180, ENSP00000357418, ENSP00000357416, ENSP00000317296.10, ENSP00000357413, ENSP00000295530
OG0001359	ABB56311	ENSP00000434575, ENSP00000432637, ENSP00000432015, ENSP00000395368, ENSP00000322450, ENSP00000497587, ENSP00000434438, ENSP00000437267, ENSP00000435202, ENSP00000436766, ENSP00000435199
OG0001366	ABB56315	ENSP00000462526, ENSP00000462812, ENSP00000438718, ENSP00000463797, ENSP00000463962, ENSP00000463180, ENSP00000463509, ENSP00000445110, ENSP00000303515, ENSP00000346280
OG0001422	ABB58252	ENSP00000463894, ENSP00000463014, ENSP00000377865, ENSP00000420311, ENSP00000462773, ENSP00000377866, ENSP00000367336
OG0001424	ABB56510, ABB56519	ENSP00000434280, ENSP00000432673, ENSP00000432471, ENSP00000278200, ENSP00000435576, ENSP00000432001, ENSP00000497019, ENSP00000432792, ENSP00000432670
OG0001435	ABB57887	ENSP00000466127, ENSP00000467751, ENSP00000390276, ENSP00000468328, ENSP00000322716, ENSP00000466570, ENSP00000465490, ENSP00000467541
OG0001441	ABB57298, ABB56188	ENSP00000360124, ENSP00000443449, ENSP00000360125, ENSP00000497812, ENSP00000394864, ENSP00000379674, ENSP00000379678
OG0001448	ABB56377	ENSP00000479939, ENSP00000382071, ENSP00000338387, ENSP00000396443, ENSP00000392923, ENSP00000396370
OG0001455	ABB57738	ENSP00000465545, ENSP00000304467, ENSP00000466653, ENSP00000465895, ENSP00000378638, ENSP00000464786, ENSP00000465855, ENSP00000467226, ENSP00000426959, ENSP00000427417, ENSP00000423214, ENSP00000370372
OG0001456	ABB58353	ENSP00000356410, ENSP00000494652, ENSP00000356409
OG0001464	ABB56809	ENSP00000386536, ENSP00000386542, ENSP00000377617, ENSP00000387614, ENSP00000409391, ENSP00000391327, ENSP00000405692, ENSP00000352012, ENSP00000321984, ENSP00000379108
OG0001465	ABB58131, ABB56530, ABB58003	ENSP00000418565, ENSP00000311130, ENSP00000309092
OG0001466	ABB58637	ENSP00000452460, ENSP00000451327, ENSP00000451060, ENSP00000452418, ENSP00000451170, ENSP00000452137, ENSP00000452304, ENSP00000416414, ENSP00000381111, ENSP00000216714, ENSP00000451979, ENSP00000450604, ENSP00000451491
OG0001469	ABB57221	ENSP00000401832, ENSP00000375738, ENSP00000355684, ENSP00000355691, ENSP00000355687, ENSP00000317659, ENSP00000355683, ENSP00000355682, ENSP00000403664, ENSP00000355689, ENSP00000407604, ENSP00000355677, ENSP00000355679
OG0001480	ABB58277	ENSP00000442697, ENSP00000496441, ENSP00000384199, ENSP00000495455, ENSP00000495543, ENSP00000496351, ENSP00000411482, ENSP00000233146
OG0001481	ABB56566	ENSP00000349860, ENSP00000354347, ENSP00000253778
OG0001483	ABB58075	ENSP00000417964, ENSP00000341382, ENSP00000349961, ENSP00000420734, ENSP00000419360, ENSP00000417999, ENSP00000417612, ENSP00000420644, ENSP00000418820, ENSP00000419247, ENSP00000420817, ENSP00000420121
OG0001503	ABB57605	ENSP00000354971, ENSP00000359184, ENSP00000359182, ENSP00000294724, ENSP00000355106, ENSP00000359180
OG0001586	ABB58261	ENSP00000465050, ENSP00000466169, ENSP00000306902, ENSP00000253099, ENSP00000468569, ENSP00000377334, ENSP00000466050, ENSP00000465635, ENSP00000465143
OG0001588	ABB56989	ENSP00000435214, ENSP00000389510, ENSP00000405697, ENSP00000222511, ENSP00000416596, ENSP00000257659, ENSP00000414693, ENSP00000359859
OG0001591	ABB57865	ENSP00000467468, ENSP00000466867, ENSP00000322775, ENSP00000262316, ENSP00000406397
OG0001601	ABB57098	ENSP00000435374, ENSP00000433432, ENSP00000376771, ENSP00000280346, ENSP00000433204, ENSP00000415695
OG0001604	ABB57580	ENSP00000426853, ENSP00000241436, ENSP00000423532, ENSP00000425075, ENSP00000424174, ENSP00000421997, ENSP00000422094, ENSP00000423526
OG0001607	ABB56967	ENSP00000469037, ENSP00000292147
OG0001607	ABB56120	ENSP00000468964
OG0001611	ABB57611	ENSP00000447051, ENSP00000448078, ENSP00000446573, ENSP00000450400, ENSP00000449911, ENSP00000446799, ENSP00000447255, ENSP00000448517, ENSP00000447455, ENSP00000339157
OG0001622	ABB57220	ENSP00000226299, ENSP00000481000, ENSP00000476028, ENSP00000424724
OG0001650	ABB58216	ENSP00000423072, ENSP00000426926, ENSP00000425913, ENSP00000426584, ENSP00000426325, ENSP00000378269, ENSP00000426056, ENSP00000296422, ENSP00000425544, ENSP00000421943, ENSP00000422477, ENSP00000425385, ENSP00000426305, ENSP00000354574, ENSP00000378265
OG0001651	ABB58591	ENSP00000359380, ENSP00000273908, ENSP00000316329
OG0001715	ABB57461	ENSP00000376107, ENSP00000386893, ENSP00000401196, ENSP00000362803
OG0001718	ABB57628	ENSP00000476261, ENSP00000351619, ENSP00000308466, ENSP00000338041, ENSP00000476306
OG0001722	ABB56107	ENSP00000349658, ENSP00000476869, ENSP00000391890, ENSP00000244137, ENSP00000380226
OG0001726	ABB56819	ENSP00000464831, ENSP00000497140, ENSP00000468685, ENSP00000465127, ENSP00000392374, ENSP00000468767, ENSP00000496973, ENSP00000413456, ENSP00000218758
OG0001733	ABB56586	ENSP00000410385, ENSP00000414568, ENSP00000404864, ENSP00000340167, ENSP00000386350, ENSP00000284719
OG0001737	ABB58365	ENSP00000411619, ENSP00000408025, ENSP00000498145, ENSP00000364475, ENSP00000364486
OG0001738	ABB57165	ENSP00000452707, ENSP00000295304, ENSP00000398105, ENSP00000395466, ENSP00000481816, ENSP00000484644
OG0001743	ABB56137	ENSP00000431515, ENSP00000435570, ENSP00000433612, ENSP00000431820, ENSP00000437172, ENSP00000326424, ENSP00000433472, ENSP00000432129, ENSP00000437220
OG0001746	ABB57146	ENSP00000305995, ENSP00000362413, ENSP00000496140
OG0001753	ABB58520	ENSP00000474151, ENSP00000474264, ENSP00000497805, ENSP00000473708, ENSP00000473745, ENSP00000473773, ENSP00000474768, ENSP00000388333, ENSP00000437700, ENSP00000321810, ENSP00000361905, ENSP00000437896
OG0001759	ABB58460	ENSP00000414339
OG0001762	ABB57410	ENSP00000378920, ENSP00000337648, ENSP00000401066, ENSP00000404684, ENSP00000351597, ENSP00000373239, ENSP00000388721, ENSP00000404607, ENSP00000389922
OG0001766	ABB56216	ENSP00000403763, ENSP00000392050, ENSP00000390021, ENSP00000413393, ENSP00000272542, ENSP00000340465, ENSP00000429712, ENSP00000429754
OG0001768	ABB56276	ENSP00000443787, ENSP00000216392, ENSP00000431657, ENSP00000216962, ENSP00000366650, ENSP00000164139
OG0001776	ABB57661	ENSP00000466461, ENSP00000221566, ENSP00000468443, ENSP00000370395, ENSP00000421447, ENSP00000466114
OG0001782	ABB57343	ENSP00000497450, ENSP00000497569, ENSP00000497942, ENSP00000355086, ENSP00000497472, ENSP00000497052, ENSP00000497091, ENSP00000497874, ENSP00000497781, ENSP00000497769, ENSP00000497663, ENSP00000497795
OG0001783	ABB57553	ENSP00000494137, ENSP00000494840, ENSP00000461879, ENSP00000361446, ENSP00000473389
OG0001796	ABB56695, ABB58225	ENSP00000357669
OG0001870	ABB56293	ENSP00000311027, ENSP00000381603, ENSP00000335636
OG0001879	ABB56352	ENSP00000398585, ENSP00000414719, ENSP00000483375, ENSP00000397045, ENSP00000363621
OG0001892	ABB58484	ENSP00000455692, ENSP00000455749, ENSP00000397007, ENSP00000456012, ENSP00000367615
OG0001914	ABB56568	ENSP00000454812, ENSP00000461693, ENSP00000454891, ENSP00000458770, ENSP00000007516
OG0001916	ABB57142	ENSP00000323288, ENSP00000480942, ENSP00000453036
OG0001917	ABB56917	ENSP00000489467, ENSP00000488926, ENSP00000308845, ENSP00000384952, ENSP00000489374, ENSP00000384579
OG0001930	ABB57817	ENSP00000376554, ENSP00000411108, ENSP00000445598, ENSP00000446606, ENSP00000443272, ENSP00000310623
OG0001956	ABB58505	ENSP00000378740, ENSP00000307188, ENSP00000370219, ENSP00000378741, ENSP00000354710
OG0001961	ABB56309	ENSP00000422740, ENSP00000491208, ENSP00000422129, ENSP00000424713, ENSP00000261424, ENSP00000371321, ENSP00000422475
OG0002048	ABB57974	ENSP00000440761, ENSP00000438550, ENSP00000394382, ENSP00000369134, ENSP00000295266
OG0002062	ABB58090	ENSP00000427778, ENSP00000333551, ENSP00000427886, ENSP00000429425
OG0002064	ABB56561	ENSP00000471951, ENSP00000252603, ENSP00000471446, ENSP00000472345
OG0002066	ABB57801	ENSP00000440629, ENSP00000451775, ENSP00000216774, ENSP00000451818
OG0002067	ABB56369	ENSP00000349142, ENSP00000338568
OG0002069	ABB57374	ENSP00000431293, ENSP00000433645, ENSP00000433054
OG0002071	ABB57531	ENSP00000493296, ENSP00000493446, ENSP00000493432, ENSP00000493264, ENSP00000358417, ENSP00000492994, ENSP00000493382, ENSP00000493175
OG0002079	ABB58364	ENSP00000483686, ENSP00000358633, ENSP00000377192, ENSP00000377194
OG0002092	ABB56071	ENSP00000467362, ENSP00000466574, ENSP00000466358, ENSP00000466156, ENSP00000270776
OG0002096	ABB56867, ABB56851	ENSP00000463103, ENSP00000443244, ENSP00000313490
OG0002096	ABB56035	ENSP00000462874
OG0002101	ABB58507	ENSP00000446077, ENSP00000452438, ENSP00000452076, ENSP00000450915, ENSP00000451903, ENSP00000450946, ENSP00000452499, ENSP00000451275, ENSP00000451593, ENSP00000382327
OG0002106	ABB58077	ENSP00000491487, ENSP00000491209, ENSP00000491101, ENSP00000491895, ENSP00000491932, ENSP00000491369, ENSP00000491312, ENSP00000370737
OG0002109	ABB58039	ENSP00000396860, ENSP00000389515, ENSP00000368100, ENSP00000491596, ENSP00000492349, ENSP00000491158, ENSP00000390971, ENSP00000400049, ENSP00000431225
OG0002110	ABB58291	ENSP00000432744, ENSP00000363620, ENSP00000403268, ENSP00000480360, ENSP00000475963, ENSP00000417544, ENSP00000400114, ENSP00000391509, ENSP00000363624, ENSP00000434163, ENSP00000363608, ENSP00000418612, ENSP00000418659
OG0002112	ABB56682	ENSP00000493598, ENSP00000378804, ENSP00000494345, ENSP00000368556, ENSP00000368572, ENSP00000458385, ENSP00000269298
OG0002123	ABB56992	ENSP00000439422, ENSP00000484384, ENSP00000440754, ENSP00000313272, ENSP00000444437, ENSP00000443150, ENSP00000382392, ENSP00000371858, ENSP00000479320
OG0002130	ABB56495	ENSP00000272065, ENSP00000272067, ENSP00000408596, ENSP00000410331, ENSP00000411121, ENSP00000384307, ENSP00000385404
OG0002153	ABB57211	ENSP00000233627, ENSP00000480984, ENSP00000477895, ENSP00000443273, ENSP00000440348, ENSP00000364262
OG0002154	ABB57330	ENSP00000454626, ENSP00000489076, ENSP00000489298, ENSP00000455643, ENSP00000489525, ENSP00000258874, ENSP00000454318
OG0002158	ABB56322	ENSP00000464333, ENSP00000460966, ENSP00000464249, ENSP00000219240, ENSP00000461848
OG0002161	ABB57282	ENSP00000439511, ENSP00000442809, ENSP00000440986, ENSP00000376933, ENSP00000325863, ENSP00000385614, ENSP00000326094
OG0002162	ABB58588, ABB57959	ENSP00000393669, ENSP00000393482, ENSP00000392871, ENSP00000363198, ENSP00000380570, ENSP00000363205, ENSP00000440897
OG0002165	ABB57755	ENSP00000421389, ENSP00000423843, ENSP00000425067, ENSP00000226840, ENSP00000336808, ENSP00000423341, ENSP00000423190
OG0002301	ABB56542	ENSP00000399660, ENSP00000398653, ENSP00000275605, ENSP00000378854, ENSP00000401639, ENSP00000390952, ENSP00000403431
OG0002306	ABB58020	ENSP00000370736, ENSP00000476531
OG0002325	ABB58490	ENSP00000467125, ENSP00000352516, ENSP00000345739
OG0002326	ABB56862	ENSP00000432240, ENSP00000436114, ENSP00000281038, ENSP00000432635, ENSP00000435298
OG0002332	ABB57612	ENSP00000469008, ENSP00000471421, ENSP00000472156, ENSP00000313818, ENSP00000351644, ENSP00000354598, ENSP00000473150
OG0002338	ABB58361	ENSP00000354554
OG0002349	ABB56169	ENSP00000465363
OG0002349	ABB57300	ENSP00000262093, ENSP00000466263, ENSP00000467461, ENSP00000465243, ENSP00000465717
OG0002350	ABB57312	ENSP00000362284, ENSP00000362277, ENSP00000344794, ENSP00000362291, ENSP00000418315
OG0002354	ABB58262	ENSP00000424107, ENSP00000422419, ENSP00000264995, ENSP00000398536, ENSP00000422035
OG0002368	ABB58085	ENSP00000451123, ENSP00000486650, ENSP00000377594, ENSP00000333946, ENSP00000451562
OG0002368	ABB58206	ENSP00000451301
OG0002378	ABB57103	ENSP00000315476, ENSP00000436539, ENSP00000432661, ENSP00000398597
OG0002381	ABB57407	ENSP00000452937, ENSP00000454103, ENSP00000330721, ENSP00000493549, ENSP00000377814
OG0002388	ABB56117, ABB58643, ABB57381	ENSP00000406260, ENSP00000370467, ENSP00000396452, ENSP00000441208, ENSP00000430995
OG0002404	ABB57013	ENSP00000433051, ENSP00000431757, ENSP00000434973, ENSP00000432633, ENSP00000416583, ENSP00000436999
OG0002405	ABB56823	ENSP00000400394, ENSP00000342985, ENSP00000385745, ENSP00000380881, ENSP00000251607, ENSP00000415100, ENSP00000280591, ENSP00000388615
OG0002406	ABB56953	ENSP00000463424, ENSP00000462082, ENSP00000493852, ENSP00000385916, ENSP00000393507, ENSP00000464616, ENSP00000461932, ENSP00000369519, ENSP00000494373
OG0002407	ABB57158, ABB57422	ENSP00000414674, ENSP00000387630, ENSP00000358665, ENSP00000358660, ENSP00000257770
OG0002556	ABB56479	ENSP00000455267, ENSP00000219066, ENSP00000456301
OG0002565	ABB58050	ENSP00000263629, ENSP00000384481, ENSP00000403492, ENSP00000378099
OG0002575	ABB57129	ENSP00000449933, ENSP00000288532, ENSP00000450001, ENSP00000449874, ENSP00000449863, ENSP00000401798
OG0002578	ABB57003	ENSP00000319501, ENSP00000426560, ENSP00000422909, ENSP00000421757
OG0002597	ABB57607	ENSP00000358549, ENSP00000389656, ENSP00000231572
OG0002610	ABB56336, ABB56800	ENSP00000477292, ENSP00000476323, ENSP00000361966, ENSP00000300452
OG0002614	ABB57250	ENSP00000388915, ENSP00000425126, ENSP00000225969, ENSP00000424321, ENSP00000421865, ENSP00000426037
OG0002627	ABB56490	ENSP00000367992, ENSP00000367969, ENSP00000476193, ENSP00000391350
OG0002631	ABB57281	ENSP00000430062, ENSP00000428859, ENSP00000264151, ENSP00000429697, ENSP00000430879, ENSP00000429385
OG0002656	ABB58094	ENSP00000473394, ENSP00000392525, ENSP00000497889, ENSP00000316335, ENSP00000274680
OG0002660	ABB57743	ENSP00000307126, ENSP00000400545, ENSP00000375749, ENSP00000316476, ENSP00000450637
OG0002661	ABB58561	ENSP00000406339, ENSP00000388330, ENSP00000313877, ENSP00000389162, ENSP00000390679, ENSP00000450041, ENSP00000440987, ENSP00000439342, ENSP00000448575
OG0002677	ABB57005	ENSP00000384369, ENSP00000489505, ENSP00000489381, ENSP00000307251, ENSP00000385507, ENSP00000489497, ENSP00000392806, ENSP00000489468, ENSP00000489363, ENSP00000385860, ENSP00000396550
OG0002682	ABB57316	ENSP00000452009, ENSP00000312771, ENSP00000438404, ENSP00000450706, ENSP00000417901
OG0002687	ABB57513	ENSP00000342087, ENSP00000418596, ENSP00000417480, ENSP00000417557, ENSP00000418582
OG0002692	ABB58301	ENSP00000436844, ENSP00000368209, ENSP00000368222, ENSP00000419628, ENSP00000368219, ENSP00000445116, ENSP00000407856
OG0002693	ABB56472	ENSP00000293971, ENSP00000498048, ENSP00000457398, ENSP00000456898, ENSP00000307481, ENSP00000457136, ENSP00000391596
OG0002694	ABB56943	ENSP00000272425, ENSP00000485054
OG0002887	ABB57289	ENSP00000481254, ENSP00000466379, ENSP00000468450, ENSP00000349887
OG0002899	ABB56939	ENSP00000339003, ENSP00000365159, ENSP00000365157, ENSP00000489740
OG0002911	ABB58392	ENSP00000435695, ENSP00000365388
OG0002914	ABB56259	ENSP00000493136, ENSP00000485367, ENSP00000418219, ENSP00000485479, ENSP00000485347, ENSP00000418661, ENSP00000439469
OG0002917	ABB58649	ENSP00000241052, ENSP00000496910
OG0002928	ABB56988	ENSP00000459391, ENSP00000461700, ENSP00000459532, ENSP00000461360
OG0002940	ABB56636	ENSP00000411186, ENSP00000400449, ENSP00000476672, ENSP00000346501, ENSP00000352401
OG0002961	ABB57291	ENSP00000475620, ENSP00000443599, ENSP00000379933, ENSP00000484435, ENSP00000229270
OG0002964	ABB56909	ENSP00000495087, ENSP00000221486, ENSP00000495175
OG0002982	ABB57144	ENSP00000323047, ENSP00000393480, ENSP00000475596, ENSP00000436767, ENSP00000441288
OG0002985	ABB58259	ENSP00000417101, ENSP00000419753, ENSP00000419710, ENSP00000373404, ENSP00000230413
OG0002988	ABB57037	ENSP00000355518
OG0003012	ABB58440	ENSP00000455907, ENSP00000413074, ENSP00000398744, ENSP00000374302, ENSP00000478575, ENSP00000456242
OG0003015	ABB56367	ENSP00000393211, ENSP00000290299, ENSP00000394107, ENSP00000393496
OG0003038	ABB57423	ENSP00000295757, ENSP00000385475, ENSP00000384706, ENSP00000384123, ENSP00000429794, ENSP00000395188, ENSP00000385252, ENSP00000396122, ENSP00000402298
OG0003060	ABB56392	ENSP00000457531, ENSP00000456198, ENSP00000457177, ENSP00000396442, ENSP00000458022, ENSP00000457569, ENSP00000457297, ENSP00000307833
OG0003065	ABB56095	ENSP00000481775, ENSP00000479946, ENSP00000380530, ENSP00000487017, ENSP00000329539, ENSP00000487093, ENSP00000487512, ENSP00000298573
OG0003291	ABB58476	ENSP00000315152, ENSP00000423071, ENSP00000296411
OG0003306	ABB58535	ENSP00000361616, ENSP00000473626
OG0003308	ABB57666	ENSP00000299299, ENSP00000426161, ENSP00000421544, ENSP00000254908
OG0003312	ABB56666	ENSP00000431405, ENSP00000329630, ENSP00000436904, ENSP00000308897, ENSP00000415356
OG0003321	ABB57886	ENSP00000237283, ENSP00000475651
OG0003328	ABB57539	ENSP00000493778, ENSP00000407700, ENSP00000496641, ENSP00000494255, ENSP00000370407, ENSP00000495331, ENSP00000496496, ENSP00000290846
OG0003330	ABB57353	ENSP00000496034, ENSP00000435657, ENSP00000384070, ENSP00000284503, ENSP00000397538, ENSP00000394023, ENSP00000496111
OG0003333	ABB56298	ENSP00000433640, ENSP00000439217, ENSP00000445536, ENSP00000396332, ENSP00000393749
OG0003346	ABB56663	ENSP00000333837
OG0003357	ABB58453	ENSP00000359328, ENSP00000428863, ENSP00000429595, ENSP00000359323, ENSP00000402038, ENSP00000419561
OG0003376	ABB56428	ENSP00000388675, ENSP00000402393, ENSP00000401936, ENSP00000415935, ENSP00000236959
OG0003399	ABB58445	ENSP00000325448, ENSP00000303043
OG0003404	ABB57002	ENSP00000429321, ENSP00000430482, ENSP00000428596, ENSP00000254878
OG0003409	ABB57563	ENSP00000481376, ENSP00000480482, ENSP00000364649
OG0003412	ABB57121	ENSP00000410181, ENSP00000416594, ENSP00000402959, ENSP00000337431, ENSP00000002125, ENSP00000399207, ENSP00000394436
OG0003426	ABB56310	ENSP00000464504, ENSP00000382908, ENSP00000327268, ENSP00000461911
OG0003428	ABB57855	ENSP00000368140, ENSP00000416770, ENSP00000368145
OG0003431	ABB58083	ENSP00000401871
OG0003445	ABB56308	ENSP00000300051, ENSP00000417011
OG0003445	ABB57748	ENSP00000454260
OG0003455	ABB56094	ENSP00000353575, ENSP00000483996, ENSP00000361257, ENSP00000396985, ENSP00000485842
OG0003457	ABB58251	ENSP00000409803, ENSP00000406681, ENSP00000411369, ENSP00000354525, ENSP00000357194
OG0003465	ABB57893	ENSP00000394027, ENSP00000397966, ENSP00000404843, ENSP00000404334, ENSP00000232854, ENSP00000404168
OG0003467	ABB57733	ENSP00000457788, ENSP00000455998, ENSP00000479988, ENSP00000454589, ENSP00000267978
OG0003468	ABB58465	ENSP00000445926, ENSP00000482089, ENSP00000444460, ENSP00000440765, ENSP00000454993, ENSP00000454359, ENSP00000455614, ENSP00000454764
OG0003741	ABB58539	ENSP00000238379, ENSP00000363295
OG0003753	ABB56182	ENSP00000360640, ENSP00000360638, ENSP00000394921, ENSP00000360644
OG0003756	ABB58671	ENSP00000444261, ENSP00000358059
OG0003759	ABB56175	ENSP00000418448, ENSP00000373220, ENSP00000417267, ENSP00000307241
OG0003763	ABB58556	ENSP00000300107
OG0003764	ABB56884	ENSP00000367343, ENSP00000367334
OG0003780	ABB57527	ENSP00000370222, ENSP00000492579
OG0003793	ABB58236	ENSP00000428867, ENSP00000428229, ENSP00000430545, ENSP00000306548
OG0003801	ABB58022	ENSP00000314871, ENSP00000040663
OG0003803	ABB57503	ENSP00000354961
OG0003807	ABB56036	ENSP00000264220
OG0003813	ABB56574, ABB57537	ENSP00000340676, ENSP00000492260, ENSP00000492203
OG0003816	ABB56640	ENSP00000410178, ENSP00000486013, ENSP00000371525, ENSP00000333666
OG0003817	ABB56305	ENSP00000413483, ENSP00000341504, ENSP00000308515, ENSP00000467913, ENSP00000478909, ENSP00000468809
OG0003821	ABB56710	ENSP00000386632, ENSP00000386839, ENSP00000386915, ENSP00000386762, ENSP00000387331, ENSP00000313140, ENSP00000409089
OG0003825	ABB57115	ENSP00000419638, ENSP00000410833
OG0003830	ABB57313	ENSP00000380157
OG0003836	ABB56712	ENSP00000264027, ENSP00000376539, ENSP00000436290, ENSP00000432550
OG0003841	ABB57627	ENSP00000378890, ENSP00000477796, ENSP00000445246, ENSP00000444011, ENSP00000419045
OG0003863	ABB58015	ENSP00000460869, ENSP00000460243, ENSP00000300784, ENSP00000458550, ENSP00000460777, ENSP00000459653, ENSP00000269373
OG0003882	ABB57809	ENSP00000408644, ENSP00000404092, ENSP00000323439, ENSP00000384539, ENSP00000370672
OG0003883	ABB58345	ENSP00000262030
OG0003891	ABB56390	ENSP00000257848, ENSP00000314441, ENSP00000449397
OG0003896	ABB56481	ENSP00000234677, ENSP00000358939
OG0003911	ABB56916	ENSP00000462506, ENSP00000463870, ENSP00000463683, ENSP00000463263, ENSP00000245539
OG0003912	ABB58007	ENSP00000354813
OG0003913	ABB57773	ENSP00000356972, ENSP00000376018
OG0003918	ABB56957	ENSP00000421096, ENSP00000424907, ENSP00000382595, ENSP00000264221, ENSP00000424053
OG0003919	ABB57675	ENSP00000428782, ENSP00000422745, ENSP00000425979, ENSP00000339845, ENSP00000424161, ENSP00000409335, ENSP00000430921
OG0004237	ABB56343	ENSP00000421754, ENSP00000427193, ENSP00000199320
OG0004241	ABB57149	ENSP00000430689, ENSP00000429832, ENSP00000407617, ENSP00000411951, ENSP00000414786
OG0004266	ABB58314	ENSP00000418209, ENSP00000420408, ENSP00000418934, ENSP00000420315, ENSP00000295962
OG0004268	ABB58344	ENSP00000387101, ENSP00000233893, ENSP00000386447
OG0004282	ABB56660	ENSP00000366156
OG0004297	ABB58479	ENSP00000342026
OG0004298	ABB56150	ENSP00000420831, ENSP00000263985, ENSP00000426859
OG0004309	ABB58130	ENSP00000261296
OG0004324	ABB57323	ENSP00000281828
OG0004325	ABB58055, ABB57932, ABB57931	ENSP00000417764, ENSP00000326609, ENSP00000432675
OG0004326	ABB56973	ENSP00000439042, ENSP00000357838
OG0004348	ABB57338	ENSP00000235521, ENSP00000358434
OG0004350	ABB56399, ABB56385, ABB57674	ENSP00000273905
OG0004367	ABB57116	ENSP00000490594, ENSP00000400253, ENSP00000490710, ENSP00000404489, ENSP00000246337
OG0004369	ABB58630	ENSP00000397750, ENSP00000462512, ENSP00000261643
OG0004370	ABB58233	ENSP00000415113, ENSP00000414383, ENSP00000356202, ENSP00000356200, ENSP00000356199
OG0004373	ABB56083	ENSP00000399729, ENSP00000362824, ENSP00000362805
OG0004395	ABB58538	ENSP00000478931, ENSP00000362345, ENSP00000312370
OG0004402	ABB58326, ABB58186	ENSP00000479173, ENSP00000359692, ENSP00000431246, ENSP00000359691
OG0004403	ABB58238	ENSP00000435294, ENSP00000288937
OG0004407	ABB58439	ENSP00000355493, ENSP00000333019, ENSP00000331260
OG0004413	ABB56914	ENSP00000322439, ENSP00000455007
OG0004415	ABB57950	ENSP00000265537, ENSP00000412893, ENSP00000495093, ENSP00000495707, ENSP00000408576
OG0004420	ABB57994	ENSP00000495761, ENSP00000310873, ENSP00000426242, ENSP00000311835, ENSP00000427146
OG0004436	ABB58542, ABB58404	ENSP00000476857, ENSP00000409474, ENSP00000341840, ENSP00000217372, ENSP00000350558
OG0004462	ABB57290	ENSP00000416495, ENSP00000409589, ENSP00000392978, ENSP00000395053, ENSP00000360270, ENSP00000391941, ENSP00000474081
OG0004469	ABB56487	ENSP00000465974, ENSP00000468811, ENSP00000464990, ENSP00000389126, ENSP00000250237, ENSP00000467394
OG0004470	ABB56919	ENSP00000465523, ENSP00000464994, ENSP00000468270, ENSP00000467385, ENSP00000498032, ENSP00000455900, ENSP00000465949, ENSP00000371381, ENSP00000310998
OG0004471	ABB57051	ENSP00000425332, ENSP00000426730, ENSP00000424842, ENSP00000421884, ENSP00000425964, ENSP00000300441, ENSP00000401831
OG0004841	ABB56706	ENSP00000424924, ENSP00000264193, ENSP00000497326
OG0004851	ABB58383	ENSP00000309463, ENSP00000431210
OG0004857	ABB56670	ENSP00000362463
OG0004874	ABB57307	ENSP00000341082, ENSP00000460924, ENSP00000459994
OG0004910	ABB57822	ENSP00000386284
OG0004916	ABB57726	ENSP00000369785, ENSP00000369786
OG0004935	ABB56616	ENSP00000283646
OG0004946	ABB56713	ENSP00000385478, ENSP00000382249
OG0004954	ABB58149	ENSP00000482526, ENSP00000488408, ENSP00000481559, ENSP00000478520
OG0004961	ABB56434	ENSP00000380808, ENSP00000340675, ENSP00000380813, ENSP00000329614, ENSP00000380805, ENSP00000380806
OG0004965	ABB58255	ENSP00000436592, ENSP00000300151
OG0004973	ABB57175	ENSP00000328570
OG0004977	ABB58295	ENSP00000360268, ENSP00000360265
OG0004986	ABB58502	ENSP00000328023, ENSP00000435508
OG0004990	ABB58470	ENSP00000393953, ENSP00000400646, ENSP00000411057
OG0005017	ABB58622	ENSP00000232607, ENSP00000420348, ENSP00000420754
OG0005019	ABB58129	ENSP00000431071, ENSP00000428046, ENSP00000280969, ENSP00000325425, ENSP00000397371
OG0005023	ABB57262	ENSP00000306397
OG0005027	ABB58571	ENSP00000475090, ENSP00000406267, ENSP00000351639, ENSP00000377486, ENSP00000387284, ENSP00000474821
OG0005033	ABB56041	ENSP00000361469, ENSP00000361471, ENSP00000253004
OG0005049	ABB56511	ENSP00000281543, ENSP00000422681
OG0005066	ABB57584, ABB58555	ENSP00000245816, ENSP00000472227
OG0005084	ABB56952, ABB58423	ENSP00000457107, ENSP00000456218, ENSP00000456467, ENSP00000395196
OG0005091	ABB56645	ENSP00000440372, ENSP00000409537, ENSP00000321503, ENSP00000438465
OG0005092	ABB57695	ENSP00000483913, ENSP00000473812, ENSP00000368589, ENSP00000368586, ENSP00000479493, ENSP00000268797
OG0005093	ABB58057	ENSP00000458682, ENSP00000487675, ENSP00000488207, ENSP00000461127, ENSP00000487755, ENSP00000459327, ENSP00000319979, ENSP00000480784
OG0005094	ABB58213	ENSP00000404926, ENSP00000411646, ENSP00000313350, ENSP00000440272
OG0005596	ABB58327	ENSP00000437098, ENSP00000321259
OG0005631	ABB56192	ENSP00000467860, ENSP00000464402, ENSP00000464607, ENSP00000396125, ENSP00000254928
OG0005658	ABB56221	ENSP00000295920, ENSP00000419851
OG0005665	ABB58140	ENSP00000457257, ENSP00000443754, ENSP00000452646, ENSP00000220058
OG0005671	ABB57821	ENSP00000342118, ENSP00000330601, ENSP00000349757
OG0005672	ABB58235	ENSP00000388885, ENSP00000258455
OG0005682	ABB56569	ENSP00000280701
OG0005684	ABB56983	ENSP00000376373, ENSP00000341657, ENSP00000376374, ENSP00000341452
OG0005698	ABB57486	ENSP00000290429, ENSP00000331306
OG0005699	ABB56078, ABB57933	ENSP00000358243, ENSP00000254759
OG0005703	ABB56478	ENSP00000420714
OG0005719	ABB58600	ENSP00000320658, ENSP00000447710
OG0005721	ABB58560	ENSP00000400082, ENSP00000241600, ENSP00000360850
OG0005744	ABB58478	ENSP00000316598
OG0005757	ABB57296	ENSP00000413282, ENSP00000382732, ENSP00000369456
OG0005764	ABB56524	ENSP00000417215, ENSP00000365926
OG0005772	ABB57802	ENSP00000362031, ENSP00000362036
OG0005804	ABB56190	ENSP00000244051
OG0005815	ABB56976, ABB56401	ENSP00000440846, ENSP00000340684, ENSP00000367309
OG0005816	ABB57640	ENSP00000421674, ENSP00000264663, ENSP00000343873, ENSP00000426343
OG0005817	ABB58024	ENSP00000427209, ENSP00000483615, ENSP00000422005, ENSP00000273920
OG0005818	ABB58318	ENSP00000439404, ENSP00000440605, ENSP00000446239, ENSP00000229329
OG0006409	ABB57370	ENSP00000288022
OG0006413	ABB58329	ENSP00000362208
OG0006444	ABB56140	ENSP00000371388
OG0006476	ABB58544	ENSP00000039007, ENSP00000496606
OG0006478	ABB57168	ENSP00000390011
OG0006482	ABB56981	ENSP00000378782, ENSP00000455183, ENSP00000404873
OG0006488	ABB58634	ENSP00000354982
OG0006490	ABB58190	ENSP00000302620
OG0006505	ABB58175	ENSP00000324343, ENSP00000372208, ENSP00000400684
OG0006533	ABB56701	ENSP00000388097, ENSP00000348809, ENSP00000219431, ENSP00000380918
OG0006545	ABB58147	ENSP00000358040, ENSP00000358042
OG0006555	ABB57172	ENSP00000282276
OG0006592	ABB57264	ENSP00000343552
OG0006615	ABB58420	ENSP00000480476
OG0006621	ABB58467	ENSP00000355889
OG0006628	ABB58023	ENSP00000474191, ENSP00000379133
OG0006637	ABB58632	ENSP00000354876
OG0006638	ABB58633	ENSP00000354499
OG0006646	ABB57004	ENSP00000424059, ENSP00000424435, ENSP00000427708, ENSP00000422565, ENSP00000422603, ENSP00000421954, ENSP00000425834
OG0006647	ABB57989	ENSP00000360327
OG0006648	ABB58626	ENSP00000385757, ENSP00000265523, ENSP00000412005
OG0007411	ABB58237	ENSP00000462968, ENSP00000368318
OG0007436	ABB57473	ENSP00000390205
OG0007484	ABB56196	ENSP00000419370
OG0007503	ABB57210	ENSP00000355206
OG0007571	ABB56226	ENSP00000426401, ENSP00000372316, ENSP00000435506
OG0007621	ABB57614	ENSP00000483593, ENSP00000370288
OG0007625	ABB58146	ENSP00000365063
OG0007655	ABB58412	ENSP00000465567, ENSP00000425372, ENSP00000422893, ENSP00000424558, ENSP00000258955
OG0007660	ABB58240	ENSP00000317376, ENSP00000453116, ENSP00000318054
OG0007661	ABB57373	ENSP00000354687
OG0007664	ABB56241	ENSP00000446410, ENSP00000370734, ENSP00000370718
OG0007665	ABB57214	ENSP00000434688, ENSP00000280362
OG0008757	ABB56237	ENSP00000258662
OG0008759	ABB57349	ENSP00000365556, ENSP00000365558, ENSP00000318602, ENSP00000298556
OG0008787	ABB57463	ENSP00000293404, ENSP00000465408
OG0008794	ABB57047	ENSP00000258975
OG0008833	ABB58415	ENSP00000307107, ENSP00000359211
OG0008841	ABB57372	ENSP00000436726, ENSP00000370194
OG0008842	ABB58629	ENSP00000215754, ENSP00000482779
OG0008881	ABB57252	ENSP00000298746
OG0008920	ABB57404	ENSP00000456692, ENSP00000455862, ENSP00000454616, ENSP00000455026, ENSP00000007264
OG0010272	ABB57922	ENSP00000342499
OG0010450	ABB58152	ENSP00000480517
OG0010514	ABB56181	ENSP00000302111
OG0010515	ABB56603	ENSP00000407606, ENSP00000361898, ENSP00000361895, ENSP00000391261
OG0010517	ABB57402	ENSP00000441845, ENSP00000355536, ENSP00000355535
OG0012558	ABB58084, ABB58444, ABB56167, ABB56195	ENSP00000431287
OG0012560	ABB56405	ENSP00000477507
OG0012561	ABB56453	ENSP00000482639, ENSP00000265498, ENSP00000423008
OG0012566	ABB57497	ENSP00000378605
OG0012567	ABB57609	ENSP00000357088, ENSP00000357087, ENSP00000357089
OG0012569	ABB58558	ENSP00000422324, ENSP00000337224, ENSP00000426761
OG0012570	ABB58607	ENSP00000416917, ENSP00000264717
OG0015272	ABB56334	ENSP00000317177
OG0019219	ABB56238	ENSP00000222553
OG0019235	ABB57055	ENSP00000475895
OG0019244	ABB57592	ENSP00000362273
