"","pvalue_list","period_list"
"1",0.830072516181926,35
"2",0.933555618327347,21.875
"3",0.997099314481904,7.29166666666667
"4",0.900470860607647,7.29166666666667
"5",0.939438400793718,7.29166666666667
"6",0.977343211117307,5.14705882352941
"7",0.750845552197112,7.29166666666667
"8",0.999648829304126,5.14705882352941
"9",0.935583341282495,21.875
"10",0.749354915090229,10.2941176470588
"11",0.74324979032431,8.75
"12",0.999441573405594,7.29166666666667
"13",0.994510619044748,7.29166666666667
"14",0.489475052330947,35
"15",0.980616196865837,5.14705882352941
"16",0.531102238207476,12.5
"17",0.971915659475557,9.72222222222222
"18",0.452898139330105,35
"19",0.0890241728098533,12.5
"20",0.693083318299066,35
"21",0.757347960749631,9.72222222222222
"22",0.987593258035269,7.29166666666667
"23",0.985846615542079,10.9375
"24",0.754294505471371,19.4444444444444
"25",0.997202523746994,35
"26",0.997694244163821,7.29166666666667
"27",0.825185044770778,35
"28",0.60920436015019,35
"29",0.796784891334914,5.83333333333333
"30",0.999999997697154,7.60869565217391
"31",0.996811417409325,7.29166666666667
"32",0.71413015811364,12.5
"33",0.801597541652465,7.60869565217391
"34",0.540445902919332,9.72222222222222
"35",0.998434007847783,7.29166666666667
"36",0.990043052359475,7.29166666666667
"37",0.998103339314137,7.29166666666667
"38",0.988155451831894,7.60869565217391
"39",0.828122162097568,19.4444444444444
"40",0.994900818002815,7.29166666666667
"41",0.962571670535788,17.5
"42",0.330461123407116,21.875
"43",0.445645447095731,19.4444444444444
"44",0.998190224569869,5.3030303030303
"45",0.941097928067156,5.46875
"46",0.997102642723168,5.14705882352941
"47",0.981718421673156,5.14705882352941
"48",0.965061816721376,7.29166666666667
"49",0.487543155171357,35
"50",0.388419197750686,35
"51",0.478170147206227,35
"52",0.271038215656963,35
"53",0.433994874921753,35
"54",0.438578191056104,35
"55",0.89471736037568,35
"56",0.855488050325565,35
"57",0.998266900427997,7.29166666666667
"58",0.999968708274463,5.14705882352941
"59",0.796930658810737,21.875
"60",0.998741771205687,7.29166666666667
"61",0.99966452726525,7.60869565217391
"62",0.995498654026104,10.2941176470588
"63",0.908219870862764,35
"64",0.954938579159446,21.875
"65",0.998249784647597,7.29166666666667
"66",0.98839051165056,9.72222222222222
"67",0.999537795436433,7.29166666666667
"68",0.916117210631595,35
"69",0.919454006668204,6.25
"70",0.99731145225761,21.875
"71",0.999403956724394,7.29166666666667
"72",0.999318465845004,7.29166666666667
"73",0.998357363349809,5.3030303030303
"74",0.971525478014968,5.83333333333333
"75",0.990418647632713,5.64516129032258
"76",0.986156177805544,5.14705882352941
"77",0.969206574611412,15.9090909090909
"78",0.413129175775344,35
"79",0.855670227098129,10.2941176470588
"80",0.805747431398859,8.75
"81",0.990137072179322,35
"82",0.556036499338282,12.5
"83",0.843381821679449,35
"84",0.701905649643692,35
"85",0.87938614810022,15.9090909090909
"86",0.457415056719386,35
"87",0.734899996912236,35
"88",0.523747821705092,35
"89",0.99975442719661,5.14705882352941
"90",0.783926424681055,21.875
"91",0.913772549729954,35
"92",0.991931918304137,5.14705882352941
"93",0.951739975336626,21.875
"94",0.989017388906872,21.875
"95",0.944271921645989,10.9375
"96",0.999803686903794,7.29166666666667
"97",0.947030892630306,21.875
"98",0.831451406590869,9.72222222222222
"99",0.872038642985873,25
"100",0.737666590153189,9.72222222222222
"101",0.986244678976018,7.29166666666667
"102",0.657850095507242,35
"103",0.60145854874942,10.9375
"104",0.909171461841283,7.29166666666667
"105",0.990839937265538,7.29166666666667
"106",0.996442014920933,7.29166666666667
"107",0.933616924431585,5.14705882352941
"108",0.99044460234056,10.9375
"109",0.993276938772592,5.14705882352941
"110",0.980982665514993,5.14705882352941
"111",0.997804472775897,7.29166666666667
"112",0.99080836685099,7.29166666666667
"113",0.978832022824764,5.14705882352941
"114",0.162756954824368,10.2941176470588
"115",0.16128791187452,35
"116",0.922139816531236,10.9375
"117",0.930336531682339,7.29166666666667
"118",0.811124697804707,10.9375
"119",0.999033071904497,35
"120",0.296370436530326,35
"121",0.975674740845006,4.375
"122",0.994772502277724,9.21052631578947
"123",0.999633808890458,7.29166666666667
"124",0.999830264886555,8.75
"125",0.999956422748759,5.14705882352941
"126",0.98435643475377,7.60869565217391
"127",0.577938541396038,9.72222222222222
"128",0.999720586700768,7.29166666666667
"129",0.999258087315614,6.03448275862069
"130",0.999990984978868,7.29166666666667
"131",0.995516716339846,9.21052631578947
"132",0.983957483421946,7.29166666666667
"133",0.998408617727982,5.14705882352941
"134",0.890707770489666,7.60869565217391
"135",0.990209650387575,7.29166666666667
"136",0.997506228467468,5.14705882352941
"137",0.995449759329735,7.29166666666667
"138",0.995309759700601,7.29166666666667
"139",0.979914527573517,9.72222222222222
"140",0.967943914339612,9.72222222222222
"141",0.997446005281112,5.14705882352941
"142",0.795830089760585,9.72222222222222
"143",0.997881378488698,7.29166666666667
"144",0.99974496690271,7
"145",0.706342713361715,35
"146",0.942063695373972,35
"147",0.974478982859924,35
"148",0.505997439277574,35
"149",0.401155644470971,35
"150",0.998923235014406,7.29166666666667
"151",0.61834177513426,35
"152",0.941231272107351,7.29166666666667
"153",0.993028046433653,7.29166666666667
"154",0.803328686932001,35
"155",0.999974091863204,7.29166666666667
"156",0.999674026442525,9.72222222222222
"157",0.999624490780371,8.75
"158",0.999989672284279,7.29166666666667
"159",0.999981899130783,7.29166666666667
"160",0.999948727663555,5.14705882352941
"161",0.998578681747436,35
"162",0.995342697306685,7.29166666666667
"163",0.998532419507037,7.29166666666667
"164",0.972119379736287,5.14705882352941
"165",0.91727562075504,7.60869565217391
"166",0.998286023124006,7.29166666666667
"167",0.992902082473239,7
"168",0.977538578698129,7.29166666666667
"169",0.447242748003339,10.2941176470588
"170",0.982753770695892,7.29166666666667
"171",0.744743378176802,9.72222222222222
"172",0.971280768503438,7.29166666666667
"173",0.756366025850745,10.2941176470588
"174",0.969153868606131,21.875
"175",0.979290772145463,35
"176",0.99617135681265,7.29166666666667
"177",0.895685062637189,5.14705882352941
"178",0.928843727933852,35
"179",0.0196202642035754,35
"180",0.881609156270039,35
"181",0.313764098203122,35
"182",0.58083614985747,35
"183",0.548186422922655,5.64516129032258
"184",0.967591551901252,5.64516129032258
"185",0.327179429023073,10.2941176470588
"186",0.999927430591643,21.875
"187",0.999958951975765,35
"188",0.970504812973597,7.29166666666667
"189",0.999598787402675,7.29166666666667
"190",0.999997509226376,7.60869565217391
"191",0.900437900839162,5.14705882352941
"192",0.964079462575309,12.5
"193",0.995209858318762,21.875
"194",0.965304410982458,5.14705882352941
"195",0.998391361414311,5.14705882352941
"196",0.94383778080765,7.60869565217391
"197",0.987142413237091,21.875
"198",0.776939259135481,21.875
"199",0.997415352480975,5.83333333333333
"200",0.952905184540392,21.875
"201",0.989466657836407,7.29166666666667
"202",0.997468813146591,7.29166666666667
"203",0.979939653367649,7.29166666666667
"204",0.999872481004499,5.14705882352941
"205",0.989540734732966,5.14705882352941
"206",0.997404777507952,5.14705882352941
"207",0.9688233027267,5.14705882352941
"208",0.0928374354938677,10.2941176470588
"209",0.983575729044922,5.14705882352941
"210",0.997722558033342,7.29166666666667
"211",0.976851114038501,35
"212",0.92320817248532,35
"213",0.0783540486890404,35
"214",0.933165824949868,35
"215",0.749037586604545,35
"216",0.84593615045879,35
"217",0.999656615859171,7.29166666666667
"218",0.997378241708715,7.29166666666667
"219",0.992234550839359,7.29166666666667
"220",0.999989983653507,5
"221",0.999978620494199,13.4615384615385
"222",0.999537979039992,7.29166666666667
"223",0.999897319605279,7.29166666666667
"224",0.999901409996916,7
"225",0.470474661826433,35
"226",0.894595872136927,21.875
"227",0.607786319282653,17.5
"228",0.650028154543385,21.875
"229",0.953136194272202,5.14705882352941
"230",0.977075799212072,5.14705882352941
"231",0.908740319743795,10.2941176470588
"232",0.899867920699937,7.60869565217391
"233",0.543187074753573,9.72222222222222
"234",0.995940571541602,5.14705882352941
"235",0.981946343800539,9.21052631578947
"236",0.995930710524458,10.9375
"237",0.993635271236429,5.14705882352941
"238",0.990967931528537,7.29166666666667
"239",0.64164454711405,11.6666666666667
"240",0.995046647451421,7.29166666666667
"241",0.795370973466681,35
"242",0.642720650507311,35
"243",0.308035260724791,19.4444444444444
"244",0.922414735025433,35
"245",0.189311804823548,35
"246",0.58915566467886,35
"247",0.216579507515017,21.875
"248",0.549942367582164,35
"249",0.999858036137179,7.29166666666667
"250",0.990552671073869,10.9375
"251",0.785541506560825,11.6666666666667
"252",0.112613314116876,35
"253",0.999999495634032,7.29166666666667
"254",0.999849332017156,7.29166666666667
"255",0.207047527223613,10.9375
"256",0.999166280216001,7.29166666666667
"257",0.753798646248119,9.21052631578947
"258",0.999489889577973,7.29166666666667
"259",0.984796034268319,5.14705882352941
"260",0.870238545886224,11.6666666666667
"261",0.766230703755853,9.21052631578947
"262",0.812698383217071,21.875
"263",0.0888551115574993,10.9375
"264",0.996063132499909,5.14705882352941
"265",0.983231442376851,6.73076923076923
"266",0.847739897801654,10.2941176470588
"267",0.828575120615618,5.3030303030303
"268",0.991200527780455,5.14705882352941
"269",0.99860780677251,7.29166666666667
"270",0.999485495564157,5.14705882352941
"271",0.999891361589022,7.29166666666667
"272",0.994496633931979,5.14705882352941
"273",0.830578543982736,11.6666666666667
"274",0.0405819431176744,35
"275",0.968274001869446,5.14705882352941
"276",0.431190292119997,12.5
"277",0.293798458522205,11.6666666666667
"278",0.127168208528628,35
"279",0.998436656836491,7.29166666666667
"280",0.730466611350456,35
"281",0.398906286603704,11.6666666666667
"282",0.998354175075508,7.29166666666667
"283",0.996416780003733,7.29166666666667
"284",0.81923915111881,11.6666666666667
"285",0.999837564376898,7.29166666666667
"286",0.387178738199681,8.75
"287",0.236482452584403,10.2941176470588
"288",0.999320628810214,5.14705882352941
"289",0.987855669056807,35
"290",0.746201398302964,5
"291",0.919579300655608,14.5833333333333
"292",0.998898346177517,7.29166666666667
"293",0.999823952476171,5.14705882352941
"294",0.993958726739307,7.29166666666667
"295",0.998661059421818,5.64516129032258
"296",0.614304317999413,5.64516129032258
"297",0.937727923192565,5.64516129032258
"298",0.397468730734728,10.9375
"299",0.968498577731493,5.83333333333333
"300",0.525346368478636,4.60526315789474
"301",0.889868692352491,35
"302",0.995818834153794,7.29166666666667
"303",0.970034761387571,7.29166666666667
"304",0.726330873623166,35
"305",0.874981802049984,35
"306",0.945759586483074,35
"307",0.912193214997334,10.9375
"308",0.686571125475611,35
"309",0.361436478616578,35
"310",0.983386627203174,35
"311",0.837039534602733,35
"312",0.369508129368213,12.5
"313",0.999431722957644,5.14705882352941
"314",0.999821626646794,5.14705882352941
"315",0.977189054134966,11.6666666666667
"316",0.997563954667346,25
"317",0.999994682968505,5.14705882352941
"318",0.681959272145026,10.2941176470588
"319",0.999999989318534,17.5
"320",0.999721335319311,7.29166666666667
"321",0.713172610799081,9.21052631578947
"322",0.994310742586798,7.29166666666667
"323",0.996203035699935,7.29166666666667
"324",0.989447575971453,5.14705882352941
"325",0.969560985023855,7.29166666666667
"326",0.993428749156343,5.14705882352941
"327",0.675375314229871,7.60869565217391
"328",0.994328114542932,5.14705882352941
"329",0.233377968288931,19.4444444444444
"330",0.517532785376954,5.83333333333333
"331",0.319741042400453,5.64516129032258
"332",0.998192793937334,5.14705882352941
"333",0.635513912746603,7.29166666666667
"334",0.978003885210971,7.29166666666667
"335",0.621694088182799,10.2941176470588
"336",0.985896668250443,35
"337",0.903096567215985,35
"338",0.724640603149967,35
"339",0.570421156106355,7.95454545454545
"340",0.958460817345967,9.72222222222222
"341",0.604459344247432,35
"342",0.637645792810371,35
"343",0.72648715768376,35
"344",0.993916828123777,5.14705882352941
"345",0.279689160655663,10.9375
"346",0.103759791738689,11.6666666666667
"347",0.953977315681168,10.9375
"348",0.99966678138731,7.29166666666667
"349",0.378339454284149,4.48717948717949
"350",0.999890687060107,7.29166666666667
"351",0.999763209109071,7
"352",0.166149462895222,10.2941176470588
"353",0.321526769261903,35
"354",0.987761443465849,35
"355",0.452079539638654,35
"356",0.999543982253764,5
"357",0.997395232211935,7.29166666666667
"358",0.999372523245882,5.14705882352941
"359",0.947799864271021,35
"360",0.975710323608207,5
"361",0.779961601940434,8.75
"362",0.968382853717108,7.29166666666667
"363",0.757507264045197,5.64516129032258
"364",0.700385274031953,11.6666666666667
"365",0.277443971730857,10.9375
"366",0.820749512647779,4.86111111111111
"367",0.973301912387638,7.29166666666667
"368",0.80427982420364,6.03448275862069
"369",0.930056315818972,35
"370",0.99570215372257,7.29166666666667
"371",0.543068255430766,13.4615384615385
"372",0.663694724116259,35
"373",0.504870517894696,35
"374",0.716078418201278,35
"375",0.982641820472402,5.14705882352941
"376",0.995633577056673,5.14705882352941
"377",0.795117231995526,10.9375
"378",0.999701643875128,7.29166666666667
"379",0.999388971699801,7.29166666666667
"380",0.999876372244326,7.29166666666667
"381",0.983214620632825,29.1666666666667
"382",0.103218253740364,10.2941176470588
"383",0.999584304926269,15.9090909090909
"384",0.99980787852057,7.29166666666667
"385",0.338540724372265,35
"386",0.971799813132845,5.14705882352941
"387",0.760107632144654,7.60869565217391
"388",0.8277117152219,35
"389",0.994132774707794,5.14705882352941
"390",0.997281773075912,5.14705882352941
"391",0.987492804443848,5.14705882352941
"392",0.999804128693917,7
"393",0.499701017655996,11.6666666666667
"394",0.995696511119808,7.29166666666667
"395",0.999924704792844,7.29166666666667
"396",0.999944489235447,7.29166666666667
"397",0.999991514686769,35
"398",0.999876686967971,35
"399",0.995010894268408,5.14705882352941
"400",0.999952576563378,5
"401",0.999994742177669,7.29166666666667
"402",0.939394054765865,5.14705882352941
"403",0.933707612037302,5.14705882352941
"404",0.897892811233893,7.29166666666667
"405",0.689124285916898,10.2941176470588
"406",0.994760779193095,7.29166666666667
"407",0.9995941586641,7.29166666666667
"408",0.983480053139328,5.14705882352941
"409",0.997244317604622,35
"410",0.999714831558564,35
"411",0.999591192036291,7.29166666666667
"412",0.999513901781097,7.29166666666667
"413",0.996512134633374,10.2941176470588
"414",0.999964971341754,7.29166666666667
"415",0.994930577825599,7.29166666666667
"416",0.999983338255075,19.4444444444444
"417",0.999273689590941,5.14705882352941
"418",0.984529718930179,19.4444444444444
"419",0.995631883507617,5
"420",0.873884458354489,9.72222222222222
"421",0.999796215980939,6.03448275862069
"422",0.996202697549453,7.29166666666667
"423",0.986767399380834,35
"424",0.998884243561204,7.29166666666667
"425",0.975988568699288,7.29166666666667
"426",0.997568780104329,5.14705882352941
"427",0.996303774339508,5.14705882352941
"428",0.999405378611766,8.75
"429",0.908746443466752,9.72222222222222
"430",0.93814949924656,35
"431",0.754896226594676,5
"432",0.985619509487462,5
"433",0.177148039195218,35
"434",0.972474451131814,5.14705882352941
"435",0.989019124036012,5
"436",0.953020260080724,17.5
"437",0.999266951622944,7.29166666666667
"438",0.999941116927211,9.72222222222222
"439",0.933011417982503,17.5
"440",0.966909663165817,7.29166666666667
"441",0.717604380410701,8.33333333333333
"442",0.999989889883718,14.5833333333333
"443",0.239893278058772,9.72222222222222
"444",0.65465026663604,10.2941176470588
"445",0.98762957274626,10.9375
"446",0.767090186040254,10.2941176470588
"447",0.99995845942336,7.29166666666667
"448",0.999999783794527,9.72222222222222
"449",0.999903528377405,7.29166666666667
"450",0.957300256483074,8.33333333333333
"451",0.997788581987037,9.72222222222222
"452",0.644597778817999,9.72222222222222
"453",0.491642411206015,6.48148148148148
"454",0.925720541670668,7.29166666666667
"455",0.999132230908766,7.29166666666667
"456",0.9284897542621,21.875
"457",0.992002773172741,5.3030303030303
"458",0.992804818080123,7.29166666666667
"459",0.93088180962498,5.14705882352941
"460",0.942538363817459,7.29166666666667
"461",0.943007051054284,10.2941176470588
"462",0.997383691314487,7.29166666666667
"463",0.999724216552201,7.29166666666667
"464",0.58959587647486,9.72222222222222
"465",0.996939758521831,7.29166666666667
"466",0.985147550145811,7.29166666666667
"467",0.831719487718969,35
"468",0.145188391326106,10.9375
"469",0.973652612289912,9.72222222222222
"470",0.998864922891015,35
"471",0.999999822962671,4.06976744186047
"472",0.983589634039862,10.9375
"473",0.210600533705405,11.6666666666667
"474",0.99942371021368,7.29166666666667
"475",0.999988878114345,9.72222222222222
"476",0.9992337338643,7.29166666666667
"477",0.973324702618517,5
"478",0.999698310534058,5.14705882352941
"479",0.260287512820881,10.2941176470588
"480",0.999965776327492,7.29166666666667
"481",0.999999999443878,4.06976744186047
"482",0.99941600695573,7.29166666666667
"483",0.996373600851965,5
"484",0.700883227850196,9.72222222222222
"485",0.933826286078658,5.14705882352941
"486",0.999813053338666,7.29166666666667
"487",0.999487040595459,7.29166666666667
"488",0.998369856245455,7.29166666666667
"489",0.99866575631972,7.29166666666667
"490",0.999844485558453,8.75
"491",0.997181906352058,25
"492",0.963381670583335,5.14705882352941
"493",0.999544879820392,5.14705882352941
"494",0.942915969448637,10.2941176470588
"495",0.644398808627631,5
"496",0.101669175106669,9.21052631578947
"497",0.999999922427993,12.5
"498",0.579459297082406,9.21052631578947
"499",0.794286288942323,19.4444444444444
"500",0.973552455982082,10.9375
"501",0.0539143848471585,9.72222222222222
"502",0.990204329483449,5.3030303030303
"503",0.969871920851859,5.14705882352941
"504",0.764795530909559,7.29166666666667
"505",0.210188561259719,9.72222222222222
"506",0.296643397584665,9.72222222222222
"507",0.195619417008313,9.21052631578947
"508",0.969670565086569,4.60526315789474
"509",0.877566421069359,9.21052631578947
"510",0.984777850765718,7.29166666666667
"511",0.996477861470896,7.29166666666667
"512",0.0647833232165096,5.83333333333333
"513",0.169521083441234,10.2941176470588
"514",0.999939620696295,5.14705882352941
"515",0.999973311357965,5.14705882352941
"516",0.769201966388932,6.25
"517",0.999675518595394,5
"518",0.955139181545649,5.14705882352941
"519",0.99521234228226,5.14705882352941
"520",0.731314434022113,10.2941176470588
"521",0.375676158204182,7.60869565217391
"522",0.913255376555783,7.29166666666667
"523",0.835025387895686,7.60869565217391
"524",0.997334009181028,7.29166666666667
"525",0.92243467516459,9.72222222222222
"526",0.845246043878898,5.3030303030303
"527",0.565433119625071,9.72222222222222
"528",0.99996286363296,5
"529",0.938824769137618,35
"530",0.0679656494191959,5.14705882352941
"531",0.999783088175351,5.14705882352941
"532",0.551380425733076,5
"533",0.0236480339835686,11.6666666666667
"534",0.999979160955676,35
"535",0.189590049051795,10.2941176470588
"536",0.642906017729305,10.2941176470588
"537",0.999990014392606,25
"538",0.995243076761503,7.29166666666667
"539",0.544273023265617,9.72222222222222
"540",0.323660985209244,35
"541",0.915514576468383,10.2941176470588
"542",0.999973659421833,7.29166666666667
"543",0.99990511871213,7.29166666666667
"544",0.376691065705426,10.2941176470588
"545",0.23995252057626,10.2941176470588
"546",0.5632483778083,35
"547",0.962615291823682,35
"548",0.686916407043226,9.72222222222222
"549",0.970613321907084,7.60869565217391
"550",0.997166391720852,7.29166666666667
"551",0.331750565906621,9.72222222222222
"552",0.994658457833189,5.64516129032258
"553",0.998708344966217,5.14705882352941
"554",0.959915432803123,7.29166666666667
"555",0.812584240670299,9.72222222222222
"556",0.887565969694123,7.29166666666667
"557",0.522193814849518,10.2941176470588
"558",0.912187667627274,7.29166666666667
"559",0.835979105533878,5.46875
"560",0.996218717028878,7.29166666666667
"561",0.638980079914132,10.2941176470588
"562",0.99909290731401,5.3030303030303
"563",0.0975155465311263,10.9375
"564",0.0597224498074445,10.9375
"565",0.996307211187045,5.14705882352941
"566",0.996188524176531,7.29166666666667
"567",0.99927258568718,7.29166666666667
"568",0.712834985889817,9.72222222222222
"569",0.803258544241589,12.5
"570",0.999999929020978,4.48717948717949
"571",0.994902055732102,8.75
"572",0.999988026723535,7
"573",0.367040165312801,10.2941176470588
"574",0.963534647044754,7.95454545454545
"575",0.999088439876693,7.29166666666667
"576",0.999862015410819,5.14705882352941
"577",0.145374256741419,10.2941176470588
"578",0.999773479054733,7.29166666666667
"579",0.999983179783,7.29166666666667
"580",0.413227961639899,8.33333333333333
"581",0.497987732640846,9.72222222222222
"582",0.965457947363226,5.83333333333333
"583",0.872393167283426,9.21052631578947
"584",0.513284090496677,9.72222222222222
"585",0.998611409335924,17.5
"586",0.977987996390191,7.29166666666667
"587",0.750331945005085,9.21052631578947
"588",0.72474219055952,21.875
"589",0.701227744548075,10.2941176470588
"590",0.887363511488336,7.29166666666667
"591",0.78442272996991,19.4444444444444
"592",0.636329880818203,10.2941176470588
"593",0.832076612841458,10.2941176470588
"594",0.951866699524636,35
"595",0.998364548119832,5.83333333333333
"596",0.909271214337611,9.72222222222222
"597",0.862046061326757,5.3030303030303
"598",0.999996893264001,7
"599",0.242327519539168,11.6666666666667
"600",0.743246501834502,10.2941176470588
"601",0.98531482056595,5.14705882352941
"602",0.817099111816336,4.86111111111111
"603",0.370207235265153,10.2941176470588
"604",0.656080980423065,10.2941176470588
"605",0.847525216554264,10.2941176470588
"606",0.999987167599035,7.29166666666667
"607",0.999999970662131,4.06976744186047
"608",0.999848966917532,10.2941176470588
"609",0.414195220359155,10.2941176470588
"610",0.994120770632117,5
"611",0.999787825190988,9.21052631578947
"612",0.995507060624203,7.29166666666667
"613",0.999775648054236,7.29166666666667
"614",0.995275321288779,7.29166666666667
"615",0.995583073227724,7.29166666666667
"616",0.954749459364344,21.875
"617",0.672356522658697,7.29166666666667
"618",0.921910738791164,7.29166666666667
"619",0.841505343921769,10.2941176470588
"620",0.959869136531139,5.14705882352941
"621",0.989969056005457,5.14705882352941
"622",0.895513458959436,7.60869565217391
"623",0.875779478280959,10.2941176470588
"624",0.994175169094793,7.29166666666667
"625",0.990558229308202,5.14705882352941
"626",0.997283236339999,11.6666666666667
"627",0.989418700505351,9.72222222222222
"628",0.51016109974826,35
"629",0.987591928062182,9.21052631578947
"630",0.999317442505008,7.29166666666667
"631",0.998339436997346,7.29166666666667
"632",0.429648108379517,15.9090909090909
"633",0.0739231252788071,10.2941176470588
"634",0.515445944183458,7
"635",0.554745646608234,10.2941176470588
"636",0.381231092765251,8.75
"637",0.988609624613913,7.29166666666667
"638",0.999999964146899,5.46875
"639",0.357436491510348,10.2941176470588
"640",0.999145388193732,9.72222222222222
"641",0.986895578238602,7.29166666666667
"642",0.999889950479042,7.29166666666667
"643",0.860300020404691,35
"644",0.998664179200531,5
"645",0.998801963903964,5.14705882352941
"646",0.964543259964133,5.64516129032258
"647",0.99518598618169,5.83333333333333
"648",0.998029011178091,5
"649",0.646294077390755,5.14705882352941
"650",0.917813565844577,7.29166666666667
"651",0.726684928697744,9.72222222222222
"652",0.993889616352675,7.29166666666667
"653",0.908532788935828,7.29166666666667
"654",0.611009107080545,17.5
"655",0.66107098274206,10.2941176470588
"656",0.231419525431319,9.72222222222222
"657",0.997196017305046,5.14705882352941
"658",0.948984485207706,7
"659",0.998241389947822,12.5
"660",0.341041488450016,9.72222222222222
"661",0.999131994509555,5.14705882352941
"662",0.981132521244665,12.5
"663",0.822091957680365,10.9375
"664",0.999423428539361,5
"665",0.995583573028328,5.14705882352941
"666",0.981580327413613,7.29166666666667
"667",0.577482476817071,10.2941176470588
"668",0.99988221662792,7.29166666666667
"669",0.999999884354864,7.29166666666667
"670",0.999945128308044,9.72222222222222
"671",0.458752098021815,10.2941176470588
"672",0.999800659448284,5.14705882352941
"673",0.999446587312393,10.2941176470588
"674",0.987908173751351,9.21052631578947
"675",0.858349232971362,4.06976744186047
"676",0.997452408559006,5
"677",0.140980046968233,21.875
"678",0.970405707539773,9.72222222222222
"679",0.943036013815249,7.29166666666667
"680",0.993308000286362,7.29166666666667
"681",0.574419526622171,7.60869565217391
"682",0.656052869226997,5.64516129032258
"683",0.978975631250032,7.29166666666667
"684",0.980863340408225,5.14705882352941
"685",0.657212452410845,5.14705882352941
"686",0.998711127862673,7.29166666666667
"687",0.998991339335589,7.29166666666667
"688",0.715799656936168,35
"689",0.813776827251261,10.2941176470588
"690",0.948983690029205,11.6666666666667
"691",0.175746598010095,12.5
"692",0.771411575105602,13.4615384615385
"693",0.473017494988878,9.72222222222222
"694",0.101066484267815,12.5
"695",0.916729989163575,12.5
"696",0.999893909002902,13.4615384615385
"697",0.999887814425806,5.83333333333333
"698",0.975702336327456,11.6666666666667
"699",0.930245363002307,10.9375
"700",0.982714876416759,7.29166666666667
"701",0.999886179910407,5.14705882352941
"702",0.799681060056083,19.4444444444444
"703",0.741024638031571,10.2941176470588
"704",0.9938093887498,35
"705",0.478062402622945,9.72222222222222
"706",0.812867727204342,9.72222222222222
"707",0.898062352005695,10.2941176470588
"708",0.999994393238227,7.29166666666667
"709",0.999957476611468,7.29166666666667
"710",0.999347052024884,9.21052631578947
"711",0.999980209790364,13.4615384615385
"712",0.989685064005187,7.29166666666667
"713",0.210010652297796,10.2941176470588
"714",0.550300279407516,5.14705882352941
"715",0.993369789061598,9.21052631578947
"716",0.994928411166323,9.72222222222222
"717",0.999918371754187,5.3030303030303
"718",0.972583713674103,10.2941176470588
"719",0.535177909875791,9.72222222222222
"720",0.99883380363019,7.29166666666667
"721",0.180848020470811,9.72222222222222
"722",0.909158456513474,12.5
"723",0.99912511953663,5
"724",0.874937555735457,9.21052631578947
"725",0.968672361503877,9.21052631578947
"726",0.443045092541514,12.5
"727",0.999819362239488,7.29166666666667
"728",0.999001333006765,7.29166666666667
"729",0.983695372061294,5.83333333333333
"730",0.556450515115615,11.6666666666667
"731",0.999487489863366,7.29166666666667
"732",0.9999668810417,7.29166666666667
"733",0.958331948017479,7.29166666666667
"734",0.999144664526727,5.14705882352941
"735",0.99702487219818,5.14705882352941
"736",0.999999951893903,7
"737",0.999996543981406,7.29166666666667
"738",0.997087795994942,7.29166666666667
"739",0.998248784145797,5
"740",0.955944413251098,5
"741",0.999844688195996,7.29166666666667
"742",0.638154371957674,5.14705882352941
"743",0.616518815195349,19.4444444444444
"744",0.992837464024298,21.875
"745",0.895661537204249,7.29166666666667
"746",0.654207905392924,5.14705882352941
"747",0.999805846488821,35
"748",0.955930847276333,7.29166666666667
"749",0.995362259398454,17.5
"750",0.999898448760487,5
"751",0.987361926457649,5
"752",0.89262301978976,12.5
"753",0.98884165492375,35
"754",0.99999280137432,35
"755",0.991990530358049,35
"756",0.77574318893948,35
"757",0.996698684145916,7.29166666666667
"758",0.350783037681071,11.6666666666667
"759",0.999790036473901,35
"760",0.996344812557436,5.14705882352941
"761",0.939247917975085,35
"762",0.996138549339519,7.29166666666667
"763",0.751652801562779,5
"764",0.903956771945513,4.86111111111111
"765",0.774182396992668,7.95454545454545
"766",0.999854038424953,7.29166666666667
"767",0.46271715192038,9.72222222222222
"768",0.999997618455409,7.29166666666667
"769",0.998863413449983,7.29166666666667
"770",0.998292203412326,5
"771",0.978524226519698,7.29166666666667
"772",0.662048779732972,9.72222222222222
"773",0.999979423789839,7.29166666666667
"774",0.994092094595734,5.14705882352941
"775",0.959463927158007,7.29166666666667
"776",0.720910071973124,9.21052631578947
"777",0.998819953130062,5.14705882352941
"778",0.998847950408304,7.29166666666667
"779",0.998454999912623,35
"780",0.356103731571399,19.4444444444444
"781",0.811389734793587,11.6666666666667
"782",0.996625495996858,5.14705882352941
"783",0.998948178331954,35
"784",0.992851512215856,35
"785",0.999999058108977,11.6666666666667
"786",0.880540230865782,35
"787",0.994563268776877,35
"788",0.869900928919171,35
"789",0.99980453363749,7.29166666666667
"790",0.961043798166682,5.14705882352941
"791",0.967090031352248,35
"792",0.964884471832755,5.14705882352941
"793",0.990764683380795,5.14705882352941
"794",0.998261397308952,35
"795",0.991062891063651,35
"796",0.856664083191354,10.2941176470588
"797",0.778504186582711,4.06976744186047
"798",0.999998808105221,4.06976744186047
"799",0.999871009524397,35
"800",0.999995624258817,4.06976744186047
"801",0.0259117086973427,10.2941176470588
"802",0.991919598282045,5.14705882352941
"803",0.962289737504563,10.9375
"804",0.698561710622477,8.33333333333333
"805",0.995124308817607,5.83333333333333
"806",0.996561735808202,35
"807",0.856403558128537,9.21052631578947
"808",0.985559244531932,15.9090909090909
"809",0.506389643756535,5.14705882352941
"810",0.899444169999067,21.875
"811",0.710356081025014,35
"812",0.996398585945363,14.5833333333333
"813",0.714980070057524,5.14705882352941
"814",0.976535535629894,35
"815",0.966811179426641,5.14705882352941
"816",0.959512304434406,10.2941176470588
"817",0.906066970568453,21.875
"818",0.880326570322042,19.4444444444444
"819",0.784865071522806,11.6666666666667
"820",0.573368624509546,12.5
"821",0.922744657689805,9.72222222222222
"822",0.999979650413863,35
"823",0.851563778518378,10.9375
"824",0.90901669101209,19.4444444444444
"825",0.999831941952224,35
"826",0.998931547447765,5.3030303030303
"827",0.282192880140203,35
"828",0.918937897426554,12.5
"829",0.995751408973792,9.72222222222222
"830",0.28949545860676,10.2941176470588
"831",0.997601089953705,5.14705882352941
"832",0.086054618816461,35
"833",0.435274421365628,10.2941176470588
"834",0.988405167783147,10.2941176470588
"835",0.993395907228719,7.29166666666667
"836",0.987507045873176,7.29166666666667
"837",0.968082993974804,9.72222222222222
"838",0.239910054575026,7.60869565217391
"839",0.955035903248476,35
"840",0.937876733299201,17.5
"841",0.914334796656048,35
"842",0.632764595262416,21.875
"843",0.978145678888117,5.14705882352941
"844",0.258534077801802,35
"845",0.957352317051968,5.14705882352941
"846",0.914461823550255,35
"847",0.97590917550959,5.14705882352941
"848",0.87926851300652,11.6666666666667
"849",0.878281546371343,21.875
"850",0.772828911677272,5.3030303030303
"851",0.92630711833577,10.9375
"852",0.974690527806133,5.14705882352941
"853",0.995319501987826,13.4615384615385
"854",0.979442768364009,11.6666666666667
"855",0.936363062093621,10.9375
"856",0.999632514382009,5.14705882352941
"857",0.910917556638928,5.14705882352941
"858",0.864196440340103,21.875
"859",0.98787999599051,9.72222222222222
"860",0.999979967022658,7.29166666666667
"861",0.355393461173261,35
"862",0.994536841951647,5.3030303030303
"863",0.99921344077048,21.875
"864",0.996844269686098,8.75
"865",0.976768614387387,5.14705882352941
"866",0.978015849114279,7.29166666666667
"867",0.999600959954632,9.21052631578947
"868",0.886398071930036,5
"869",0.962035979378512,5
"870",0.993877392801898,5.14705882352941
"871",0.412058839768169,25
"872",0.982594539257476,5.14705882352941
"873",0.836132889006989,35
"874",0.75801179139394,5.14705882352941
"875",0.956605145786499,17.5
"876",0.897451915047968,10.2941176470588
"877",0.984220483879375,9.21052631578947
"878",0.972112580288585,5.14705882352941
"879",0.997935256604997,17.5
"880",0.997410364225074,35
"881",0.917485825219034,21.875
"882",0.992082256219735,5.14705882352941
"883",0.995423375560898,5.14705882352941
"884",0.986241990825767,7.29166666666667
"885",0.333084956666148,35
"886",0.968159783998227,35
"887",0.833130124057439,10.2941176470588
"888",0.727217513305875,10.9375
"889",0.959463820072523,10.9375
"890",0.36444718089383,9.72222222222222
"891",0.999999381659216,10.9375
"892",0.843942731042326,10.2941176470588
"893",0.999977552634202,7.29166666666667
"894",0.586452327454544,10.2941176470588
"895",0.325744275825716,35
"896",0.983117688587852,7.29166666666667
"897",0.977643249489116,5.46875
"898",0.786257699714443,5.83333333333333
"899",0.999999992016236,21.875
"900",0.610403009753934,5.64516129032258
"901",0.987229777441874,10.2941176470588
"902",0.999850127325178,19.4444444444444
"903",0.990524416138169,9.72222222222222
"904",0.940805602853428,35
"905",0.929874716446106,14.5833333333333
"906",0.245076806313656,5.14705882352941
"907",0.998819001160436,10.9375
"908",0.946095210416941,5.14705882352941
"909",0.779975659336916,19.4444444444444
"910",0.880249264398342,35
"911",0.993375635713581,11.6666666666667
"912",0.987091156722451,10.9375
"913",0.832710932820599,5.83333333333333
"914",0.924839591485078,5.14705882352941
"915",0.999999786212184,10.9375
"916",0.943261716954199,11.6666666666667
"917",0.0164305347783738,10.9375
"918",0.16780335584127,9.72222222222222
"919",0.933878565209127,11.6666666666667
"920",0.999951922655892,7.29166666666667
"921",0.730387460440852,21.875
"922",0.999149265299963,7.29166666666667
"923",0.938025283617286,10.9375
"924",0.993468266398392,7.29166666666667
"925",0.951894122565524,10.2941176470588
"926",0.966301817296378,5.14705882352941
"927",0.077149823480694,9.72222222222222
"928",0.606724805218885,10.2941176470588
"929",0.194667062726282,35
"930",0.712548240281257,9.72222222222222
"931",0.205933526230471,10.2941176470588
"932",0.991636416302416,7.29166666666667
"933",0.99815409595444,7.29166666666667
"934",0.809222224377669,5.3030303030303
"935",0.193113971189981,7.60869565217391
"936",0.993513646115608,7.29166666666667
"937",0.868085689160053,7.29166666666667
"938",0.955220589029599,5.14705882352941
"939",0.982805143525213,5
"940",0.911412094856149,4.60526315789474
"941",0.999256711848997,29.1666666666667
"942",0.691362408606395,21.875
"943",0.99960520887618,5.14705882352941
"944",0.950928683787536,12.5
"945",0.983498674158124,7.29166666666667
"946",0.999274186269828,5.14705882352941
"947",0.991289628924599,5.14705882352941
"948",0.966775196801011,5.14705882352941
"949",0.999474179653022,21.875
"950",0.999997477932584,5.14705882352941
"951",0.766313594167759,9.72222222222222
"952",0.999999500094839,7.29166666666667
"953",0.996246165884964,5.14705882352941
"954",0.0794066448289718,10.2941176470588
"955",0.942518869840639,10.2941176470588
"956",0.999658463842469,7.29166666666667
"957",0.999999986916453,7.29166666666667
"958",0.510656653380613,10.2941176470588
"959",0.999999570455797,5
"960",0.358061011843923,35
"961",0.999987412243181,7.29166666666667
"962",0.637411471743918,5
"963",0.220802795434005,10.2941176470588
"964",0.998822636617969,7.29166666666667
"965",0.968054234371658,5
"966",0.997837868513967,10.2941176470588
"967",0.833547784602966,7.60869565217391
"968",0.153705233534898,9.72222222222222
"969",0.994078759029763,7.29166666666667
"970",0.690719852852549,21.875
"971",0.999841869749947,10.2941176470588
"972",0.678311273242463,35
"973",0.999915353130954,17.5
"974",0.921750601730299,10.9375
"975",0.826742195481066,21.875
"976",0.904508150767912,21.875
"977",0.999993812502174,9.21052631578947
"978",0.983279020247452,35
"979",0.436210950674713,8.75
"980",0.813144834191922,21.875
"981",0.734974116526338,35
"982",0.957943168985601,10.2941176470588
"983",0.958567118237601,5.3030303030303
"984",0.94534207796633,19.4444444444444
"985",0.584290911854458,19.4444444444444
"986",0.999918417295404,7.29166666666667
"987",0.993544740125602,15.9090909090909
"988",0.111492441147857,10.2941176470588
"989",0.832234785110454,35
"990",0.236952562439305,10.2941176470588
"991",0.99964070995918,5.14705882352941
"992",0.997406199016711,35
"993",0.999370717668303,7.60869565217391
"994",0.567772723676695,17.5
"995",0.892485549671625,21.875
"996",0.988067760241289,7.29166666666667
"997",0.256422722151119,7.60869565217391
"998",0.983973389082676,35
"999",0.397816185590168,35
"1000",0.950579803656867,19.4444444444444
"1001",0.970084029054873,15.9090909090909
"1002",0.993471040933414,13.4615384615385
"1003",0.864230179649241,7.29166666666667
"1004",0.997662056716133,8.75
"1005",0.330455264128042,10.2941176470588
"1006",0.455354717359556,10.2941176470588
"1007",0.181871214362987,7.95454545454545
"1008",0.926402184003256,11.6666666666667
"1009",0.939963685937448,8.75
"1010",0.99621382557207,17.5
"1011",0.837511912954954,35
"1012",0.952779116698241,25
"1013",0.992490692677325,11.6666666666667
"1014",0.963657448894561,21.875
"1015",0.87820193911706,5.14705882352941
"1016",0.999999863871474,11.6666666666667
"1017",0.892186810630768,10.2941176470588
"1018",0.999644950258688,5.14705882352941
"1019",0.999605499357884,7.29166666666667
"1020",0.858346462642813,10.2941176470588
"1021",0.999974137674559,7.29166666666667
"1022",0.462258617041262,10.9375
"1023",0.99749786511099,7.29166666666667
"1024",0.487929550651009,11.6666666666667
"1025",0.999983863945932,5
"1026",0.998559367943891,17.5
"1027",0.676718483589498,19.4444444444444
"1028",0.665053860224536,35
"1029",0.876423082190637,5.14705882352941
"1030",0.844347811201963,19.4444444444444
"1031",0.942568788779028,7.29166666666667
"1032",0.176667751615837,35
"1033",0.996312961985605,7.29166666666667
"1034",0.943264003210144,9.21052631578947
"1035",0.36813362030301,35
"1036",0.401281743955781,35
"1037",0.334780856644524,35
"1038",0.996390585239133,11.6666666666667
"1039",0.995217686908716,11.6666666666667
"1040",0.906270793698755,11.6666666666667
"1041",0.911878031275984,9.21052631578947
"1042",0.956350982575066,5.3030303030303
"1043",0.839785629564653,5.14705882352941
"1044",0.977549022429387,5.14705882352941
"1045",0.84557993648042,9.72222222222222
"1046",0.908803327043651,9.72222222222222
"1047",0.979589084980445,9.72222222222222
"1048",0.980587773438402,5.14705882352941
"1049",0.814797904701146,35
"1050",0.737515185016037,11.6666666666667
"1051",0.971907013837161,10.2941176470588
"1052",0.592789370202511,11.6666666666667
"1053",0.933541783956836,9.72222222222222
"1054",0.999999984671367,5.14705882352941
"1055",0.999613840205084,5.14705882352941
"1056",0.445869337455198,10.2941176470588
"1057",0.999999052023065,7.60869565217391
"1058",0.998677007681284,7.60869565217391
"1059",0.840442158580583,9.72222222222222
"1060",0.822644478289151,9.21052631578947
"1061",0.96232846839847,10.2941176470588
"1062",0.965213996125897,12.5
"1063",0.955666794178342,5.14705882352941
"1064",0.996031415845588,5
"1065",0.975937040064226,35
"1066",0.955518012959713,5.14705882352941
"1067",0.975232259603022,5.14705882352941
"1068",0.945905959540956,7.29166666666667
"1069",0.99995628005209,8.33333333333333
"1070",0.999913275070849,9.72222222222222
"1071",0.952412502147911,19.4444444444444
"1072",0.999258106861503,7.29166666666667
"1073",0.999630364515676,35
"1074",0.975031322011738,8.75
"1075",0.930977274341709,9.72222222222222
"1076",0.755852810931775,10.9375
"1077",0.999365191563039,5.14705882352941
"1078",0.999467398358813,5.3030303030303
"1079",0.925284027904508,10.9375
"1080",0.629682163126246,11.6666666666667
"1081",0.190955130755354,9.72222222222222
"1082",0.999838678814956,10.9375
"1083",0.80887104627481,10.9375
"1084",0.0432879631948492,10.2941176470588
"1085",0.999997817959255,10.2941176470588
"1086",0.981665372722571,4.06976744186047
"1087",0.88244822992999,10.2941176470588
"1088",0.999999329044907,7.60869565217391
"1089",0.484709495981694,8.75
"1090",0.978170806051674,19.4444444444444
"1091",0.320905789377143,9.72222222222222
"1092",0.393782281743009,9.72222222222222
"1093",0.939759770649651,9.21052631578947
"1094",0.959788916666497,5.14705882352941
"1095",0.938230765468379,10.2941176470588
"1096",0.999699332794514,9.21052631578947
"1097",0.840295932445183,19.4444444444444
"1098",0.92278689309772,9.21052631578947
"1099",0.820610364812691,21.875
"1100",0.785143874804946,7.29166666666667
"1101",0.987175194056079,10.2941176470588
"1102",0.715975256773712,9.72222222222222
"1103",0.99961300684915,7.29166666666667
"1104",0.999717435263592,7.29166666666667
"1105",0.982444202609005,7.29166666666667
"1106",0.999315220003042,5.14705882352941
"1107",0.855071287008883,5.14705882352941
"1108",0.927578312328681,10.9375
"1109",0.999766420390362,5.14705882352941
"1110",0.967790808571472,10.9375
"1111",0.974063452518662,5.14705882352941
"1112",0.945144767981824,12.5
"1113",0.893351978436429,11.6666666666667
"1114",0.816598496238251,10.2941176470588
"1115",0.998237625431777,5.14705882352941
"1116",0.99994985447135,13.4615384615385
"1117",0.982426533169302,6.03448275862069
"1118",0.998804279891995,7.29166666666667
"1119",0.598399643530707,10.9375
"1120",0.999756648386108,7.29166666666667
"1121",0.338693005289014,5
"1122",0.942526425971456,21.875
"1123",0.921677358882022,17.5
"1124",0.898114559113414,21.875
"1125",0.910456045480962,19.4444444444444
"1126",0.996466415428439,12.5
"1127",0.996517315702459,35
"1128",0.0857227466289801,5.64516129032258
"1129",0.999770270901351,5.14705882352941
"1130",0.995108660842516,35
"1131",0.830593189950782,5.14705882352941
"1132",0.618378992920601,35
"1133",0.957549520028408,12.5
"1134",0.913570161239105,10.2941176470588
"1135",0.964909888903885,7.29166666666667
"1136",0.75357114608596,4.375
"1137",0.945204498329687,35
"1138",0.888391134958451,11.6666666666667
"1139",0.968780657048099,5.14705882352941
"1140",0.995937122250535,5.3030303030303
"1141",0.150299614132546,10.9375
"1142",0.737870733914832,10.9375
"1143",0.99416109756906,7.29166666666667
"1144",0.998320149144866,12.5
"1145",0.999995018060583,7.29166666666667
"1146",0.999732251022826,9.72222222222222
"1147",0.936485256646194,10.9375
"1148",0.392375292069432,10.9375
"1149",0.98892035065284,10.9375
"1150",0.999684024083159,5.83333333333333
"1151",0.999817786578685,5.14705882352941
"1152",0.349434815405369,9.72222222222222
"1153",0.173161423323176,8.75
"1154",0.711945516465854,19.4444444444444
"1155",0.894042618505236,21.875
"1156",0.93636365689274,17.5
"1157",0.923157674863547,21.875
"1158",0.89459964791549,21.875
"1159",0.806499750500371,21.875
"1160",0.887469892485669,21.875
"1161",0.925447017651128,19.4444444444444
"1162",0.332118839315809,10.2941176470588
"1163",0.991208080506857,17.5
"1164",0.905617407453791,5.14705882352941
"1165",0.950914818301539,12.5
"1166",0.991464362206242,10.2941176470588
"1167",0.992935345037526,11.6666666666667
"1168",0.997514434655624,7.29166666666667
"1169",0.971152038413329,11.6666666666667
"1170",0.999964971505378,35
"1171",0.996261633442348,11.6666666666667
"1172",0.995453593265638,4.06976744186047
"1173",0.998184196740262,5.14705882352941
"1174",0.981901385202745,5.14705882352941
"1175",0.999791172213248,12.5
"1176",0.998711979060277,7.29166666666667
"1177",0.999455247446629,7.29166666666667
"1178",0.940582420613234,6.25
"1179",0.887720053839881,5.3030303030303
"1180",0.999968047706871,7.29166666666667
"1181",0.74654003145921,10.2941176470588
"1182",0.999923488366937,4.06976744186047
"1183",0.999998818038728,7.29166666666667
"1184",0.994008924538573,7.95454545454545
"1185",0.574892463142693,9.72222222222222
"1186",0.963662377072348,5.14705882352941
"1187",0.0995188261890489,5.14705882352941
"1188",0.471815872125204,5.14705882352941
"1189",0.989301554692097,9.21052631578947
"1190",0.951010925940579,7.29166666666667
"1191",0.970229007560149,7.29166666666667
"1192",0.760418127734082,35
"1193",0.992902525621644,11.6666666666667
"1194",0.980076263351392,5.14705882352941
"1195",0.0491369367743562,11.6666666666667
"1196",0.950477245396386,7.29166666666667
"1197",0.887194045609144,10.2941176470588
"1198",0.99771098889129,5.14705882352941
"1199",0.989297349329024,35
"1200",0.997491090319493,7.29166666666667
"1201",0.666533838796603,11.6666666666667
"1202",0.963495800591575,5.14705882352941
"1203",0.795590059074965,21.875
"1204",0.901295159370002,5.14705882352941
"1205",0.868437031215469,17.5
"1206",0.867241915772756,35
"1207",0.805673341489073,5.14705882352941
"1208",0.999907587981326,5
"1209",0.863716473024462,11.6666666666667
"1210",0.987741051955317,5.14705882352941
"1211",0.999968146613652,15.9090909090909
"1212",0.986976593728127,9.72222222222222
"1213",0.999365608409865,5.14705882352941
"1214",0.971826399313893,10.9375
"1215",0.999990688478193,7.29166666666667
"1216",0.997457807032323,7.29166666666667
"1217",0.49970421946115,7.60869565217391
"1218",0.709416931729837,17.5
"1219",0.544515580522868,10.9375
"1220",0.994088592486931,5.64516129032258
"1221",0.959873772951886,10.2941176470588
"1222",0.52084621955176,17.5
"1223",0.99734677238888,13.4615384615385
"1224",0.267107437339877,35
"1225",0.977490122412686,5.14705882352941
"1226",0.999179163755618,4.375
"1227",0.99506556439845,9.21052631578947
"1228",0.999999807434231,6.03448275862069
"1229",0.926712617315593,10.9375
"1230",0.973768476702393,4.60526315789474
"1231",0.999947167269824,7.29166666666667
"1232",0.996800125241446,35
"1233",0.88832172622328,5.83333333333333
"1234",0.794796392367253,35
"1235",0.998935399963645,11.6666666666667
"1236",0.976299892711038,14.5833333333333
"1237",0.982449612492817,5.14705882352941
"1238",0.968236178427304,7.29166666666667
"1239",0.999934818545151,10.2941176470588
"1240",0.998592207638315,10.2941176470588
"1241",0.999999572889366,5.83333333333333
"1242",0.658484174173437,35
"1243",0.999398959798347,7.29166666666667
"1244",0.99844303856767,5.83333333333333
"1245",0.884326937593677,9.21052631578947
"1246",0.981894031596336,8.75
"1247",0.992212832667564,5.14705882352941
"1248",0.803334990415601,35
"1249",0.999909313938466,7.29166666666667
"1250",0.757665212349287,19.4444444444444
"1251",0.216974609891771,7.60869565217391
"1252",0.869179393540544,5
"1253",0.98634032766823,15.9090909090909
"1254",0.696947561308727,21.875
"1255",0.620584108872744,5.14705882352941
"1256",0.939212813538457,5.14705882352941
"1257",0.992886808693932,35
"1258",0.984264394865469,10.2941176470588
"1259",0.998896996985219,10.2941176470588
"1260",0.999959114586102,7.60869565217391
"1261",0.994295704780979,5.14705882352941
"1262",0.999999345744107,21.875
"1263",0.476214192220127,10.2941176470588
"1264",0.999991754407309,35
"1265",0.722131951166132,7.60869565217391
"1266",0.81260646020132,35
"1267",0.639909548912402,5.14705882352941
"1268",0.176444728936055,7.60869565217391
"1269",0.998133539310985,12.5
"1270",0.837874894094965,5.14705882352941
"1271",0.985496437944942,5.14705882352941
"1272",0.98787143277925,35
"1273",0.962754183398866,10.9375
"1274",0.246554583935997,35
"1275",0.915463329713,5.14705882352941
"1276",0.996369091474811,10.2941176470588
"1277",0.999486104410791,5.14705882352941
"1278",0.895503042064766,35
"1279",0.969826057730296,10.2941176470588
"1280",0.999968134164111,5
"1281",0.999978377747854,7.29166666666667
"1282",0.754533145614277,4.86111111111111
"1283",0.994657635340474,7.29166666666667
"1284",0.916303681231456,5.14705882352941
"1285",0.173106252416706,35
"1286",0.867125530242431,9.72222222222222
"1287",0.992152935299276,5
"1288",0.926571292191146,9.21052631578947
"1289",0.983613876843549,5.14705882352941
"1290",0.999971923941343,7.29166666666667
"1291",0.85500969453742,9.72222222222222
"1292",0.856298286522178,9.72222222222222
"1293",0.965032226880909,9.21052631578947
"1294",0.99874702460763,11.6666666666667
"1295",0.979241848411724,5
"1296",0.999862515786024,7.60869565217391
"1297",0.969771018980406,9.21052631578947
"1298",0.430851948019333,9.72222222222222
"1299",0.985924619010344,5.14705882352941
"1300",0.793661898026872,11.6666666666667
"1301",0.423603046678678,35
"1302",0.99218454687753,35
"1303",0.996881854866918,5.14705882352941
"1304",0.738460559980422,10.2941176470588
"1305",0.744931598836347,35
"1306",0.999636148812287,14.5833333333333
"1307",0.662039810150426,35
"1308",0.768745355903381,4.06976744186047
"1309",0.873872170634637,10.2941176470588
"1310",0.999998506478599,7.29166666666667
"1311",0.0773676490227745,10.2941176470588
"1312",0.999972389766547,7.29166666666667
"1313",0.356591484501762,10.2941176470588
"1314",0.964077644488954,7.29166666666667
"1315",0.992602489041447,7.29166666666667
"1316",0.998248969598095,5
"1317",0.648007385232474,6.25
"1318",0.999334787465273,7.29166666666667
"1319",0.999652865861065,5.83333333333333
"1320",0.999999439998087,8.75
"1321",0.94726743313635,10.2941176470588
"1322",0.999984521030658,7.29166666666667
"1323",0.99972655803502,4.72972972972973
"1324",0.2665426840912,7.60869565217391
"1325",0.492457207358254,9.21052631578947
"1326",0.42159706919835,7.60869565217391
"1327",0.999998689383225,15.9090909090909
"1328",0.988755262596762,10.9375
"1329",0.919667956756051,10.2941176470588
"1330",0.985186858653515,7.29166666666667
"1331",0.429843022134875,7.60869565217391
"1332",0.743395351020544,11.6666666666667
"1333",0.999290261626403,5.64516129032258
"1334",0.929749252230201,19.4444444444444
"1335",0.997274060576492,5.14705882352941
"1336",0.765748525255613,5.14705882352941
"1337",0.935060875177937,5
"1338",0.998623465198961,7.29166666666667
"1339",0.143620860131605,10.9375
"1340",0.999954848443878,7.60869565217391
"1341",0.672414099918059,10.2941176470588
"1342",0.993693075385779,9.21052631578947
"1343",0.997808660595641,7.29166666666667
"1344",0.997183215668962,7.29166666666667
"1345",0.33838829132637,10.2941176470588
"1346",0.347460078824811,35
"1347",0.337285655103618,7.60869565217391
"1348",0.992499826323035,5
"1349",0.99830016607912,5.14705882352941
"1350",0.999738960581861,7.29166666666667
"1351",0.999174553700743,35
"1352",0.958178627635975,5.14705882352941
"1353",0.935723818669975,5.14705882352941
"1354",0.941758544550789,10.2941176470588
"1355",0.998449260479628,5.14705882352941
"1356",0.309753964407167,7.60869565217391
"1357",0.958146307209665,9.72222222222222
"1358",0.995367495726015,7.29166666666667
"1359",0.999923709881291,7.29166666666667
"1360",0.821880425317979,7.29166666666667
"1361",0.890310421455558,10.2941176470588
"1362",0.565792039326975,29.1666666666667
"1363",0.168452807123838,35
"1364",0.174823540790536,35
"1365",0.683547925923736,9.21052631578947
"1366",0.945126717395847,11.6666666666667
"1367",0.971947695996021,7.29166666666667
"1368",0.99908042839925,5.14705882352941
"1369",0.997304098466788,8.75
"1370",0.999115755914126,7.29166666666667
"1371",0.999587427479235,7.29166666666667
"1372",0.999742979701503,4.16666666666667
"1373",0.322168643554498,10.2941176470588
"1374",0.999678578062604,5
"1375",0.999805979002671,5
"1376",0.846301113662948,10.2941176470588
"1377",0.207345836132288,9.72222222222222
"1378",0.995933084039342,5
"1379",0.996653149906059,5.14705882352941
"1380",0.556280998572326,9.72222222222222
"1381",0.987827257371475,11.6666666666667
"1382",0.97072530158734,5
"1383",0.988468409924949,10.2941176470588
"1384",0.984245801251273,5.14705882352941
"1385",0.953604274863723,15.9090909090909
"1386",0.953202382460431,12.5
"1387",0.990421046037499,5.14705882352941
"1388",0.369479836405638,7.60869565217391
"1389",0.985298295821066,9.72222222222222
"1390",0.314205152032796,10.2941176470588
"1391",0.370377292721409,5.14705882352941
"1392",0.999962258331331,35
"1393",0.973771010425639,6.03448275862069
"1394",0.93196878791986,5.14705882352941
"1395",0.987587462457439,5.14705882352941
"1396",0.976745649948976,10.2941176470588
"1397",0.558886408406104,10.9375
"1398",0.565580549033702,10.2941176470588
"1399",0.99974437855112,21.875
"1400",0.990906442273402,35
"1401",0.976206750253741,5.14705882352941
"1402",0.882184132327335,19.4444444444444
"1403",0.989315337732082,9.72222222222222
"1404",0.999165063672946,10.9375
"1405",0.653679513340363,10.2941176470588
"1406",0.991749104065795,5
"1407",0.984915230673185,5.14705882352941
"1408",0.999947902791176,7.29166666666667
"1409",0.999757407451067,15.9090909090909
"1410",0.991945405821316,5
"1411",0.984199541587346,5.14705882352941
"1412",0.746886554081173,29.1666666666667
"1413",0.131135158003344,7.60869565217391
"1414",0.999845971764703,5.14705882352941
"1415",0.903816417370057,8.75
"1416",0.999994949009338,8.75
"1417",0.959838415708809,5.14705882352941
"1418",0.965027377937834,10.2941176470588
"1419",0.999983704668804,5.83333333333333
"1420",0.75945128024019,9.72222222222222
"1421",0.997176686906883,35
"1422",0.995937080598871,7.29166666666667
"1423",0.999997779000181,5.83333333333333
"1424",0.702029945737258,10.2941176470588
"1425",0.995850348010977,12.5
"1426",0.999235135856805,5.14705882352941
"1427",0.702253918740025,5.14705882352941
"1428",0.7440146220651,35
"1429",0.998570415722019,35
"1430",0.998810370709106,35
"1431",0.998538400743601,12.5
"1432",0.390449899017824,10.9375
"1433",0.513447567747253,7.29166666666667
"1434",0.982361584717219,11.6666666666667
"1435",0.999924718417983,21.875
"1436",0.308928055084603,10.2941176470588
"1437",0.579553922464335,11.6666666666667
"1438",0.963240486825077,5.64516129032258
"1439",0.336478075695772,10.2941176470588
"1440",0.484114880578788,5.83333333333333
"1441",0.999981935890971,5
"1442",0.982169805335407,5.14705882352941
"1443",0.997693675836811,5
"1444",0.252984895936073,10.2941176470588
"1445",0.802750133055215,4.72972972972973
"1446",0.986029549595127,10.9375
"1447",0.999714499951663,6.73076923076923
"1448",0.569584022510326,5
"1449",0.963887887418953,5
"1450",0.945863870837895,35
"1451",0.999934830277332,5.83333333333333
"1452",0.886760786736526,10.2941176470588
"1453",0.989093394415004,7.29166666666667
"1454",0.946936433780182,17.5
"1455",0.713505809758005,5.14705882352941
"1456",0.709442568866744,9.72222222222222
"1457",0.87755632522739,10.2941176470588
"1458",0.967054978001163,5.14705882352941
"1459",0.870610756360138,35
"1460",0.747155059960517,9.72222222222222
"1461",0.805450049496401,35
"1462",0.985837030153918,14.5833333333333
"1463",0.975940145210076,17.5
"1464",0.239833099035607,35
"1465",0.987940919421658,35
"1466",0.0628090404956227,10.9375
"1467",0.0612323281650774,8.33333333333333
"1468",0.551567888945185,10.2941176470588
"1469",0.996114414200303,5
"1470",0.953773180599067,12.5
"1471",0.183629146331537,10.2941176470588
"1472",0.207304429424563,10.2941176470588
"1473",0.567666726264519,9.21052631578947
"1474",0.999593615775707,5
"1475",0.999832661455822,4.86111111111111
"1476",0.964905618582984,5
"1477",0.98400982626782,13.4615384615385
"1478",0.977551373732468,5
"1479",0.614484042832168,7.60869565217391
"1480",0.804704895264516,35
"1481",0.546871146235202,35
"1482",0.999335142768412,10.9375
"1483",0.895879137648133,9.21052631578947
"1484",0.647789156268041,35
"1485",0.900558484006318,9.21052631578947
"1486",0.99097315967777,7.60869565217391
"1487",0.797582900224188,10.2941176470588
"1488",0.949411497626731,5.14705882352941
"1489",0.988958682614571,7.29166666666667
"1490",0.328299961529102,5.14705882352941
"1491",0.871955260420218,10.9375
"1492",0.999708105309181,5
"1493",0.985542434647737,4.06976744186047
"1494",0.990864148164531,5.14705882352941
"1495",0.292312797691616,35
"1496",0.999155848329891,7.29166666666667
"1497",0.999711411418475,5.14705882352941
"1498",0.999122474946374,7.29166666666667
"1499",0.727551640732701,10.9375
"1500",0.361845919278631,4.16666666666667
"1501",0.149281988567997,12.5
"1502",0.996570959952852,4.06976744186047
"1503",0.576969783425464,10.2941176470588
"1504",0.991231232259587,5.14705882352941
"1505",0.994590139152692,7.29166666666667
"1506",0.991879995525939,5.14705882352941
"1507",0.311561286952215,35
"1508",0.999202844001643,5.14705882352941
"1509",0.9769533009384,19.4444444444444
"1510",0.975723080019665,21.875
"1511",0.959309856502097,9.72222222222222
"1512",0.999647124330664,9.21052631578947
"1513",0.883229768823131,8.75
"1514",0.997232426679877,5
"1515",0.962531829554669,9.21052631578947
"1516",0.932894759484459,8.75
"1517",0.938428879801631,35
"1518",0.359532423978473,35
"1519",0.918925145997959,15.9090909090909
"1520",0.196754783567477,5.64516129032258
"1521",0.997932366449894,5.14705882352941
"1522",0.774727379702761,11.6666666666667
"1523",0.616042642114273,8.33333333333333
"1524",0.744383962579108,5.64516129032258
"1525",0.0738524176092628,35
"1526",0.667592510819651,11.6666666666667
"1527",0.0976595987576476,10.9375
"1528",0.987344725631414,11.6666666666667
"1529",0.721734703842072,35
"1530",0.999896211740641,7.29166666666667
"1531",0.199076414012144,10.9375
"1532",0.926358014867171,8.75
"1533",0.999994677825359,5
"1534",0.347635167190568,10.9375
"1535",0.99947581456296,4.86111111111111
"1536",0.896901001063969,9.72222222222222
"1537",0.26717907733206,8.75
"1538",0.795146029058488,5.64516129032258
"1539",0.907547040832144,5
"1540",0.998275707062507,7.29166666666667
"1541",0.879891763263228,5.3030303030303
"1542",0.970792192691063,5.14705882352941
"1543",0.948486514393133,13.4615384615385
"1544",0.987064558179836,5
"1545",0.978602109258593,7
"1546",0.717462196248822,8.75
"1547",0.991296478291016,5
"1548",0.999996387395954,5
"1549",0.455603728466527,6.03448275862069
"1550",0.723886849505962,35
"1551",0.295217846661847,35
"1552",0.928448965916264,10.2941176470588
"1553",0.865022391425763,10.2941176470588
"1554",0.925471201469995,5.14705882352941
"1555",0.333842783655308,9.72222222222222
"1556",0.970908247078685,5.14705882352941
"1557",0.314827667110508,5.14705882352941
"1558",0.917724282913613,5.14705882352941
"1559",0.965798455475953,21.875
"1560",0.842994524734412,19.4444444444444
"1561",0.92396248872235,35
"1562",0.978787739474285,13.4615384615385
"1563",0.999441642503871,35
"1564",0.967852935662098,35
"1565",0.823105303928564,10.2941176470588
"1566",0.9724266400249,5.14705882352941
"1567",0.137585436092159,9.72222222222222
"1568",0.045695011569459,29.1666666666667
"1569",0.998762676532702,7.60869565217391
"1570",0.972407147347987,5
"1571",0.996944915511097,5
"1572",0.979749103661479,5.14705882352941
"1573",0.830080188350029,19.4444444444444
"1574",0.945506757388312,5.14705882352941
"1575",0.663956280975616,5.14705882352941
"1576",0.992554263842302,5.14705882352941
"1577",0.932813891429537,5.14705882352941
"1578",0.337447456291551,8.75
"1579",0.999945551102378,5.14705882352941
"1580",0.977713347788433,21.875
"1581",0.999878769858199,29.1666666666667
"1582",0.940182651004975,5.14705882352941
"1583",0.950849323302485,21.875
"1584",0.847302444102368,35
"1585",0.992049365299257,35
"1586",0.973131388294811,5.14705882352941
"1587",0.794222086372314,35
"1588",0.959399937445923,5.14705882352941
"1589",0.528880062973485,14.5833333333333
"1590",0.927423472777113,5.3030303030303
"1591",0.95611391486663,5.14705882352941
"1592",0.929254028827612,5.14705882352941
"1593",0.784037320205424,19.4444444444444
"1594",0.976911161867517,7.29166666666667
"1595",0.987019415505989,7.29166666666667
"1596",0.986541424599305,5.14705882352941
"1597",0.57265213562046,10.2941176470588
"1598",0.999703321448321,21.875
"1599",0.998062245267979,7.29166666666667
"1600",0.223696245260996,10.2941176470588
"1601",0.999512700516508,17.5
"1602",0.320260201675004,7.60869565217391
"1603",0.386960087749797,9.72222222222222
"1604",0.592031453979951,35
"1605",0.99350458380907,5.14705882352941
"1606",0.968250496181707,15.9090909090909
"1607",0.92913680940234,5.3030303030303
"1608",0.912706563415272,5.3030303030303
"1609",0.894115168351575,12.5
"1610",0.927186433579219,5.14705882352941
"1611",0.899377911562168,5.14705882352941
"1612",0.871680567992525,35
"1613",0.955917852409523,35
"1614",0.983409209588438,9.72222222222222
"1615",0.985421624703188,5.14705882352941
"1616",0.978919838638493,5.14705882352941
"1617",0.998333544705987,5.14705882352941
"1618",0.853644902274876,5
"1619",0.998771318180295,7.29166666666667
"1620",0.99640136817927,5.46875
"1621",0.894369886141692,10.9375
"1622",0.654138056541594,5.14705882352941
"1623",0.960969134488697,5.14705882352941
"1624",0.884926559447641,5.14705882352941
"1625",0.623889034966057,5.64516129032258
"1626",0.912538531592084,11.6666666666667
"1627",0.998106343131345,7.29166666666667
"1628",0.877359878302058,9.72222222222222
"1629",0.998370633183213,7.29166666666667
"1630",0.924056667636829,9.72222222222222
"1631",0.989243400422961,29.1666666666667
"1632",0.863624479439375,35
"1633",0.918354843214762,9.72222222222222
"1634",0.989509944467232,5.14705882352941
"1635",0.988092846546426,5.3030303030303
"1636",0.999989861870153,4.72972972972973
"1637",0.609783498162974,9.21052631578947
"1638",0.413945454711442,19.4444444444444
"1639",0.980163746740798,9.72222222222222
"1640",0.974841499133079,5
"1641",0.358472087134322,5.14705882352941
"1642",0.994368701198646,5.14705882352941
"1643",0.370619912219974,5.3030303030303
"1644",0.852223696506478,5.14705882352941
"1645",0.113685236054658,5.14705882352941
"1646",0.974722849582351,35
"1647",0.997307645950749,5
"1648",0.995186525091298,9.72222222222222
"1649",0.995892075811039,5
"1650",0.992757008904746,5.14705882352941
"1651",0.924417987971583,5.14705882352941
"1652",0.974070234928662,15.9090909090909
"1653",0.218327346039297,11.6666666666667
"1654",0.383973906383486,5.14705882352941
"1655",0.968775209010492,5.14705882352941
"1656",0.999969797403213,5
"1657",0.998809211014092,5
"1658",0.988181657122102,5.14705882352941
"1659",0.999553975060634,7.29166666666667
"1660",0.986849461145815,9.72222222222222
"1661",0.903278142496892,9.72222222222222
"1662",0.933965564762436,5.14705882352941
"1663",0.998868075095848,5
"1664",0.583369718588117,5.14705882352941
"1665",0.942258408893262,5.14705882352941
"1666",0.39872053482074,10.2941176470588
"1667",0.997607697117804,11.6666666666667
"1668",0.97825436787538,7.29166666666667
"1669",0.986461323611914,7.29166666666667
"1670",0.586075696660671,17.5
"1671",0.156073506060898,9.21052631578947
"1672",0.996978298080267,5
"1673",0.958971347640574,35
"1674",0.250337839976031,5.14705882352941
"1675",0.85315126890935,21.875
"1676",0.861953753516208,35
"1677",0.990954473630039,5.14705882352941
"1678",0.99963441617264,12.5
"1679",0.947670836613586,19.4444444444444
"1680",0.916285049835488,12.5
"1681",0.999941351628175,11.6666666666667
"1682",0.496231134221096,11.6666666666667
"1683",0.450271756669429,10.9375
"1684",0.943922510471706,9.72222222222222
"1685",0.941142842476518,9.72222222222222
"1686",0.999907513862221,5
"1687",0.0226868468433813,11.6666666666667
"1688",0.967366111194323,5.83333333333333
"1689",0.884903396490301,10.9375
"1690",0.930499375946631,12.5
"1691",0.997386619163085,7.29166666666667
"1692",0.862714632159182,10.9375
"1693",0.947048911628912,10.9375
"1694",0.389162557168709,35
"1695",0.955631193571149,10.9375
"1696",0.994872003182107,9.72222222222222
"1697",0.921998957209471,13.4615384615385
"1698",0.999999994305261,8.75
"1699",0.977408596865299,13.4615384615385
"1700",0.713886833359497,9.72222222222222
"1701",0.99996606419062,5
"1702",0.439739512029893,9.21052631578947
"1703",0.868135241446508,12.5
"1704",0.736381947277883,9.21052631578947
"1705",0.781959912326929,5.14705882352941
"1706",0.963378485671285,5.14705882352941
"1707",0.410975656289389,10.2941176470588
"1708",0.978054881886039,12.5
"1709",0.788249683736201,35
"1710",0.996239489003322,5
"1711",0.846663877987159,19.4444444444444
"1712",0.443699471218505,12.5
"1713",0.995872389670038,7.29166666666667
"1714",0.736897483599649,13.4615384615385
"1715",0.655537693728427,10.9375
"1716",0.958041979026089,11.6666666666667
"1717",0.999820853762033,5
"1718",0.966715256906339,7.29166666666667
"1719",0.270033558242024,10.9375
"1720",0.703778372037599,5
"1721",0.990907385066642,7.29166666666667
"1722",0.876602433061963,9.72222222222222
"1723",0.857231131834553,9.72222222222222
"1724",0.866755662453051,35
"1725",0.240129491519276,13.4615384615385
"1726",0.975817767040307,5.14705882352941
"1727",0.966237069582692,21.875
"1728",0.996486972485694,19.4444444444444
"1729",0.998556874825723,4.72972972972973
"1730",0.975639418534983,7
"1731",0.504719983545707,8.75
"1732",0.890787402171181,5
"1733",0.99967130768882,5
"1734",0.997767160792224,7.29166666666667
"1735",0.665747376926102,5.14705882352941
"1736",0.773023198842445,35
"1737",0.917805020388567,35
"1738",0.378995087850456,8.33333333333333
"1739",0.755970713941728,5.14705882352941
"1740",0.999999437091631,5
"1741",0.806310869008056,12.5
"1742",0.291095984872843,10.2941176470588
"1743",0.830821381366865,8.75
"1744",0.967393070266182,12.5
"1745",0.999941291881051,4.86111111111111
"1746",0.987042626665173,5.14705882352941
"1747",0.951875446047177,35
"1748",0.531095682684717,35
"1749",0.360850143670879,10.2941176470588
"1750",0.991931609216714,5
"1751",0.950110318501402,13.4615384615385
"1752",0.97176888702338,5.14705882352941
"1753",0.999623639696737,7.95454545454545
"1754",0.324386809865162,4.86111111111111
"1755",0.627956860329132,9.72222222222222
"1756",0.992551738283833,9.72222222222222
"1757",0.999994359775542,7.29166666666667
"1758",0.990441955809183,4.86111111111111
"1759",0.947188096383968,9.72222222222222
"1760",0.990860555933756,9.72222222222222
"1761",0.342523130829075,35
"1762",0.996573254966069,4.60526315789474
"1763",0.482458641810294,9.72222222222222
"1764",0.930965328636146,5.14705882352941
"1765",0.519450329277232,9.72222222222222
"1766",0.996958496624514,5.14705882352941
"1767",0.790176466665649,12.5
"1768",0.989583011779523,5.14705882352941
"1769",0.997830561575042,8.75
"1770",0.979792664809083,8.75
"1771",0.999150383759494,7.29166666666667
"1772",0.997412983324126,7.29166666666667
"1773",0.989990942216355,6.03448275862069
"1774",0.874278112110347,8.75
"1775",0.983879724663737,35
"1776",0.999577497933801,35
"1777",0.963823981341646,35
"1778",0.952409462769578,5.14705882352941
"1779",0.994112172478216,12.5
"1780",0.965519530307219,5
"1781",0.821969376991577,9.72222222222222
"1782",0.999660530908174,7.29166666666667
"1783",0.999230338951112,7.60869565217391
"1784",0.918889208572799,8.75
"1785",0.998696900037494,7.29166666666667
"1786",0.999915042329416,21.875
"1787",0.993658739667424,25
"1788",0.991709482060392,9.72222222222222
"1789",0.954038797142247,7.29166666666667
"1790",0.579335882141096,9.72222222222222
"1791",0.271927120548413,7.60869565217391
"1792",0.988790687534658,5.14705882352941
"1793",0.993575293281779,7.29166666666667
"1794",0.743909690448595,15.9090909090909
"1795",0.92299787463832,9.72222222222222
"1796",0.955951150201212,7.29166666666667
"1797",0.999999995286918,4.06976744186047
"1798",0.990528886128012,5.14705882352941
"1799",0.99607517167569,5.3030303030303
"1800",0.971781595388289,5.14705882352941
"1801",0.772596853051961,10.2941176470588
"1802",0.987626298041145,7.29166666666667
"1803",0.220585105356634,12.5
"1804",0.999997211345754,5
"1805",0.460463963056717,12.5
"1806",0.199990182757461,12.5
"1807",0.966376755239267,8.33333333333333
"1808",0.631132172277052,9.72222222222222
"1809",0.365645622334913,5.14705882352941
"1810",0.94023108706353,21.875
"1811",0.959939524608713,19.4444444444444
"1812",0.974811517393146,7.29166666666667
"1813",0.769947375553733,14.5833333333333
"1814",0.998528526606421,5
"1815",0.984842482400209,7.29166666666667
"1816",0.971504253299265,7.29166666666667
"1817",0.71485979748006,10.2941176470588
"1818",0.995908580318896,7.29166666666667
"1819",0.994711124243469,7.29166666666667
"1820",0.9313174387782,7.60869565217391
"1821",0.983147936734208,9.72222222222222
"1822",0.337704519910662,35
"1823",0.618431190189756,8.75
"1824",0.29570869091682,10.2941176470588
"1825",0.999799864300761,5.14705882352941
"1826",0.950691628493284,17.5
"1827",0.999543248309692,29.1666666666667
"1828",0.998087748866404,9.72222222222222
"1829",0.566710216544253,9.72222222222222
"1830",0.947287932933519,10.2941176470588
"1831",0.968805107869348,7.29166666666667
"1832",0.999038975531492,4.86111111111111
"1833",0.991344760989261,7.29166666666667
"1834",0.932916424122563,7.29166666666667
"1835",0.997239735323917,5.14705882352941
"1836",0.970812843801201,7.29166666666667
"1837",0.446521166651465,11.6666666666667
"1838",0.449180572527805,8.75
"1839",0.999488863173617,4.72972972972973
"1840",0.99607177049085,35
"1841",0.213388151694984,9.21052631578947
"1842",0.945976399599551,21.875
"1843",0.978096841285182,5.14705882352941
"1844",0.778661965159327,9.72222222222222
"1845",0.914615226973013,21.875
"1846",0.926783235810401,21.875
"1847",0.981553198073637,5
"1848",0.855069784002251,9.72222222222222
"1849",0.992688693301676,9.72222222222222
"1850",0.749889380668112,12.5
"1851",0.750796643871316,7.29166666666667
"1852",0.907937275199515,7.29166666666667
"1853",0.373417628142614,10.2941176470588
"1854",0.99958634177629,21.875
"1855",0.989977670761403,5
"1856",0.999988977832472,7.29166666666667
"1857",0.999984349913578,7.29166666666667
"1858",0.293947844067835,9.21052631578947
"1859",0.511717910285589,8.75
"1860",0.57118128619959,9.21052631578947
"1861",0.484635718638668,8.75
"1862",0.998657543173981,5.64516129032258
"1863",0.447332277637941,4.72972972972973
"1864",0.989372969570942,7.29166666666667
"1865",0.619944536147157,8.75
"1866",0.570860580077415,9.72222222222222
"1867",0.901425729894418,19.4444444444444
"1868",0.748374331097629,5.14705882352941
"1869",0.276862098907631,9.21052631578947
"1870",0.879311672135957,12.5
"1871",0.999921356725642,5
"1872",0.999999074736447,5.64516129032258
"1873",0.655909450608976,8.75
"1874",0.477444761218647,13.4615384615385
"1875",0.0192628559145042,11.6666666666667
"1876",0.550693654305403,12.5
"1877",0.825117899888227,5.14705882352941
"1878",0.999472342185242,5
"1879",0.87415193662928,5.14705882352941
"1880",0.964683919769609,5.14705882352941
"1881",0.979137695584141,17.5
"1882",0.365717404038534,10.2941176470588
"1883",0.999926492164586,5
"1884",0.982481805767687,10.9375
"1885",0.127800949582609,10.2941176470588
"1886",0.856959199616434,11.6666666666667
"1887",0.999973703576412,5
"1888",0.99994976795235,19.4444444444444
"1889",0.999894492595344,5
"1890",0.377592480599991,9.21052631578947
"1891",0.255583182104262,8.75
"1892",0.999988802775095,25
"1893",0.802281617607827,4.60526315789474
"1894",0.962364689190497,5
"1895",0.978248288996785,5.14705882352941
"1896",0.982632617406662,7.29166666666667
"1897",0.995473291448404,7.29166666666667
"1898",0.970086958211129,5
"1899",0.933015554890965,12.5
"1900",0.602807933440033,9.21052631578947
"1901",0.956195094231479,5.14705882352941
"1902",0.114451517491246,8.75
"1903",0.237320258079786,8.75
"1904",0.523737975780994,12.5
"1905",0.725524660271123,5
"1906",0.984005612904175,5.14705882352941
"1907",0.995721789517052,11.6666666666667
"1908",0.999075814465495,21.875
"1909",0.736515391608407,5
"1910",0.999976916432639,7.60869565217391
"1911",0.984592705045549,5
"1912",0.977077771327329,9.21052631578947
"1913",0.222321892487795,5.64516129032258
"1914",0.98855394571773,7.29166666666667
"1915",0.99140573710535,7.60869565217391
"1916",0.862651763977617,5
"1917",0.991099870820221,5.14705882352941
"1918",0.241441833765144,10.2941176470588
"1919",0.994964996852765,5.14705882352941
"1920",0.999656788666226,9.72222222222222
"1921",0.941995879062723,7.95454545454545
"1922",0.979655124772583,7
"1923",0.994252327509736,5.14705882352941
"1924",0.657793766496002,5.14705882352941
"1925",0.981875062769536,10.2941176470588
"1926",0.99579149306915,9.72222222222222
"1927",0.154897238451401,9.21052631578947
"1928",0.254752629983992,9.21052631578947
"1929",0.939225680176904,5.14705882352941
"1930",0.870737974476385,5.14705882352941
"1931",0.655761125180256,9.21052631578947
"1932",0.916001249386452,21.875
"1933",0.851271382795009,5.14705882352941
"1934",0.500545016333968,5.14705882352941
"1935",0.939143765842613,13.4615384615385
"1936",0.999516223003599,7.29166666666667
"1937",0.988174758020381,7.29166666666667
"1938",0.982192155221197,7.29166666666667
"1939",0.959021980476922,7.29166666666667
"1940",0.996840744561727,5.14705882352941
"1941",0.974934279794001,7.29166666666667
"1942",0.958151145597542,9.72222222222222
"1943",0.90390905051457,11.6666666666667
"1944",0.999797865415567,21.875
"1945",0.997476704148045,35
"1946",0.994814747314083,7.29166666666667
"1947",0.988996406792693,7.29166666666667
"1948",0.998082196540651,9.72222222222222
"1949",0.999272294545711,5.14705882352941
"1950",0.979233337249743,10.2941176470588
"1951",0.989549370724287,35
"1952",0.999999831349756,7.29166666666667
"1953",0.999425177240051,7.29166666666667
"1954",0.999843104503852,5.14705882352941
"1955",0.395068587416967,9.21052631578947
"1956",0.996791156760366,9.72222222222222
"1957",0.990860618353503,10.2941176470588
"1958",0.106404165786608,7.60869565217391
"1959",0.537034549109589,9.21052631578947
"1960",0.990263499528429,5.14705882352941
"1961",0.987832535334256,5.14705882352941
"1962",0.491664803298498,5.14705882352941
"1963",0.994800802478769,5
"1964",0.951859404123818,35
"1965",0.940048239965328,8.75
"1966",0.997121334364138,5.14705882352941
"1967",0.965032095511204,8.75
"1968",0.615033891004625,12.5
"1969",0.643783198290713,9.72222222222222
"1970",0.886612104291467,5.14705882352941
"1971",0.424742326686658,10.2941176470588
"1972",0.999944192008435,5.14705882352941
"1973",0.997889102883223,5.3030303030303
"1974",0.676003605414198,10.2941176470588
"1975",0.989010691442245,5
"1976",0.99990977096877,9.21052631578947
"1977",0.985281489662447,9.72222222222222
"1978",0.984916156794233,5.14705882352941
"1979",0.953709681436133,5.14705882352941
"1980",0.999919056097441,7.29166666666667
"1981",0.337567090720056,12.5
"1982",0.996750305061936,5.14705882352941
"1983",0.468517307302855,11.6666666666667
"1984",0.42378891500459,10.2941176470588
"1985",0.351140785447822,5.64516129032258
"1986",0.987015519544026,5.14705882352941
"1987",0.952552415701056,10.2941176470588
"1988",0.887983478552943,7.95454545454545
"1989",0.953819395204895,5.14705882352941
"1990",0.923531314860803,10.2941176470588
"1991",0.996359134087154,7.29166666666667
"1992",0.999922297188567,5.14705882352941
"1993",0.891503998346495,5.14705882352941
"1994",0.906368088343577,9.72222222222222
"1995",0.972563726212322,6.73076923076923
"1996",0.916642749816157,9.72222222222222
"1997",0.945371482242019,7
"1998",0.992902909684467,9.72222222222222
"1999",0.948251103969984,5.14705882352941
"2000",0.996365130588076,7.29166666666667
"2001",0.914045540235592,10.2941176470588
"2002",0.392041851067471,9.21052631578947
"2003",0.873803508632383,5
"2004",0.92528249706082,5.14705882352941
"2005",0.999339683447799,5.14705882352941
"2006",0.976880467367084,7.29166666666667
"2007",0.968629746649026,7.29166666666667
"2008",0.972436668809408,5.14705882352941
"2009",0.988770332688725,7.29166666666667
"2010",0.885366297382097,9.72222222222222
"2011",0.982417020035161,9.72222222222222
"2012",0.963603659761173,9.72222222222222
"2013",0.881009172679481,9.72222222222222
"2014",0.974885234341751,5.14705882352941
"2015",0.990895214817707,5.14705882352941
"2016",0.998931677981135,7.29166666666667
"2017",0.988645661744976,9.72222222222222
"2018",0.689976798340713,15.9090909090909
"2019",0.753521355112739,10.9375
"2020",0.954673502152201,7.29166666666667
"2021",0.813705657475759,5.14705882352941
"2022",0.994061794984356,5.3030303030303
"2023",0.913265760645137,5.14705882352941
"2024",0.835037727171748,5.14705882352941
"2025",0.987044672717678,5.14705882352941
"2026",0.485896357217412,9.72222222222222
"2027",0.993823063502874,10.2941176470588
"2028",0.990609481808401,5.14705882352941
"2029",0.999699882231926,5
"2030",0.281888744434936,9.72222222222222
"2031",0.98897287804607,5.14705882352941
"2032",0.993929338964684,5.14705882352941
"2033",0.971497793077996,5
"2034",0.941025687261058,8.75
"2035",0.523874957225413,8.75
"2036",0.935252828190047,6.03448275862069
"2037",0.905604184694958,35
"2038",0.931789907573156,13.4615384615385
"2039",0.927077651664993,4.375
"2040",0.909539847641242,13.4615384615385
"2041",0.694859993484317,5.64516129032258
"2042",0.256610582192317,10.2941176470588
"2043",0.987217805373738,9.72222222222222
"2044",0.988845627487037,9.72222222222222
"2045",0.981677073946353,9.72222222222222
"2046",0.997937196583507,5
"2047",0.963895505965197,9.72222222222222
"2048",0.999962702300601,5
"2049",0.996243439572815,7.29166666666667
"2050",0.991963316338189,7.29166666666667
"2051",0.99297450669317,9.21052631578947
"2052",0.460270246432533,29.1666666666667
"2053",0.33971462702676,5.14705882352941
"2054",0.908480907384106,13.4615384615385
"2055",0.987475495699817,5
"2056",0.872231472729617,10.2941176470588
"2057",0.983909587996807,5
"2058",0.806288496959889,5.14705882352941
"2059",0.778282133591963,9.21052631578947
"2060",0.0449404151406727,9.72222222222222
"2061",0.983762171101453,5
"2062",0.241767350709686,11.6666666666667
"2063",0.820990625395866,5
"2064",0.9934785196661,5
"2065",0.434579868609624,5
"2066",0.961303813577835,13.4615384615385
"2067",0.57467539859787,13.4615384615385
"2068",0.96626211069399,5.83333333333333
"2069",0.980200822572017,5.64516129032258
"2070",0.834723819823002,5.83333333333333
"2071",0.768834383559644,13.4615384615385
"2072",0.809076652056388,8.75
"2073",0.782776754838514,5.83333333333333
"2074",0.990512411257401,5
"2075",0.607856866926731,9.72222222222222
"2076",0.99012518567427,5
"2077",0.985559063321967,9.72222222222222
"2078",0.999977213824209,5
"2079",0.992879398336676,7.29166666666667
"2080",0.889988461246827,9.72222222222222
"2081",0.984669044704977,10.2941176470588
"2082",0.600804327087187,7.60869565217391
"2083",0.999805801762332,5
"2084",0.998837959311056,5
"2085",0.997575830598646,5.14705882352941
"2086",0.993412662578145,7
"2087",0.826468394462675,5
"2088",0.320638379193426,35
"2089",0.994891629245781,9.72222222222222
"2090",0.276178416549505,25
"2091",0.996532750083109,5.14705882352941
"2092",0.442584303789921,9.21052631578947
"2093",0.937907867589577,5.14705882352941
"2094",0.964949433555244,4.86111111111111
"2095",0.684090087530266,11.6666666666667
"2096",0.362332598407527,9.72222222222222
"2097",0.98964951493045,5
"2098",0.792241836680174,13.4615384615385
"2099",0.837177688355841,13.4615384615385
"2100",0.865739218039842,13.4615384615385
"2101",0.90272830742914,15.9090909090909
"2102",0.790139024005421,15.9090909090909
"2103",0.467302864880576,13.4615384615385
"2104",0.865199272707965,13.4615384615385
"2105",0.812614224333061,4.375
"2106",0.999384556954134,5
"2107",0.981462523443593,5
"2108",0.869508605231179,7
"2109",0.997328886084287,5
"2110",0.978135358554339,5.14705882352941
"2111",0.992737849083118,9.72222222222222
"2112",0.999986327796456,4.72972972972973
"2113",0.657151806687743,9.21052631578947
"2114",0.98649126203515,13.4615384615385
"2115",0.866298519625692,21.875
"2116",0.999438643279954,7.29166666666667
"2117",0.514657748382029,9.21052631578947
"2118",0.999972765722703,5
"2119",0.970925963542094,5
"2120",0.992363766446721,5.14705882352941
"2121",0.997756332822989,4.86111111111111
"2122",0.818030427336546,4.86111111111111
"2123",0.987088966293509,5.14705882352941
"2124",0.735975981241231,5
"2125",0.808852775643642,8.75
"2126",0.575968184714771,14.5833333333333
"2127",0.95975144274734,5.14705882352941
"2128",0.141446915449094,9.21052631578947
"2129",0.451980390037309,5
"2130",0.912586959706538,10.2941176470588
"2131",0.733119338752671,14.5833333333333
"2132",0.906369688334245,35
"2133",0.88163448547831,15.9090909090909
"2134",0.763087853108064,13.4615384615385
"2135",0.838816754942803,13.4615384615385
"2136",0.950392885355191,35
"2137",0.932524857065647,14.5833333333333
"2138",0.999689098054622,5
"2139",0.991132926712208,5
"2140",0.144443361935997,10.9375
"2141",0.99787830266332,7.29166666666667
"2142",0.717991715122705,29.1666666666667
"2143",0.997588608462768,9.72222222222222
"2144",0.998091592010572,9.72222222222222
"2145",0.999999978572915,7.60869565217391
"2146",0.978875942406095,5.14705882352941
"2147",0.963468287421463,5.14705882352941
"2148",0.95790945791123,13.4615384615385
"2149",0.999297448634177,5.14705882352941
"2150",0.985693938853109,5.14705882352941
"2151",0.760244892872269,5
"2152",0.381446998122355,9.72222222222222
"2153",0.986352775029026,5.14705882352941
"2154",0.971600964850673,7.29166666666667
"2155",0.968618265050807,5
"2156",0.999600062705612,5
"2157",0.902571649523114,5.14705882352941
"2158",0.850299976246923,5
"2159",0.498133494871228,5
"2160",0.98603341924625,5.14705882352941
"2161",0.997392933709051,5
"2162",0.774842861305219,35
"2163",0.961670651467044,13.4615384615385
"2164",0.969383357251842,4.72972972972973
"2165",0.923184704043019,14.5833333333333
"2166",0.875654598491235,13.4615384615385
"2167",0.835157887736205,13.4615384615385
"2168",0.778644563119683,19.4444444444444
"2169",0.731792447888912,15.9090909090909
"2170",0.969728142407497,5
"2171",0.999629840348786,35
"2172",0.879546977375173,5
"2173",0.979179348324139,5
"2174",0.990945501144109,35
"2175",0.22484902854751,35
"2176",0.973678266104066,5.14705882352941
"2177",0.997431275218159,9.72222222222222
"2178",0.984764335689565,7.29166666666667
"2179",0.99686929967987,5.14705882352941
"2180",0.379407979567082,35
"2181",0.997404868066663,5.14705882352941
"2182",0.229892135477922,10.2941176470588
"2183",0.137627265808251,9.72222222222222
"2184",0.447713730386534,35
"2185",0.956233008750465,10.2941176470588
"2186",0.261464306417095,8.75
"2187",0.981222865854724,5
"2188",0.652892455931943,9.72222222222222
"2189",0.345716193039985,9.21052631578947
"2190",0.977922103509534,7.29166666666667
"2191",0.934885722558528,5.14705882352941
"2192",0.989144325938573,4.72972972972973
"2193",0.563372380769354,10.2941176470588
"2194",0.807640094675789,5
"2195",0.97627758334637,9.72222222222222
"2196",0.957630795318526,6.48148148148148
"2197",0.914543017373641,13.4615384615385
"2198",0.953348225351973,19.4444444444444
"2199",0.943422392015996,13.4615384615385
"2200",0.523141814575957,4.72972972972973
"2201",0.800763612234558,13.4615384615385
"2202",0.998954314798179,4.86111111111111
"2203",0.998324654380491,29.1666666666667
"2204",0.169107726228262,4.86111111111111
"2205",0.530612147797867,12.5
"2206",0.999044735920311,4.86111111111111
"2207",0.997411654722313,7.29166666666667
"2208",0.985580101763949,5
"2209",0.353147898911214,12.5
"2210",0.994514727435446,5.14705882352941
"2211",0.273810875378557,5.83333333333333
"2212",0.925988121476767,5.14705882352941
"2213",0.704200695473491,35
"2214",0.994482220807588,5.14705882352941
"2215",0.987239594124672,5
"2216",0.992539736234314,10.2941176470588
"2217",0.935088683819977,5.14705882352941
"2218",0.997811968077221,4.86111111111111
"2219",0.71631944867212,5
"2220",0.180752805407901,9.72222222222222
"2221",0.993519081418699,5.14705882352941
"2222",0.158059971530395,9.72222222222222
"2223",0.963693795873148,5.14705882352941
"2224",0.189475430620684,9.72222222222222
"2225",0.936589830868915,12.5
"2226",0.867450203426928,35
"2227",0.999026320770582,5
"2228",0.993607802263059,5
"2229",0.984250205503174,5.14705882352941
"2230",0.99838253995579,5
"2231",0.880624929903585,5
"2232",0.995082587179231,7.29166666666667
"2233",0.972584318549833,5.14705882352941
"2234",0.99693899329246,7.60869565217391
"2235",0.988558962234522,7.29166666666667
"2236",0.105129736757365,9.72222222222222
"2237",0.98073975885929,5
"2238",0.63195355175539,9.72222222222222
"2239",0.999592421116251,7.29166666666667
"2240",0.856736703388579,9.21052631578947
"2241",0.992563171320085,13.4615384615385
"2242",0.984950546824284,19.4444444444444
"2243",0.993576533926135,5.14705882352941
"2244",0.97903785777538,5.14705882352941
"2245",0.827493447105139,19.4444444444444
"2246",0.819036619123128,9.21052631578947
"2247",0.996565314768481,7.29166666666667
"2248",0.902185264322377,12.5
"2249",0.0583554592480321,5.14705882352941
"2250",0.0463179245523782,9.21052631578947
"2251",0.930258020328666,5
"2252",0.131134884646596,9.72222222222222
"2253",0.559192093143826,5.14705882352941
"2254",0.984533782739739,5
"2255",0.964968164553319,5
"2256",0.126464803506878,9.72222222222222
"2257",0.966347417040511,5.14705882352941
"2258",0.999706454059764,4.86111111111111
"2259",0.976007688173436,7
"2260",0.997311289477908,5
"2261",0.989380785243089,9.21052631578947
"2262",0.766688552288758,11.6666666666667
"2263",0.995678528438744,5
"2264",0.999367367319021,7.60869565217391
"2265",0.0621487617940226,5.83333333333333
"2266",0.991906898324131,7.95454545454545
"2267",0.994872296959639,7.60869565217391
"2268",0.0828306071845545,10.2941176470588
"2269",0.370114082646585,5
"2270",0.9462810152206,4.86111111111111
"2271",0.989942967511837,5
"2272",0.104196925716427,10.2941176470588
"2273",0.999549066726123,9.72222222222222
"2274",0.947789990626854,10.2941176470588
"2275",0.760690402351954,35
"2276",0.99627819125652,7
"2277",0.994697407255342,9.72222222222222
"2278",0.843240788146896,19.4444444444444
"2279",0.171209273234308,9.21052631578947
"2280",0.969734569620005,7.29166666666667
"2281",0.984517819148957,7.29166666666667
"2282",0.928719177030605,5.14705882352941
"2283",0.986520738304975,29.1666666666667
"2284",0.980020866155331,5.14705882352941
"2285",0.931110937739807,5.14705882352941
"2286",0.931608954659314,5.14705882352941
"2287",0.989886078840442,5.14705882352941
"2288",0.739056512908488,5.14705882352941
"2289",0.981591313352597,5
"2290",0.999943559390417,5
"2291",0.17736429229412,12.5
"2292",0.991750734260937,5.14705882352941
"2293",0.978404138560713,10.2941176470588
"2294",0.776846042419292,12.5
"2295",0.174452061659234,9.21052631578947
"2296",0.984563965268702,5.14705882352941
"2297",0.986651043089458,5
"2298",0.306087700743145,12.5
"2299",0.995459424949639,7.29166666666667
"2300",0.986703511779938,5
"2301",0.965352290208091,4.86111111111111
"2302",0.951992331260952,11.6666666666667
"2303",0.976347341418669,5
"2304",0.28456305203363,9.21052631578947
"2305",0.974423877114176,10.2941176470588
"2306",0.999745994241113,4.86111111111111
"2307",0.974192135927003,5
"2308",0.995488230803153,7.29166666666667
"2309",0.995432014261038,5
"2310",0.791061289207154,5.64516129032258
"2311",0.999999947836768,4.72972972972973
"2312",0.999901136046985,4.72972972972973
"2313",0.964989612222921,9.72222222222222
"2314",0.98507363565218,5.14705882352941
"2315",0.940656992540045,7.60869565217391
"2316",0.998004297425948,5.14705882352941
"2317",0.985464543859383,35
"2318",0.950741815441145,4.86111111111111
"2319",0.997824984554108,5
"2320",0.979152581905495,5
"2321",0.998566609961308,35
"2322",0.999967974188784,7.29166666666667
"2323",0.999905321275828,5
"2324",0.999135106370834,5
"2325",0.914415056333859,10.9375
"2326",0.972645472116108,5.14705882352941
"2327",0.395283718319434,10.2941176470588
"2328",0.995259089189588,5
"2329",0.985487566874651,5.14705882352941
"2330",0.976378278346765,5
"2331",0.960360515344716,9.72222222222222
"2332",0.983261433637255,10.2941176470588
"2333",0.999824232786302,9.72222222222222
"2334",0.987515326975394,5
"2335",0.998931413599382,7.60869565217391
"2336",0.999178588121039,9.72222222222222
"2337",0.991879014867844,10.2941176470588
"2338",0.997910653977469,9.72222222222222
"2339",0.977134719884146,7
"2340",0.992308288335219,7
"2341",0.999979344721707,25
"2342",0.995916981581894,10.2941176470588
"2343",0.991320887274676,10.2941176470588
"2344",0.99715292055607,10.2941176470588
"2345",0.960390535364403,9.72222222222222
"2346",0.683802671671057,8.75
"2347",0.893525453813128,5.14705882352941
"2348",0.200297251698683,8.75
"2349",0.462695916062426,9.21052631578947
"2350",0.979329111412011,5
"2351",0.997902841213963,5.14705882352941
"2352",0.998624153351543,4.72972972972973
"2353",0.133895699620971,10.2941176470588
"2354",0.988792328774517,5.14705882352941
"2355",0.99829878616724,7
"2356",0.980988965446266,5
"2357",0.985741336730642,5.14705882352941
"2358",0.937795254377049,4.72972972972973
"2359",0.986682883623307,5.14705882352941
"2360",0.997168563321553,9.72222222222222
"2361",0.987233997004092,7.29166666666667
"2362",0.990280479427876,5
"2363",0.999399084800622,5
"2364",0.999783513846118,8.75
"2365",0.930727354876392,4.60526315789474
"2366",0.999370466523454,4.86111111111111
"2367",0.329238238144516,9.72222222222222
"2368",0.997039263174805,9.72222222222222
"2369",0.33947352133628,13.4615384615385
"2370",0.995136317768265,9.72222222222222
"2371",0.988340058165986,7
"2372",0.98887429000291,10.2941176470588
"2373",0.99832214078092,7
"2374",0.962497011691589,10.2941176470588
"2375",0.968026752559822,7.29166666666667
"2376",0.885448813883227,5.14705882352941
"2377",0.993361369457014,7.29166666666667
"2378",0.999990322465623,5
"2379",0.801984755164115,5
"2380",0.265715824983202,8.75
"2381",0.0956130834471015,10.2941176470588
"2382",0.999818353384572,5
"2383",0.87113752552442,5.3030303030303
"2384",0.469126446680035,8.75
"2385",0.298783069004228,10.2941176470588
"2386",0.981045823604599,9.72222222222222
"2387",0.997554542371729,7
"2388",0.940013849529496,5.14705882352941
"2389",0.976485094716076,5
"2390",0.984255774676409,5.14705882352941
"2391",0.996427132254792,7.29166666666667
"2392",0.977495575861907,5.14705882352941
"2393",0.98282117240341,5
"2394",0.997279826965314,5
"2395",0.999819840890156,35
"2396",0.981299287136692,8.75
"2397",0.507955977724438,13.4615384615385
"2398",0.997684517716746,4.72972972972973
"2399",0.12312475996111,8.75
"2400",0.988464360868224,8.75
"2401",0.845264925020768,9.21052631578947
