"","pVal","phase","peak.shape","period"
"1",0.695576066529989,20,16,24
"2",0.917158257087376,4,12,24
"3",0.768936779516432,12,20,24
"4",0.789209331588722,12,8,24
"5",0.694224940013252,20,4,24
"6",0.736791873097217,8,12,24
"7",0.881408206739772,12,8,24
"8",0.718428559124073,12,20,24
"9",0.837337796402783,4,20,24
"10",0.357457782143165,12,8,24
"11",0.62747807483986,20,4,24
"12",0.669570751309777,8,16,24
"13",0.817184029667098,12,8,24
"14",0.749531849977902,8,12,24
"15",0.786917954494242,12,4,24
"16",0.047904889866171,4,8,24
"17",0.654045546098157,20,4,24
"18",0.813295433680796,4,8,24
"19",0.00100451304717132,4,12,24
"20",0.640636586874949,4,12,24
"21",0.835311994493307,12,8,24
"22",0.732762877918774,24,20,24
"23",0.813295433680796,4,8,24
"24",0.901170678246062,20,16,24
"25",0.876793786450485,24,8,24
"26",0.713361649075924,12,8,24
"27",0.671657259334201,4,20,24
"28",0.287659305906537,4,8,24
"29",0.855558896370943,12,8,24
"30",0.876899257320802,24,20,24
"31",0.693655160533588,20,12,24
"32",0.197779269611424,4,8,24
"33",0.430131495631137,12,12,24
"34",0.276430568651198,4,8,24
"35",0.837599049018908,12,20,24
"36",0.71739723354619,12,20,24
"37",0.833928495504763,12,8,24
"38",0.795451840879067,12,8,24
"39",0.746741250005628,24,16,24
"40",0.757201539268856,12,20,24
"41",0.564564823484384,20,16,24
"42",0.778510994593313,8,8,24
"43",0.690674555451419,4,16,24
"44",0.746741250005628,16,12,24
"45",0.410811571224354,4,8,24
"46",0.714125079346571,12,20,24
"47",0.703115715035367,12,12,24
"48",0.82142646841093,8,8,24
"49",0.860870736280492,4,12,24
"50",0.835311994493307,24,12,24
"51",0.854374199462702,24,12,24
"52",0.654851050207943,4,12,24
"53",0.863470203416209,24,16,24
"54",0.805356201303428,12,8,24
"55",0.864886134754606,24,16,24
"56",0.838441926095992,24,20,24
"57",0.660032554192655,12,8,24
"58",0.692659397906666,20,12,24
"59",0.923065130636381,8,8,24
"60",0.787769183040806,24,16,24
"61",0.865768432630317,24,20,24
"62",0.768936779516432,20,20,24
"63",0.746893208471125,24,8,24
"64",0.966425612926758,8,4,24
"65",0.71739723354619,12,20,24
"66",0.721849875005441,20,20,24
"67",0.731499955680749,12,8,24
"68",0.865768432630317,24,8,24
"69",0.797910052178382,12,16,24
"70",0.749531849977902,16,12,24
"71",0.761662558693462,12,20,24
"72",0.772098607702484,12,12,24
"73",0.793976343565026,12,12,24
"74",0.83327481006496,4,20,24
"75",0.823860835196177,24,20,24
"76",0.886956847617359,12,8,24
"77",0.799379969403314,4,8,24
"78",0.00252471849909881,4,12,24
"79",0.358684253861766,4,8,24
"80",0.552539644361135,20,8,24
"81",0.685012692736055,12,16,24
"82",0.0081305959821948,4,8,24
"83",0.691522045221264,24,20,24
"84",0.879676030901731,12,8,24
"85",0.375137713503176,4,8,24
"86",0.857391619363447,24,12,24
"87",0.834180078013827,24,20,24
"88",0.809759624211971,24,20,24
"89",0.737705976792675,16,16,24
"90",0.859396664917478,4,12,24
"91",0.590463321304307,24,12,24
"92",0.732762877918774,24,8,24
"93",0.942165090370425,8,8,24
"94",0.861865088909716,8,4,24
"95",0.971669449458606,4,8,24
"96",0.626956014278453,20,20,24
"97",0.917158257087376,4,12,24
"98",0.864310292681414,16,20,24
"99",0.723476255696659,4,8,24
"100",0.753205404205423,4,8,24
"101",0.838014180663574,12,16,24
"102",0.833928495504763,24,8,24
"103",0.0406746427266746,24,12,24
"104",0.797932204345532,12,12,24
"105",0.750650573521082,20,4,24
"106",0.800690599341061,16,8,24
"107",0.860870736280492,12,12,24
"108",0.552539644361135,4,8,24
"109",0.83411892277855,20,4,24
"110",0.86257090000523,12,12,24
"111",0.682580577258486,12,8,24
"112",0.530466534158576,16,8,24
"113",0.698888045155358,4,20,24
"114",0.0969641861660825,12,8,24
"115",0.546775995496218,4,8,24
"116",0.654851050207943,4,8,24
"117",0.830874716791619,12,8,24
"118",0.227260389829526,4,8,24
"119",0.855247614678132,24,12,24
"120",0.440155254883236,4,8,24
"121",0.797910052178382,20,12,24
"122",0.823666695377162,20,4,24
"123",0.703115715035367,12,20,24
"124",0.886250070497636,20,4,24
"125",0.670533321849135,12,20,24
"126",0.497841907350344,12,12,24
"127",0.0368149897316038,4,8,24
"128",1,20,12,24
"129",0.857470573164632,4,4,24
"130",0.687141751793435,12,20,24
"131",0.864291182131583,12,12,24
"132",0.691522045221264,12,20,24
"133",0.732647750736019,12,8,24
"134",0.766113713427795,12,16,24
"135",0.838441926095992,12,8,24
"136",0.846819684090061,12,16,24
"137",0.857391619363447,12,12,24
"138",0.650688869627402,12,12,24
"139",0.826073121725557,4,16,24
"140",0.761930816757314,4,8,24
"141",0.811237603912364,16,4,24
"142",0.713041903182763,12,12,24
"143",0.682580577258486,12,8,24
"144",0.715367632987515,20,12,24
"145",0.73333619688938,24,8,24
"146",0.706227685465015,12,20,24
"147",0.695576066529989,16,16,24
"148",0.788211833968447,20,16,24
"149",0.520463792097732,16,16,24
"150",0.691522045221264,24,20,24
"151",0.0673309052751513,4,8,24
"152",0.84215000918045,12,20,24
"153",0.782290338780723,12,20,24
"154",0.634403064272407,24,8,24
"155",0.845581426702202,24,8,24
"156",0.828888220725811,20,16,24
"157",0.786249050799777,20,16,24
"158",0.669570751309777,24,16,24
"159",0.656241334033009,16,16,24
"160",0.768936779516432,4,4,24
"161",0.857391619363447,20,12,24
"162",0.876020362851788,12,8,24
"163",0.770305616059381,20,12,24
"164",0.829826454265517,12,12,24
"165",0.853124471267731,12,8,24
"166",0.786090980955608,12,8,24
"167",0.899584855812701,16,16,24
"168",0.797816530918645,12,8,24
"169",0.31180680063218,4,8,24
"170",0.731626881105473,16,20,24
"171",0.762529035438976,16,4,24
"172",0.408706987510746,16,8,24
"173",0.171760809501697,4,8,24
"174",0.865012216214793,12,12,24
"175",0.68346309846735,12,20,24
"176",0.823860835196177,24,12,24
"177",0.786454471041684,12,20,24
"178",0.71739723354619,12,20,24
"179",0.767510465446192,24,8,24
"180",0.898545485865995,24,12,24
"181",0.838123898433045,4,20,24
"182",0.88819202626012,12,8,24
"183",0.0203208493237265,24,12,24
"184",0.713041903182763,24,8,24
"185",0.0398829055425708,4,8,24
"186",0.679995638371081,24,12,24
"187",0.60932601809146,4,20,24
"188",0.814165658846879,20,16,24
"189",0.682580577258486,12,8,24
"190",0.701791674317041,24,4,24
"191",0.568970820591216,12,16,24
"192",0.982981871653413,4,8,24
"193",0.75346589206877,20,16,24
"194",0.773410580362972,12,12,24
"195",0.682686762616181,12,8,24
"196",0.85242719622698,12,20,24
"197",0.864886134754606,20,12,24
"198",0.720625367188985,8,16,24
"199",0.809759624211971,12,20,24
"200",0.855304748860668,4,8,24
"201",0.838014180663574,12,16,24
"202",0.671738586726914,24,8,24
"203",0.624432059878882,20,12,24
"204",0.708226159044818,16,16,24
"205",0.751919651053973,12,8,24
"206",0.761938106169499,16,12,24
"207",0.88479801606276,12,12,24
"208",0.664870925032639,12,8,24
"209",0.772862296144432,12,12,24
"210",0.721849875005441,16,20,24
"211",0.710355996855817,20,12,24
"212",0.648991399230644,12,4,24
"213",0.859718094756214,4,20,24
"214",0.715367632987515,24,8,24
"215",0.0552088316255456,4,8,24
"216",0.776535076056291,24,8,24
"217",0.789419864032733,20,16,24
"218",0.797816530918645,12,8,24
"219",0.628999240639822,16,8,24
"220",0.853996776566585,16,20,24
"221",0.756213994154699,24,8,24
"222",0.693655160533588,24,8,24
"223",0.683605145413822,24,20,24
"224",0.645964199874705,4,20,24
"225",0.624432059878882,4,12,24
"226",0.902428924553871,12,4,24
"227",0.88479801606276,12,12,24
"228",0.94630847117308,4,12,24
"229",0.768357828023627,12,12,24
"230",0.770210734945228,16,12,24
"231",0.729434602387955,4,4,24
"232",0.231112328446246,12,16,24
"233",0.73956782512379,4,8,24
"234",0.688620612227051,12,20,24
"235",0.482348010783969,4,8,24
"236",0.718925654169193,4,8,24
"237",0.778510994593313,12,8,24
"238",0.706227685465015,12,20,24
"239",0.0377312970312279,4,8,24
"240",0.710383533207761,12,20,24
"241",0.877525290871389,12,16,24
"242",0.732647750736019,24,8,24
"243",0.0553426945690171,20,16,24
"244",0.695816802934094,24,8,24
"245",0.808981697518438,16,16,24
"246",0.731191221709751,24,20,24
"247",0.152300284510123,20,16,24
"248",0.715772658118161,12,12,24
"249",0.812918756783859,24,8,24
"250",0.390089771239004,24,12,24
"251",0.444594798493952,4,8,24
"252",0.189002331203076,20,4,24
"253",0.827172576943156,24,12,24
"254",0.656241334033009,20,16,24
"255",0.00135102178490035,4,8,24
"256",0.671370412997218,12,12,24
"257",0.359029390363556,24,16,24
"258",0.688620612227051,12,20,24
"259",0.733636685333993,12,8,24
"260",0.765901579549694,4,12,24
"261",0.144049173543046,24,16,24
"262",0.758030563364249,4,4,24
"263",0.0127317496214363,20,12,24
"264",0.768936779516432,12,20,24
"265",0.130934258092024,16,20,24
"266",0.243426062811042,4,8,24
"267",0.415422644281256,16,8,24
"268",0.811237603912364,12,20,24
"269",0.67392775782838,24,20,24
"270",0.67392775782838,12,20,24
"271",1,16,4,24
"272",0.65982789134987,12,20,24
"273",0.113911665728379,24,20,24
"274",0.84843813309755,20,20,24
"275",0.639345179886985,4,12,24
"276",0.000124078559030432,4,8,24
"277",0.0212910621627427,4,8,24
"278",0.841834092304329,12,16,24
"279",1,24,20,24
"280",0.636327712366153,24,20,24
"281",0.000273165781494871,4,8,24
"282",0.630337260094613,24,8,24
"283",1,16,4,24
"284",0.0701363596616159,20,16,24
"285",0.761938106169499,12,4,24
"286",0.119317813859422,24,20,24
"287",0.0123740434066758,4,8,24
"288",0.720625367188985,4,16,24
"289",0.736451316506351,12,12,24
"290",0.476333126876071,12,12,24
"291",0.822640555193018,12,20,24
"292",0.773410580362972,24,8,24
"293",0.775424113830126,12,20,24
"294",0.832903701929354,12,20,24
"295",0.767510465446192,24,8,24
"296",0.389263583995171,4,12,24
"297",0.394750162410359,24,12,24
"298",0.0691818419965577,4,4,24
"299",0.823860835196177,24,20,24
"300",0.865012216214793,4,16,24
"301",0.225385201160314,4,8,24
"302",0.778510994593313,12,8,24
"303",0.736791873097217,16,12,24
"304",0.828812481275647,12,8,24
"305",0.835914348746513,24,8,24
"306",0.830583770275075,24,8,24
"307",0.165290990935645,4,8,24
"308",0.255103555608703,24,20,24
"309",0.177065940883712,4,8,24
"310",0.771194886946839,24,12,24
"311",0.690484137218093,24,8,24
"312",0.011244194018284,4,8,24
"313",0.725991387224526,24,8,24
"314",0.706227685465015,24,8,24
"315",0.266546404474085,20,16,24
"316",0.717624935122536,24,12,24
"317",0.654045546098157,24,4,24
"318",0.20985005414745,4,8,24
"319",0.859187033297002,24,12,24
"320",0.714125079346571,12,20,24
"321",0.869727179447945,24,20,24
"322",0.741591428552209,12,20,24
"323",0.714125079346571,12,8,24
"324",0.794173639284033,12,12,24
"325",0.671370412997218,12,20,24
"326",0.772098607702484,12,20,24
"327",0.100640663611147,12,12,24
"328",0.866134150765491,16,12,24
"329",0.847518142712612,16,16,24
"330",0.073723603596705,24,12,24
"331",0.0305179085301822,4,8,24
"332",0.871317655176646,12,8,24
"333",0.650252366389961,16,4,24
"334",0.778510994593313,24,8,24
"335",0.102899900705045,4,8,24
"336",0.729750399204763,4,8,24
"337",0.713476513242704,24,8,24
"338",0.745037024276817,12,20,24
"339",0.905891134379924,8,16,24
"340",0.693655160533588,20,16,24
"341",0.818025894992184,12,8,24
"342",0.745260071282131,24,20,24
"343",0.743967501455308,12,8,24
"344",0.715772658118161,12,8,24
"345",0.0399313965399595,20,16,24
"346",0.00298725853694763,24,16,24
"347",0.245339564542454,24,12,24
"348",0.639345179886985,24,12,24
"349",0.898281916838438,24,12,24
"350",1,24,16,24
"351",0.650688869627402,16,20,24
"352",0.00796873580276564,4,8,24
"353",0.423547700516905,4,4,24
"354",0.933137521478604,12,8,24
"355",0.916622758133665,20,12,24
"356",0.816362256610177,12,16,24
"357",0.720625367188985,12,8,24
"358",0.899584855812701,16,8,24
"359",0.955927515773891,12,12,24
"360",0.838014180663574,12,8,24
"361",0.888120166177574,24,8,24
"362",0.711902939289472,24,20,24
"363",0.0797460901257881,4,4,24
"364",0.0354046345052103,24,20,24
"365",0.0198847876681812,24,12,24
"366",0.313708334916042,24,12,24
"367",0.803069839262038,4,16,24
"368",0.62346400846501,12,8,24
"369",0.797063658128813,24,12,24
"370",0.664875073874394,24,12,24
"371",0.0212439292533821,20,16,24
"372",0.692659397906666,12,20,24
"373",0.0717796692907607,24,8,24
"374",0.797910052178382,24,12,24
"375",0.695576066529989,4,16,24
"376",0.671657259334201,12,20,24
"377",0.0543773089212933,4,8,24
"378",0.778510994593313,16,16,24
"379",0.779768527018935,24,8,24
"380",0.783695017848067,24,12,24
"381",0.454314539367642,20,16,24
"382",0.00777709180905589,4,8,24
"383",0.720625367188985,20,16,24
"384",0.736451316506351,24,12,24
"385",0.678870345551388,16,12,24
"386",0.731499955680749,12,20,24
"387",0.667905826895186,4,4,24
"388",0.705816492150569,12,8,24
"389",0.669570751309777,12,8,24
"390",0.688620612227051,12,20,24
"391",0.692659397906666,12,20,24
"392",0.89820849088308,4,8,24
"393",0.0531069517578155,24,12,24
"394",0.691522045221264,12,4,24
"395",0.682733291968699,24,20,24
"396",0.671657259334201,16,16,24
"397",0.827172576943156,24,12,24
"398",0.648991399230644,12,20,24
"399",1,4,12,24
"400",0.681100372591112,12,20,24
"401",0.613572029741384,16,4,24
"402",0.711902939289472,16,20,24
"403",0.79353964610167,12,8,24
"404",0.957355920337166,12,8,24
"405",0.0531069517578155,24,12,24
"406",0.695347927747118,16,16,24
"407",0.767510465446192,16,16,24
"408",0.865399738319505,12,12,24
"409",0.693555324380996,24,20,24
"410",0.656875822437875,4,4,24
"411",0.67392775782838,12,20,24
"412",0.65982789134987,24,20,24
"413",0.194613050187834,24,12,24
"414",0.783885944041578,24,8,24
"415",0.862944908290166,12,8,24
"416",0.838014180663574,20,16,24
"417",0.718428559124073,4,8,24
"418",0.877239592896302,4,12,24
"419",0.754799088767786,12,12,24
"420",0.713703447306458,4,8,24
"421",0.906737300101171,24,8,24
"422",0.692659397906666,12,16,24
"423",0.675672741653527,4,4,24
"424",0.789284440950907,12,20,24
"425",0.683609523961839,12,16,24
"426",0.785103083484401,12,20,24
"427",0.804639986218962,12,20,24
"428",0.865768432630317,4,8,24
"429",0.907306804382208,4,4,24
"430",0.838441926095992,20,20,24
"431",0.87752150192339,12,8,24
"432",0.733636685333993,12,4,24
"433",0.855304748860668,20,16,24
"434",0.729750399204763,12,8,24
"435",0.857391619363447,4,12,24
"436",0.566287188262907,4,12,24
"437",0.682733291968699,20,12,24
"438",0.787715495326363,8,16,24
"439",0.172093000758782,20,16,24
"440",0.791003265877191,20,8,24
"441",0.901170678246062,16,8,24
"442",0.685012692736055,16,20,24
"443",0.898545485865995,8,20,24
"444",0.0514499503525227,24,12,24
"445",0.648957168966331,4,8,24
"446",0.14876189184208,4,8,24
"447",0.738927865957454,24,20,24
"448",0.830874716791619,24,12,24
"449",0.656875822437875,4,4,24
"450",0.836963439137221,12,20,24
"451",0.877974241658552,20,4,24
"452",0.50199693462941,4,4,24
"453",0.839690756769834,4,4,24
"454",0.858687544471709,20,16,24
"455",0.731626881105473,12,20,24
"456",0.744628762190735,12,16,24
"457",0.775377775839209,12,16,24
"458",0.816362256610177,12,20,24
"459",0.695347927747118,12,4,24
"460",0.47816336937823,12,12,24
"461",0.502075720936493,4,8,24
"462",0.816423446471092,12,12,24
"463",0.750650573521082,12,20,24
"464",0.778789679076772,12,16,24
"465",0.703115715035367,24,4,24
"466",0.682580577258486,12,12,24
"467",0.857391619363447,12,12,24
"468",0.000142262075849849,4,8,24
"469",0.853358453270227,12,4,24
"470",0.696685816213812,4,12,24
"471",0.822328078770464,4,8,24
"472",0.475721995424758,4,8,24
"473",8.59845491795852e-06,4,8,24
"474",0.630337260094613,12,20,24
"475",0.778510994593313,24,8,24
"476",0.681100372591112,12,20,24
"477",0.81376074249999,8,4,24
"478",0.636327712366153,12,20,24
"479",0.176638881714896,4,8,24
"480",0.656241334033009,8,8,24
"481",0.786090980955608,24,12,24
"482",0.71739723354619,12,20,24
"483",0.745037024276817,12,12,24
"484",0.297957963498301,20,16,24
"485",0.837599049018908,12,12,24
"486",0.693655160533588,12,16,24
"487",0.761938106169499,12,20,24
"488",0.750650573521082,24,4,24
"489",0.857470573164632,16,12,24
"490",0.819178779502745,4,4,24
"491",0.867704847029739,20,8,24
"492",0.670533321849135,4,4,24
"493",0.768936779516432,12,20,24
"494",0.556555397058425,12,8,24
"495",0.640857397683628,12,12,24
"496",0.830583770275075,20,8,24
"497",0.837599049018908,20,16,24
"498",0.488277144874818,20,12,24
"499",0.846897754932116,8,8,24
"500",0.222288792542166,4,8,24
"501",0.77369229444131,4,12,24
"502",0.838166652311419,12,8,24
"503",0.835642791140472,12,8,24
"504",0.859396664917478,12,12,24
"505",0.837599049018908,12,20,24
"506",0.380017748256543,12,16,24
"507",0.817184029667098,8,20,24
"508",0.847699267808258,16,20,24
"509",0.882505671691451,12,12,24
"510",0.75346589206877,12,12,24
"511",0.749531849977902,8,12,24
"512",0.0293470709052427,20,16,24
"513",0.115065062141934,20,16,24
"514",0.682686762616181,12,8,24
"515",0.751351601412746,12,12,24
"516",0.923659832446817,4,16,24
"517",0.759887948257087,12,20,24
"518",0.732647750736019,12,16,24
"519",0.786249050799777,12,8,24
"520",0.340262785830946,4,8,24
"521",0.254556496772685,12,8,24
"522",0.86630319572236,12,12,24
"523",0.803178892898564,12,20,24
"524",0.803868249477475,12,20,24
"525",0.726903262988228,4,8,24
"526",0.57043352254621,12,12,24
"527",0.720336155228737,12,12,24
"528",0.858856466949782,4,8,24
"529",0.797249068522219,24,16,24
"530",0.0574501837532274,24,12,24
"531",0.692659397906666,12,20,24
"532",0.164460346484957,24,12,24
"533",1.29857864665808e-05,24,12,24
"534",0.816423446471092,20,12,24
"535",0.00571854114504288,20,16,24
"536",0.102078835749284,4,8,24
"537",0.892420992109516,24,12,24
"538",0.695347927747118,24,8,24
"539",0.844184862814007,8,16,24
"540",0.428471270777818,4,8,24
"541",0.660790529306283,4,8,24
"542",0.822328078770464,24,12,24
"543",0.656241334033009,12,8,24
"544",0.190959294797237,4,8,24
"545",0.253324948288314,24,12,24
"546",0.758030563364249,4,4,24
"547",0.206511600910538,20,4,24
"548",0.797249068522219,4,8,24
"549",0.882894913916255,12,20,24
"550",0.729157037814454,12,20,24
"551",0.508977186782701,4,8,24
"552",0.888094522206226,20,4,24
"553",0.77409535134868,12,20,24
"554",0.64972739679177,12,16,24
"555",0.892041116063261,4,8,24
"556",0.717840346098498,12,8,24
"557",0.198413876584547,4,8,24
"558",0.76275314923872,4,16,24
"559",0.621313071844678,4,20,24
"560",0.754799088767786,20,12,24
"561",0.219490789589105,20,16,24
"562",0.706227685465015,20,12,24
"563",0.00105758293236204,24,12,24
"564",0.00195085513942465,24,12,24
"565",0.520278077963839,4,8,24
"566",0.706227685465015,12,20,24
"567",0.74868535128426,24,8,24
"568",0.866219850006529,12,8,24
"569",0.323516544376137,4,4,24
"570",0.786454471041684,24,20,24
"571",0.877974241658552,4,8,24
"572",0.758813741833734,16,12,24
"573",0.0451398395669107,4,8,24
"574",0.810019847929283,12,12,24
"575",0.758813741833734,8,12,24
"576",0.710383533207761,24,20,24
"577",0.047904889866171,20,16,24
"578",0.691522045221264,12,20,24
"579",0.719561448134471,12,12,24
"580",0.121971271398077,12,16,24
"581",0.901363091562047,20,12,24
"582",0.783695017848067,16,16,24
"583",0.854940019470618,24,20,24
"584",0.278735351885218,4,8,24
"585",0.857391619363447,12,12,24
"586",0.855304748860668,12,8,24
"587",0.54583142059644,16,12,24
"588",0.711818429861054,20,12,24
"589",0.345698478256336,4,8,24
"590",0.809759624211971,16,16,24
"591",0.744628762190735,8,8,24
"592",0.371036931372284,4,8,24
"593",0.289406739043849,4,8,24
"594",0.756213994154699,8,8,24
"595",0.506690331008723,24,8,24
"596",0.731450102803052,16,12,24
"597",0.773410580362972,12,12,24
"598",0.357037490323619,24,12,24
"599",0.000552827441916518,24,16,24
"600",0.0524170122974724,4,8,24
"601",0.838781352128748,12,12,24
"602",0.413023201821076,4,8,24
"603",0.592006761815502,12,16,24
"604",0.461045314608175,4,8,24
"605",0.273874380816236,20,16,24
"606",0.827365291323039,24,12,24
"607",0.86257090000523,24,12,24
"608",0.802055416672712,24,20,24
"609",0.0088376043284726,4,8,24
"610",1,12,20,24
"611",0.615773221631211,12,20,24
"612",0.746893208471125,12,20,24
"613",0.725389840080937,12,20,24
"614",0.732762877918774,12,8,24
"615",0.852789406051324,20,4,24
"616",0.152798065292525,16,12,24
"617",0.062349167590384,16,8,24
"618",0.849871390853782,12,16,24
"619",0.393942945564079,4,8,24
"620",0.818025894992184,12,12,24
"621",0.800690599341061,12,20,24
"622",0.857495332861106,12,16,24
"623",0.204430710723342,4,8,24
"624",0.748836229881512,12,16,24
"625",0.708226159044818,12,16,24
"626",0.393739267451957,4,8,24
"627",0.768936779516432,12,4,24
"628",0.227137044934945,16,20,24
"629",0.733142101499855,20,8,24
"630",0.827365291323039,20,12,24
"631",0.687141751793435,12,16,24
"632",0.828888220725811,20,16,24
"633",0.0134500471811693,20,16,24
"634",0.665660723315282,16,20,24
"635",0.14876189184208,4,8,24
"636",0.498631754572081,16,8,24
"637",0.698888045155358,8,12,24
"638",0.882505671691451,24,12,24
"639",0.051423863846645,24,12,24
"640",0.840237771282999,8,20,24
"641",0.647669500072265,8,12,24
"642",0.706275819277965,12,20,24
"643",0.766788341377687,24,8,24
"644",0.731626881105473,12,20,24
"645",0.716265249548976,12,20,24
"646",0.632372005233833,4,4,24
"647",0.885626286809792,12,20,24
"648",0.855304748860668,20,8,24
"649",0.216716539577225,12,16,24
"650",0.752161287362906,12,16,24
"651",0.263512865619673,20,16,24
"652",0.737705976792675,12,16,24
"653",0.914197521919879,12,16,24
"654",0.00433752323228725,4,8,24
"655",0.180884588728315,4,8,24
"656",0.833350054267154,12,12,24
"657",0.876020362851788,12,12,24
"658",0.71739723354619,4,4,24
"659",0.227823331456758,24,12,24
"660",0.668624785213955,12,12,24
"661",0.712857258974024,24,8,24
"662",0.0582699530193421,24,12,24
"663",0.234447007318644,24,12,24
"664",0.729750399204763,24,16,24
"665",0.759887948257087,12,20,24
"666",0.773410580362972,16,12,24
"667",0.242722524326492,4,8,24
"668",0.696685816213812,12,16,24
"669",0.639345179886985,24,12,24
"670",0.684192468479124,16,12,24
"671",0.0365364441798053,4,8,24
"672",0.716265249548976,20,16,24
"673",0.792934572308793,24,12,24
"674",0.859396664917478,4,8,24
"675",0.803390714264893,4,12,24
"676",0.789209331588722,16,16,24
"677",0.809679080718278,24,16,24
"678",0.851237459364216,4,8,24
"679",0.805356201303428,12,8,24
"680",0.768895985775768,12,8,24
"681",0.639661194942516,12,12,24
"682",0.165912681901357,24,12,24
"683",0.884988271678151,16,12,24
"684",0.726717273442397,12,16,24
"685",0.778510994593313,16,20,24
"686",0.719561448134471,12,20,24
"687",0.819442625547982,20,16,24
"688",0.856714454691126,4,12,24
"689",0.276430568651198,4,8,24
"690",0.130711806215018,4,8,24
"691",0.00143918860928848,24,12,24
"692",0.151264130419089,24,8,24
"693",0.753205404205423,12,12,24
"694",7.64179612789263e-05,24,12,24
"695",0.409521874422863,20,16,24
"696",0.762529035438976,24,12,24
"697",0.819178779502745,24,12,24
"698",0.0611825162497404,24,12,24
"699",0.29279444592164,24,12,24
"700",0.72576835458441,12,12,24
"701",0.732647750736019,24,20,24
"702",0.809759624211971,16,8,24
"703",0.538237929662692,24,12,24
"704",0.786917954494242,20,16,24
"705",0.156859420726302,4,8,24
"706",0.785012558423378,4,4,24
"707",0.146935596872538,4,4,24
"708",0.678870345551388,20,12,24
"709",0.778510994593313,24,8,24
"710",0.756855394247041,4,8,24
"711",0.761059833675028,20,8,24
"712",0.741591428552209,12,20,24
"713",0.227260389829526,4,8,24
"714",0.481576146507201,12,8,24
"715",0.845581426702202,4,4,24
"716",0.829826454265517,12,20,24
"717",0.78571181948404,12,12,24
"718",0.290707374741935,4,8,24
"719",0.892045799826974,12,20,24
"720",0.758030563364249,24,20,24
"721",0.888391790336234,12,16,24
"722",0.114055932488185,24,16,24
"723",0.725991387224526,24,8,24
"724",0.0688712462231853,24,12,24
"725",0.816423446471092,20,12,24
"726",0.0207493436537542,24,12,24
"727",0.682686762616181,24,8,24
"728",0.797816530918645,24,8,24
"729",0.857470573164632,12,20,24
"730",0.112588865905917,4,8,24
"731",0.682580577258486,24,20,24
"732",0.804143525453464,16,8,24
"733",0.542725368680691,12,12,24
"734",0.708226159044818,4,16,24
"735",0.720336155228737,12,12,24
"736",0.776535076056291,8,12,24
"737",0.812805330500731,8,4,24
"738",0.732647750736019,12,20,24
"739",0.677028908990511,12,20,24
"740",0.872554608640037,12,12,24
"741",0.731499955680749,12,20,24
"742",0.129039448689341,12,16,24
"743",0.878849456168629,16,8,24
"744",0.720625367188985,4,8,24
"745",0.717245054067346,12,12,24
"746",0.465794864437937,12,16,24
"747",0.877694620445741,4,8,24
"748",0.677028908990511,12,20,24
"749",0.703115715035367,4,20,24
"750",0.770305616059381,20,12,24
"751",0.824784864187337,4,8,24
"752",0.123889730757606,24,16,24
"753",0.786917954494242,4,4,24
"754",0.749531849977902,24,12,24
"755",1,16,20,24
"756",0.843519030434723,16,4,24
"757",0.65982789134987,12,20,24
"758",0.03328813443421,4,8,24
"759",0.789209331588722,20,16,24
"760",1,12,20,24
"761",0.624432059878882,4,12,24
"762",0.604491533400781,8,20,24
"763",0.89741949291594,16,12,24
"764",0.509535235716045,4,8,24
"765",0.876899257320802,16,8,24
"766",0.678870345551388,8,12,24
"767",0.76935380313045,4,8,24
"768",0.642712571411914,12,16,24
"769",0.864214871091864,24,12,24
"770",0.774000912696359,12,20,24
"771",0.774000912696359,12,12,24
"772",0.0598552008867686,4,8,24
"773",0.692659397906666,12,20,24
"774",0.869470083162486,12,8,24
"775",0.838320745319888,12,16,24
"776",0.837828814562809,4,4,24
"777",0.799600157711718,16,16,24
"778",0.789419864032733,16,16,24
"779",0.786249050799777,16,4,24
"780",0.299386281769499,24,12,24
"781",0.0490486754072203,4,8,24
"782",0.83411892277855,12,12,24
"783",0.844319942507875,4,8,24
"784",0.664875073874394,12,20,24
"785",0.830247091281848,4,8,24
"786",0.720336155228737,12,12,24
"787",0.692659397906666,12,20,24
"788",0.287847537724132,20,12,24
"789",0.670533321849135,24,20,24
"790",0.845495628367816,12,12,24
"791",0.711902939289472,12,20,24
"792",0.741591428552209,12,4,24
"793",0.758030563364249,24,8,24
"794",0.805119356683581,24,12,24
"795",0.820301667541261,4,8,24
"796",0.174535535098948,4,8,24
"797",0.0055380134665201,24,12,24
"798",0.837599049018908,24,12,24
"799",0.817184029667098,16,20,24
"800",0.830247091281848,24,12,24
"801",0.00126235924954941,4,8,24
"802",0.695576066529989,20,4,24
"803",0.484752969280118,4,8,24
"804",0.520463792097732,16,8,24
"805",0.86440255652658,16,20,24
"806",0.770210734945228,12,8,24
"807",0.582927247842224,4,8,24
"808",0.917627437754266,4,8,24
"809",0.462348564049087,12,12,24
"810",0.882505671691451,4,12,24
"811",0.869183147048962,4,12,24
"812",0.869726256569693,4,8,24
"813",0.723476255696659,12,4,24
"814",0.888094522206226,4,12,24
"815",0.826073121725557,12,8,24
"816",0.484602175325485,8,20,24
"817",0.923065130636381,8,8,24
"818",0.819442625547982,8,8,24
"819",0.0543773089212933,4,8,24
"820",0.198677286354216,4,12,24
"821",0.846819684090061,24,16,24
"822",0.706227685465015,20,12,24
"823",0.0939537278365063,4,8,24
"824",0.858687544471709,8,4,24
"825",0.814165658846879,24,16,24
"826",0.761930816757314,24,16,24
"827",0.192705922291015,4,8,24
"828",0.24931587728604,8,4,24
"829",0.787769183040806,8,4,24
"830",0.00919110850161151,4,8,24
"831",0.838166652311419,8,20,24
"832",0.439174706227021,4,12,24
"833",0.0220852587170552,4,8,24
"834",0.901375115458183,4,8,24
"835",0.775424113830126,12,16,24
"836",0.668514232912378,12,12,24
"837",0.891840471838945,16,20,24
"838",0.21100685207063,12,8,24
"839",0.818667829767712,4,12,24
"840",0.886250070497636,20,20,24
"841",0.768936779516432,4,20,24
"842",0.826739360855528,20,8,24
"843",0.693655160533588,20,12,24
"844",0.705290864988184,4,12,24
"845",0.845495628367816,12,12,24
"846",0.878849456168629,4,8,24
"847",0.746741250005628,12,12,24
"848",0.317044146667761,4,8,24
"849",0.953895468539183,8,8,24
"850",0.865399738319505,16,16,24
"851",0.531039432551802,24,12,24
"852",0.749531849977902,12,12,24
"853",0.568970820591216,4,8,24
"854",0.599451754720089,4,8,24
"855",0.146718418294412,4,8,24
"856",0.71739723354619,24,12,24
"857",0.757809334512252,12,12,24
"858",0.991605997834102,8,8,24
"859",0.794917142811448,20,20,24
"860",0.691522045221264,12,4,24
"861",0.940900514375473,4,20,24
"862",0.812620019484337,4,8,24
"863",0.731450102803052,8,8,24
"864",0.749531849977902,4,12,24
"865",0.828888220725811,12,4,24
"866",0.720709465048771,12,20,24
"867",0.713703447306458,4,8,24
"868",0.813295433680796,12,16,24
"869",0.676598840791197,12,4,24
"870",0.785103083484401,16,16,24
"871",0.869183147048962,12,8,24
"872",0.762529035438976,12,8,24
"873",0.797816530918645,24,12,24
"874",0.647943277345702,12,12,24
"875",0.795451840879067,20,16,24
"876",0.77532195525813,4,8,24
"877",0.731499955680749,20,4,24
"878",0.711902939289472,12,20,24
"879",0.514729379293417,4,8,24
"880",0.76275314923872,12,12,24
"881",0.786090980955608,8,16,24
"882",0.710507563420628,20,12,24
"883",0.648991399230644,12,20,24
"884",0.756213994154699,16,8,24
"885",0.792934572308793,4,12,24
"886",0.691522045221264,4,20,24
"887",0.346728112066374,4,8,24
"888",0.0465171700103402,24,12,24
"889",0.769348693636191,4,8,24
"890",0.838014180663574,12,8,24
"891",0.465519792987208,24,12,24
"892",0.36263312305307,4,8,24
"893",0.776783607063747,8,4,24
"894",0.10085487806794,4,8,24
"895",0.999999999999946,8,16,24
"896",0.837599049018908,12,12,24
"897",0.682686762616181,16,8,24
"898",0.753113581404739,4,20,24
"899",0.664875073874394,4,20,24
"900",0.871317655176646,24,8,24
"901",0.873013132760045,4,8,24
"902",0.681100372591112,4,20,24
"903",0.813295433680796,4,8,24
"904",0.660790529306283,24,20,24
"905",0.799600157711718,16,16,24
"906",0.0430171355465037,12,20,24
"907",0.971669449458606,20,16,24
"908",0.684192468479124,4,20,24
"909",0.855247614678132,8,8,24
"910",0.833350054267154,12,12,24
"911",0.641669172278208,4,8,24
"912",0.731358017535903,4,8,24
"913",0.757809334512252,20,16,24
"914",0.857470573164632,12,12,24
"915",0.859396664917478,24,12,24
"916",0.258440908346345,4,8,24
"917",1.85470656892155e-05,20,16,24
"918",0.408883085430878,12,4,24
"919",0.528623048205862,4,8,24
"920",0.866911221376112,24,12,24
"921",0.340262785830946,20,16,24
"922",0.656241334033009,4,16,24
"923",0.691567971912262,8,4,24
"924",0.882505671691451,8,12,24
"925",0.777137872424092,8,8,24
"926",0.77369229444131,4,16,24
"927",0.328367151905896,4,8,24
"928",0.350128532602964,4,8,24
"929",0.190959294797237,20,16,24
"930",0.408883085430878,4,4,24
"931",0.0545597985134964,12,12,24
"932",0.773410580362972,12,16,24
"933",0.725389840080937,12,16,24
"934",0.841303513032916,12,16,24
"935",0.121971271398077,12,16,24
"936",0.859187033297002,12,16,24
"937",0.846897754932116,12,16,24
"938",0.731450102803052,12,20,24
"939",0.852789406051324,12,20,24
"940",0.827172576943156,24,20,24
"941",0.783885944041578,24,20,24
"942",0.836963439137221,12,12,24
"943",0.648575187184607,12,8,24
"944",0.516662075664425,4,8,24
"945",0.871886509821418,12,12,24
"946",0.776535076056291,12,8,24
"947",0.734851031230155,24,8,24
"948",0.88479801606276,12,12,24
"949",0.876020362851788,24,12,24
"950",0.692659397906666,24,12,24
"951",0.841303513032916,12,16,24
"952",0.899584855812701,24,16,24
"953",0.706227685465015,12,20,24
"954",0.049476850527334,24,12,24
"955",0.761059833675028,24,12,24
"956",0.698888045155358,24,20,24
"957",0.859187033297002,24,12,24
"958",0.172369588021842,4,8,24
"959",0.693655160533588,24,12,24
"960",0.751351601412746,8,20,24
"961",0.615116788620615,24,8,24
"962",0.380017748256543,12,12,24
"963",0.258877791822179,12,12,24
"964",0.712676190777366,12,16,24
"965",0.855304748860668,12,16,24
"966",0.869183147048962,4,8,24
"967",0.79353964610167,12,16,24
"968",0.886082268517151,16,20,24
"969",0.802587769073064,12,16,24
"970",0.827365291323039,12,12,24
"971",0.758591249985162,4,8,24
"972",0.845495628367816,4,12,24
"973",0.678870345551388,20,12,24
"974",0.424958258120908,12,12,24
"975",0.695347927747118,8,8,24
"976",0.767510465446192,8,16,24
"977",0.856714454691126,4,8,24
"978",0.78571181948404,12,12,24
"979",0.756213994154699,20,8,24
"980",0.823343096504547,24,12,24
"981",0.866911221376112,24,12,24
"982",0.590994856245267,4,8,24
"983",0.691522045221264,8,20,24
"984",0.909154609829616,24,12,24
"985",0.865399738319505,8,8,24
"986",0.708226159044818,20,8,24
"987",0.756855394247041,16,8,24
"988",0.0545136927893713,4,8,24
"989",0.469977313234195,4,16,24
"990",0.0470867283909315,4,8,24
"991",0.711902939289472,12,4,24
"992",0.901363091562047,24,12,24
"993",0.845091583638879,8,4,24
"994",0.83411892277855,20,20,24
"995",0.855304748860668,8,8,24
"996",0.819442625547982,12,20,24
"997",0.176183376326559,12,12,24
"998",0.746741250005628,4,20,24
"999",0.809679080718278,4,12,24
"1000",0.838014180663574,20,8,24
"1001",0.713361649075924,4,8,24
"1002",0.767510465446192,20,8,24
"1003",0.813573590732776,12,16,24
"1004",0.499431268613047,4,8,24
"1005",0.287683550963877,12,8,24
"1006",0.434741873475408,12,8,24
"1007",0.585560961851628,20,12,24
"1008",0.403450342912882,4,8,24
"1009",0.451868148842844,20,16,24
"1010",0.683588002824746,12,12,24
"1011",0.669570751309777,20,16,24
"1012",0.783695017848067,20,20,24
"1013",0.442520912628712,24,12,24
"1014",0.799181474858731,24,16,24
"1015",0.800373505809708,12,12,24
"1016",0.683588002824746,24,12,24
"1017",0.60302818742299,4,8,24
"1018",0.732647750736019,24,12,24
"1019",0.718428559124073,24,16,24
"1020",0.031123637634649,4,8,24
"1021",0.636327712366153,24,20,24
"1022",0.207689633426656,24,16,24
"1023",0.731450102803052,12,20,24
"1024",0.0649823125199621,4,12,24
"1025",0.615116788620615,12,16,24
"1026",0.828812481275647,20,12,24
"1027",0.905891134379924,12,4,24
"1028",0.886250070497636,8,8,24
"1029",0.827172576943156,12,12,24
"1030",0.937320401549643,12,4,24
"1031",0.778510994593313,12,16,24
"1032",0.814165658846879,20,12,24
"1033",0.756778191767903,12,20,24
"1034",0.762529035438976,24,8,24
"1035",0.575848388635112,24,8,24
"1036",0.909040856890232,24,8,24
"1037",0.874504385032028,12,12,24
"1038",0.414940783147357,24,16,24
"1039",0.617794216843006,4,4,24
"1040",0.0645254508886867,4,8,24
"1041",0.477760861025258,4,4,24
"1042",0.745260071282131,8,4,24
"1043",0.830247091281848,12,8,24
"1044",0.682686762616181,24,8,24
"1045",0.759887948257087,12,4,24
"1046",0.71739723354619,20,20,24
"1047",0.800694852432206,4,12,24
"1048",0.72576835458441,24,12,24
"1049",0.684192468479124,4,20,24
"1050",0.0787435764129974,24,12,24
"1051",0.690937062305365,4,8,24
"1052",0.0591057705666232,4,8,24
"1053",0.658160155322459,24,12,24
"1054",0.696685816213812,8,12,24
"1055",0.682733291968699,4,12,24
"1056",0.0819287084463617,4,8,24
"1057",0.678870345551388,24,16,24
"1058",0.787769183040806,12,20,24
"1059",0.705816492150569,4,8,24
"1060",0.630172419500641,4,8,24
"1061",0.793283093459546,4,8,24
"1062",0.883549604796289,4,8,24
"1063",0.819442625547982,12,16,24
"1064",0.766788341377687,12,16,24
"1065",0.855304748860668,24,16,24
"1066",0.841413085538241,12,20,24
"1067",0.703115715035367,12,20,24
"1068",0.816362256610177,12,20,24
"1069",0.892979013868633,24,8,24
"1070",0.905891134379924,4,8,24
"1071",0.145489010650717,16,16,24
"1072",0.67392775782838,12,20,24
"1073",0.671370412997218,24,8,24
"1074",0.830583770275075,24,8,24
"1075",0.375840701788441,4,8,24
"1076",0.0781547504107539,24,12,24
"1077",0.656241334033009,24,8,24
"1078",0.820301667541261,24,16,24
"1079",0.104925027073725,24,12,24
"1080",0.00164478698204398,24,12,24
"1081",0.910491806164425,12,8,24
"1082",0.632372005233833,4,8,24
"1083",0.192645235020453,24,16,24
"1084",0.00977538641682257,20,16,24
"1085",0.866219850006529,8,12,24
"1086",0.830952005848328,8,4,24
"1087",0.361674677574142,4,8,24
"1088",0.731450102803052,24,12,24
"1089",0.124260209848995,4,8,24
"1090",0.89723259491553,4,20,24
"1091",0.297932852546057,4,8,24
"1092",0.596050949489926,4,8,24
"1093",0.880459157655442,4,4,24
"1094",0.87752150192339,12,16,24
"1095",0.83327481006496,4,8,24
"1096",0.805356201303428,24,12,24
"1097",0.857391619363447,12,4,24
"1098",0.660724993645497,24,12,24
"1099",0.835311994493307,12,12,24
"1100",0.799600157711718,12,16,24
"1101",0.920902756972942,4,8,24
"1102",0.352645432494092,4,8,24
"1103",0.758592546631888,12,16,24
"1104",0.745474517781709,24,8,24
"1105",0.876899257320802,16,20,24
"1106",0.749531849977902,16,12,24
"1107",0.874608680672785,24,12,24
"1108",0.272089759272634,24,12,24
"1109",0.740916477022783,24,8,24
"1110",0.204353493755373,24,12,24
"1111",0.835914348746513,12,8,24
"1112",0.172978740577933,24,20,24
"1113",0.218710398198487,24,12,24
"1114",0.0591057705666232,4,8,24
"1115",0.648991399230644,12,20,24
"1116",0.640636586874949,24,12,24
"1117",0.713703447306458,8,4,24
"1118",0.729157037814454,8,16,24
"1119",0.0257935869519377,24,20,24
"1120",0.654045546098157,8,12,24
"1121",0.476333126876071,8,12,24
"1122",0.916871465537999,8,8,24
"1123",0.968947009037471,4,12,24
"1124",0.910920331781996,4,12,24
"1125",0.917158257087376,12,4,24
"1126",0.916622758133665,24,12,24
"1127",0.886068666195876,12,16,24
"1128",0.475721995424758,4,4,24
"1129",0.886068666195876,20,16,24
"1130",0.823666695377162,20,16,24
"1131",0.691522045221264,20,4,24
"1132",0.690937062305365,12,4,24
"1133",0.281472164764794,24,12,24
"1134",0.357457782143165,24,12,24
"1135",0.770305616059381,12,8,24
"1136",0.299386281769499,24,12,24
"1137",0.338482365594407,24,4,24
"1138",0.08561288866266,24,12,24
"1139",0.797539336316125,12,8,24
"1140",0.77409535134868,24,8,24
"1141",0.00294503899190491,4,8,24
"1142",0.00433602083947542,24,12,24
"1143",0.819442625547982,12,16,24
"1144",0.387796529174478,24,12,24
"1145",1,16,12,24
"1146",0.719561448134471,4,4,24
"1147",0.351080794115104,4,12,24
"1148",0.015542516489866,24,12,24
"1149",0.104925027073725,24,12,24
"1150",0.898281916838438,8,4,24
"1151",0.678870345551388,24,20,24
"1152",0.145446279249124,4,8,24
"1153",0.0532222888162442,4,8,24
"1154",0.89741949291594,12,4,24
"1155",0.899584855812701,8,8,24
"1156",0.947583758861167,4,20,24
"1157",0.916871465537999,4,20,24
"1158",0.925576385363139,4,20,24
"1159",0.90434323836302,8,16,24
"1160",0.88479801606276,12,4,24
"1161",0.910920331781996,12,12,24
"1162",0.308206399185576,12,16,24
"1163",0.809679080718278,4,8,24
"1164",0.736791873097217,12,12,24
"1165",0.286342562699389,24,16,24
"1166",0.578349096295748,4,8,24
"1167",0.546119186335164,24,12,24
"1168",0.682686762616181,12,16,24
"1169",0.751404450066294,24,12,24
"1170",1,16,16,24
"1171",0.481303284648365,24,20,24
"1172",0.894624977048875,24,12,24
"1173",0.664875073874394,12,20,24
"1174",0.696685816213812,12,20,24
"1175",0.751499408581059,24,12,24
"1176",0.691522045221264,24,20,24
"1177",0.762198489410915,20,8,24
"1178",0.847699267808258,8,16,24
"1179",0.372118073184304,4,16,24
"1180",0.880364022400792,24,16,24
"1181",0.063873186488228,4,8,24
"1182",0.758813741833734,24,12,24
"1183",0.732762877918774,8,8,24
"1184",0.766113713427795,24,20,24
"1185",0.0245844903962021,4,8,24
"1186",0.891840471838945,12,20,24
"1187",0.333777841075083,12,12,24
"1188",0.740688720057743,12,12,24
"1189",0.555054200616155,4,8,24
"1190",0.770305616059381,12,12,24
"1191",0.864886134754606,16,8,24
"1192",0.725389840080937,12,4,24
"1193",0.628069816898711,24,12,24
"1194",0.682733291968699,12,4,24
"1195",0.00090076721180202,4,8,24
"1196",0.868475007489741,12,8,24
"1197",0.139392146120993,24,12,24
"1198",0.648991399230644,12,4,24
"1199",0.766788341377687,12,8,24
"1200",0.693655160533588,12,12,24
"1201",0.239743563596251,4,8,24
"1202",0.758540847351313,20,4,24
"1203",0.923065130636381,12,12,24
"1204",0.741228729998431,12,20,24
"1205",0.842629790401804,24,16,24
"1206",0.66903434987023,12,20,24
"1207",0.782290338780723,12,4,24
"1208",0.696685816213812,12,20,24
"1209",0.320638632924862,4,8,24
"1210",0.791793469619843,12,12,24
"1211",0.857470573164632,24,12,24
"1212",0.811237603912364,20,20,24
"1213",0.723729172908117,8,12,24
"1214",0.673324248358112,8,4,24
"1215",0.656241334033009,12,16,24
"1216",0.628999240639822,12,20,24
"1217",0.152798065292525,8,4,24
"1218",0.889679443125007,4,20,24
"1219",0.0315563965709062,12,12,24
"1220",0.810229279451463,20,4,24
"1221",0.790465006542292,4,8,24
"1222",0.960605705443592,12,8,24
"1223",0.917627437754266,4,8,24
"1224",0.374429879719815,16,12,24
"1225",0.693655160533588,8,16,24
"1226",0.468604006207393,12,12,24
"1227",0.761930816757314,4,8,24
"1228",0.793289229154595,4,8,24
"1229",0.772831757385032,8,20,24
"1230",0.892420992109516,8,20,24
"1231",0.664875073874394,24,20,24
"1232",0.65982789134987,12,20,24
"1233",0.885626286809792,20,8,24
"1234",0.841303513032916,4,12,24
"1235",0.66446701622006,24,16,24
"1236",0.792934572308793,16,12,24
"1237",0.799600157711718,24,16,24
"1238",0.859187033297002,12,12,24
"1239",0.802587769073064,4,12,24
"1240",0.86257090000523,24,12,24
"1241",0.786249050799777,4,8,24
"1242",0.912502950110755,24,8,24
"1243",0.701791674317041,24,4,24
"1244",0.906178804750249,8,4,24
"1245",0.0598552008867686,8,16,24
"1246",0.690937062305365,8,4,24
"1247",0.775424113830126,12,8,24
"1248",0.740916477022783,12,8,24
"1249",0.729157037814454,24,20,24
"1250",0.923069880688656,8,8,24
"1251",0.590914418346118,12,12,24
"1252",0.883549604796289,12,12,24
"1253",0.637006780997805,20,12,24
"1254",0.912245312623672,8,8,24
"1255",0.868468075648995,12,12,24
"1256",0.855304748860668,16,8,24
"1257",0.892979013868633,4,8,24
"1258",0.711818429861054,12,16,24
"1259",0.828888220725811,8,20,24
"1260",0.751351601412746,12,16,24
"1261",0.719561448134471,12,20,24
"1262",0.82142646841093,4,8,24
"1263",0.77532195525813,12,16,24
"1264",0.816423446471092,12,20,24
"1265",0.410792982850211,12,12,24
"1266",1,4,12,24
"1267",0.535463396938038,12,8,24
"1268",0.498846142020824,12,20,24
"1269",0.731358017535903,4,8,24
"1270",0.802055416672712,8,8,24
"1271",0.642712571411914,8,20,24
"1272",0.539571206117242,20,16,24
"1273",0.249638713686805,4,8,24
"1274",0.830874716791619,8,8,24
"1275",1,24,8,24
"1276",0.890790406937419,4,8,24
"1277",0.720709465048771,12,16,24
"1278",0.134205910166957,8,12,24
"1279",0.720242651776319,4,8,24
"1280",0.701791674317041,24,4,24
"1281",0.642712571411914,8,16,24
"1282",0.829826454265517,4,12,24
"1283",0.754667937805566,12,20,24
"1284",0.831164754929728,12,12,24
"1285",0.643411724116771,20,8,24
"1286",0.802055416672712,4,8,24
"1287",0.827365291323039,12,20,24
"1288",0.678406710850864,4,8,24
"1289",0.90022255677141,12,8,24
"1290",0.818657636774686,12,16,24
"1291",0.77369229444131,8,8,24
"1292",0.768895985775768,12,16,24
"1293",0.77532195525813,24,12,24
"1294",0.54583142059644,24,12,24
"1295",0.632372005233833,20,16,24
"1296",0.745037024276817,24,8,24
"1297",0.351005751321997,24,12,24
"1298",0.484752969280118,24,12,24
"1299",0.874504385032028,12,12,24
"1300",0.217700792510169,24,20,24
"1301",0.863470203416209,24,8,24
"1302",0.756855394247041,24,12,24
"1303",0.736451316506351,12,16,24
"1304",0.098429601459387,24,12,24
"1305",0.847699267808258,20,20,24
"1306",0.779768527018935,20,16,24
"1307",0.00325665362057172,24,12,24
"1308",0.834450374983678,24,12,24
"1309",0.238166563438035,4,8,24
"1310",0.648991399230644,8,20,24
"1311",0.0175916212717581,4,8,24
"1312",0.786249050799777,24,4,24
"1313",0.211922141672239,24,12,24
"1314",0.67392775782838,12,20,24
"1315",0.745474517781709,12,20,24
"1316",0.65982789134987,12,4,24
"1317",0.0109973097189254,16,8,24
"1318",0.800690599341061,12,20,24
"1319",0.84215000918045,24,4,24
"1320",0.650688869627402,16,8,24
"1321",0.731358017535903,20,16,24
"1322",0.797910052178382,16,8,24
"1323",0.826073121725557,12,4,24
"1324",0.654848851253679,12,8,24
"1325",0.396543358041352,24,12,24
"1326",0.804143525453464,12,4,24
"1327",0.756213994154699,4,8,24
"1328",0.917158257087376,12,12,24
"1329",0.210456350353774,24,12,24
"1330",0.731626881105473,12,20,24
"1331",0.558177109776457,12,8,24
"1332",0.018552594182,4,8,24
"1333",0.779768527018935,20,16,24
"1334",0.0396257374162157,24,12,24
"1335",0.761095710916946,12,20,24
"1336",0.710355996855817,8,12,24
"1337",0.720709465048771,12,20,24
"1338",0.682686762616181,8,20,24
"1339",0.00503231620763773,4,8,24
"1340",0.751919651053973,24,12,24
"1341",0.163852457692763,4,8,24
"1342",0.719561448134471,8,20,24
"1343",0.671657259334201,12,16,24
"1344",0.804639986218962,8,4,24
"1345",0.223893848022088,4,8,24
"1346",0.442520912628712,20,4,24
"1347",0.0781867124346649,12,16,24
"1348",0.682580577258486,20,12,24
"1349",0.743967501455308,12,20,24
"1350",0.840237771282999,12,16,24
"1351",0.812918756783859,4,8,24
"1352",0.731626881105473,12,20,24
"1353",0.800690599341061,20,8,24
"1354",0.80426847162973,12,16,24
"1355",0.711902939289472,12,20,24
"1356",0.826073121725557,12,8,24
"1357",0.870857270267265,12,4,24
"1358",0.756213994154699,24,8,24
"1359",0.758030563364249,20,12,24
"1360",0.851237459364216,12,12,24
"1361",0.426440796628344,24,12,24
"1362",0.854825826149579,4,12,24
"1363",0.462348564049087,24,12,24
"1364",0.754799088767786,12,16,24
"1365",0.810019847929283,16,12,24
"1366",0.241279071917759,4,4,24
"1367",0.761095710916946,12,20,24
"1368",1,16,4,24
"1369",0.822640555193018,24,20,24
"1370",0.628999240639822,8,20,24
"1371",0.637006780997805,12,16,24
"1372",0.697468603661424,4,16,24
"1373",0.181316561526535,24,12,24
"1374",0.732647750736019,12,8,24
"1375",0.607147601655719,20,20,24
"1376",0.76496715481759,4,8,24
"1377",0.0519740870221514,4,8,24
"1378",0.853996776566585,12,16,24
"1379",0.758592546631888,12,20,24
"1380",0.420683295325631,4,8,24
"1381",0.0637317877601463,12,12,24
"1382",0.87183575457678,12,20,24
"1383",0.904921327367749,4,8,24
"1384",0.770305616059381,12,12,24
"1385",0.890142310669656,4,12,24
"1386",0.263334307006226,20,8,24
"1387",0.806093239356259,12,12,24
"1388",0.0890374042091664,12,12,24
"1389",0.846819684090061,4,8,24
"1390",0.556555397058425,12,16,24
"1391",0.465794864437937,12,16,24
"1392",0.809759624211971,12,20,24
"1393",0.786917954494242,12,20,24
"1394",0.696685816213812,12,12,24
"1395",0.789284440950907,12,20,24
"1396",0.536915288269202,4,8,24
"1397",0.0286806170915766,24,12,24
"1398",0.00126415041251793,24,12,24
"1399",0.83411892277855,24,16,24
"1400",0.716265249548976,12,16,24
"1401",0.785103083484401,12,16,24
"1402",0.283767835543261,24,12,24
"1403",0.877525290871389,20,4,24
"1404",0.514729379293417,20,16,24
"1405",0.424958258120908,24,12,24
"1406",0.723273200759696,12,8,24
"1407",0.683588002824746,12,12,24
"1408",0.725389840080937,12,4,24
"1409",0.847336079765279,12,16,24
"1410",0.670533321849135,12,20,24
"1411",0.607147601655719,4,20,24
"1412",0.670932797236317,12,12,24
"1413",0.264275064489839,12,12,24
"1414",0.731626881105473,12,20,24
"1415",0.297957963498301,24,8,24
"1416",0.79318146012795,24,20,24
"1417",0.704291217920634,12,4,24
"1418",0.568970820591216,20,16,24
"1419",0.785885045297437,24,4,24
"1420",0.157957509810019,24,12,24
"1421",0.87752150192339,24,16,24
"1422",0.481303284648365,24,4,24
"1423",0.711743554500006,24,12,24
"1424",0.380017748256543,20,16,24
"1425",0.537395492904173,24,12,24
"1426",0.667868090144663,12,20,24
"1427",0.656070357004785,12,8,24
"1428",0.00384261080132102,24,12,24
"1429",0.741228729998431,24,4,24
"1430",0.758540847351313,12,20,24
"1431",0.322931220805141,20,12,24
"1432",0.00298526581885741,24,12,24
"1433",0.886068666195876,12,8,24
"1434",0.0511357400241004,24,12,24
"1435",0.643411724116771,24,12,24
"1436",0.0529725694397979,4,8,24
"1437",0.14172419756039,24,20,24
"1438",0.858687544471709,24,12,24
"1439",0.0474922618638671,24,12,24
"1440",0.390089771239004,16,20,24
"1441",0.667636800701258,20,20,24
"1442",0.716265249548976,12,20,24
"1443",0.659053702093516,12,20,24
"1444",0.380811514045276,24,12,24
"1445",0.384405290480093,4,12,24
"1446",0.349071070197897,12,12,24
"1447",0.746741250005628,24,8,24
"1448",0.620334339749282,12,20,24
"1449",0.780540074848602,12,16,24
"1450",0.705816492150569,24,8,24
"1451",0.864750440626782,24,8,24
"1452",0.393942945564079,4,8,24
"1453",0.761095710916946,24,8,24
"1454",0.828714417719055,20,20,24
"1455",0.612332333204466,24,12,24
"1456",0.425172592681171,4,8,24
"1457",0.0771741405917272,4,8,24
"1458",0.78571181948404,12,12,24
"1459",0.617794216843006,24,20,24
"1460",0.419303094814417,24,12,24
"1461",0.499431268613047,24,12,24
"1462",0.838781352128748,16,12,24
"1463",0.208047877994136,4,8,24
"1464",0.853416614960874,8,12,24
"1465",0.871317655176646,16,16,24
"1466",0.000922918404782623,24,12,24
"1467",0.0908580936548187,16,12,24
"1468",0.0797460901257881,24,12,24
"1469",0.77369229444131,12,16,24
"1470",0.859718094756214,24,12,24
"1471",0.240723045340848,24,12,24
"1472",0.0529725694397979,4,8,24
"1473",0.254974954872545,4,12,24
"1474",0.832813166642113,12,16,24
"1475",0.659053702093516,12,20,24
"1476",0.740688720057743,12,12,24
"1477",0.793289229154595,4,12,24
"1478",0.76275314923872,12,16,24
"1479",0.199627880880187,12,12,24
"1480",0.793976343565026,20,12,24
"1481",0.847699267808258,24,8,24
"1482",0.86630319572236,24,12,24
"1483",0.0977118769499665,4,8,24
"1484",0.827172576943156,20,12,24
"1485",0.287838616303155,24,16,24
"1486",0.704586592335634,24,16,24
"1487",0.100728025990776,24,12,24
"1488",0.880459157655442,24,20,24
"1489",0.678870345551388,24,8,24
"1490",0.828417429126238,12,8,24
"1491",0.280001474848336,24,12,24
"1492",0.842629790401804,16,16,24
"1493",0.0110716811182033,24,12,24
"1494",0.732762877918774,24,20,24
"1495",0.869183147048962,16,20,24
"1496",0.802587769073064,24,20,24
"1497",0.813295433680796,24,12,24
"1498",0.860870736280492,24,12,24
"1499",0.030859998251111,24,12,24
"1500",0.297957963498301,24,12,24
"1501",0.00614768908636219,4,8,24
"1502",0.732261317039581,24,12,24
"1503",0.10085487806794,4,8,24
"1504",0.812918756783859,12,12,24
"1505",0.732762877918774,12,4,24
"1506",0.706275819277965,20,8,24
"1507",0.823666695377162,20,16,24
"1508",0.691522045221264,12,20,24
"1509",0.799600157711718,8,8,24
"1510",0.676598840791197,20,4,24
"1511",0.890521685176564,12,16,24
"1512",0.745474517781709,4,4,24
"1513",0.551495763528661,24,16,24
"1514",0.802326246026889,12,8,24
"1515",0.516546512839692,24,16,24
"1516",0.289934255665369,24,16,24
"1517",0.800694852432206,24,8,24
"1518",0.885792172345208,12,16,24
"1519",0.714185681491503,20,16,24
"1520",0.143025887351858,24,20,24
"1521",0.761095710916946,12,16,24
"1522",0.187907455673013,24,12,24
"1523",0.0095176573244101,24,12,24
"1524",0.819178779502745,24,20,24
"1525",0.836022979456574,4,16,24
"1526",0.091129332582703,24,12,24
"1527",0.000223025884520078,24,12,24
"1528",0.416113707644179,24,20,24
"1529",0.656487068185452,24,20,24
"1530",0.650688869627402,8,20,24
"1531",0.00433602083947542,24,12,24
"1532",0.118468132357514,24,20,24
"1533",0.789209331588722,8,8,24
"1534",0.153118253623926,24,12,24
"1535",0.708226159044818,24,16,24
"1536",0.604060923836418,24,12,24
"1537",0.0622891618827734,4,8,24
"1538",0.899584855812701,4,16,24
"1539",0.800795733593686,12,12,24
"1540",0.803178892898564,12,20,24
"1541",0.698888045155358,20,16,24
"1542",0.86893200943255,12,8,24
"1543",0.861865088909716,20,20,24
"1544",0.75828545946547,16,12,24
"1545",0.518005916588564,20,12,24
"1546",0.542792547280622,24,8,24
"1547",0.780842899765267,12,16,24
"1548",0.863470203416209,24,8,24
"1549",0.110639482828782,20,8,24
"1550",0.358980885954703,24,16,24
"1551",0.787769183040806,4,8,24
"1552",0.642125916788203,24,12,24
"1553",0.363466021544377,24,12,24
"1554",0.877694620445741,12,12,24
"1555",0.0265644933931282,24,12,24
"1556",0.848274447842342,12,12,24
"1557",0.88667718085105,12,8,24
"1558",0.805356201303428,12,12,24
"1559",0.744628762190735,16,8,24
"1560",0.831164754929728,4,8,24
"1561",0.940900514375473,4,20,24
"1562",0.842762878784486,24,12,24
"1563",0.671738586726914,24,12,24
"1564",0.731450102803052,20,12,24
"1565",0.238166563438035,4,8,24
"1566",0.759887948257087,16,4,24
"1567",0.127216232390668,24,12,24
"1568",0.00496573425621397,4,8,24
"1569",0.892979013868633,24,16,24
"1570",0.719561448134471,12,12,24
"1571",0.756213994154699,12,16,24
"1572",0.745474517781709,12,12,24
"1573",0.856155598523488,12,12,24
"1574",0.788211833968447,12,16,24
"1575",0.746449088800513,12,4,24
"1576",0.797816530918645,12,20,24
"1577",0.717840346098498,12,12,24
"1578",0.0462475613184559,24,8,24
"1579",0.788211833968447,20,8,24
"1580",0.696685816213812,12,12,24
"1581",0.786249050799777,24,4,24
"1582",0.830583770275075,12,12,24
"1583",0.795451840879067,4,12,24
"1584",0.704586592335634,8,8,24
"1585",0.756778191767903,12,16,24
"1586",0.789938190393227,12,12,24
"1587",0.841303513032916,24,12,24
"1588",0.835311994493307,12,12,24
"1589",0.0918675058151637,24,12,24
"1590",0.661391565400329,20,16,24
"1591",0.770305616059381,12,12,24
"1592",0.788211833968447,12,8,24
"1593",0.695103591125564,8,8,24
"1594",0.761938106169499,12,12,24
"1595",0.732647750736019,12,12,24
"1596",0.703115715035367,20,20,24
"1597",0.0508941621012398,24,12,24
"1598",0.876020362851788,24,12,24
"1599",0.719561448134471,16,20,24
"1600",0.0365364441798053,4,8,24
"1601",0.813295433680796,24,8,24
"1602",0.309936566712577,12,12,24
"1603",0.86613527713971,4,8,24
"1604",0.745474517781709,4,20,24
"1605",0.812620019484337,12,8,24
"1606",0.690937062305365,4,20,24
"1607",0.778510994593313,12,16,24
"1608",0.891880290133851,8,16,24
"1609",0.597176106732709,24,16,24
"1610",0.795746838968678,12,8,24
"1611",0.835914348746513,12,8,24
"1612",0.769060714457069,24,16,24
"1613",0.844319942507875,12,12,24
"1614",0.857391619363447,12,12,24
"1615",0.778510994593313,4,16,24
"1616",0.736451316506351,12,12,24
"1617",0.654045546098157,12,12,24
"1618",0.880459157655442,8,20,24
"1619",0.867704847029739,12,16,24
"1620",0.564265267549381,8,4,24
"1621",0.154116188016362,8,4,24
"1622",0.604440567440961,8,16,24
"1623",0.816423446471092,8,20,24
"1624",0.885194253713154,8,16,24
"1625",0.966507570383051,20,16,24
"1626",0.419303094814417,24,12,24
"1627",0.750650573521082,4,20,24
"1628",0.937777450033703,4,20,24
"1629",0.778510994593313,8,16,24
"1630",0.950215809264966,8,8,24
"1631",0.637174598115997,8,8,24
"1632",0.823860835196177,20,16,24
"1633",0.953895468539183,4,20,24
"1634",0.626956014278453,12,20,24
"1635",0.721849875005441,4,20,24
"1636",0.775424113830126,12,8,24
"1637",0.550668113386601,4,12,24
"1638",0.110815277682357,12,8,24
"1639",0.793976343565026,12,12,24
"1640",1,20,4,24
"1641",0.297957963498301,12,8,24
"1642",0.751351601412746,20,20,24
"1643",0.731926687894164,12,4,24
"1644",0.362654453876685,12,12,24
"1645",0.380017748256543,12,16,24
"1646",0.801711366243677,8,16,24
"1647",0.704586592335634,8,8,24
"1648",0.770305616059381,12,12,24
"1649",0.706227685465015,24,16,24
"1650",0.389263583995171,12,12,24
"1651",0.386594800258911,12,8,24
"1652",0.751499408581059,8,4,24
"1653",0.000603867893844089,24,16,24
"1654",0.552539644361135,8,16,24
"1655",0.794917142811448,8,20,24
"1656",0.782290338780723,24,16,24
"1657",0.819178779502745,24,12,24
"1658",0.786090980955608,8,4,24
"1659",0.684169143146272,24,16,24
"1660",0.88479801606276,4,20,24
"1661",0.963653397845562,8,16,24
"1662",0.766113713427795,12,8,24
"1663",0.756213994154699,12,16,24
"1664",0.817556932622697,12,16,24
"1665",0.546119186335164,12,8,24
"1666",0.170708609744434,12,12,24
"1667",0.693189661450705,12,12,24
"1668",0.690674555451419,12,16,24
"1669",0.524520285380078,12,12,24
"1670",0.181902458681578,12,12,24
"1671",0.585817442227487,4,16,24
"1672",0.860645075673743,20,8,24
"1673",0.799600157711718,24,8,24
"1674",0.705739827277006,12,8,24
"1675",0.677090154195066,8,16,24
"1676",0.335966735710689,8,8,24
"1677",0.877525290871389,16,8,24
"1678",0.884988271678151,8,4,24
"1679",0.910920331781996,4,12,24
"1680",0.475760743385276,24,12,24
"1681",0.824548611857393,4,8,24
"1682",0.0464054348412066,24,16,24
"1683",0.028926696856664,24,12,24
"1684",0.937320401549643,4,20,24
"1685",0.826073121725557,8,16,24
"1686",0.72576835458441,24,4,24
"1687",0.00139162285118474,24,16,24
"1688",0.835311994493307,20,16,24
"1689",0.564371873748817,4,8,24
"1690",0.337371940896717,8,4,24
"1691",0.743967501455308,12,12,24
"1692",0.426034014185721,4,8,24
"1693",0.738079151630383,4,8,24
"1694",0.999999999999946,8,16,24
"1695",0.740688720057743,4,8,24
"1696",0.857391619363447,12,12,24
"1697",0.505751840525526,4,8,24
"1698",0.701791674317041,4,20,24
"1699",0.94630847117308,4,8,24
"1700",0.44072484226109,4,8,24
"1701",0.870427329867146,12,16,24
"1702",0.878849456168629,4,8,24
"1703",0.357037490323619,4,8,24
"1704",0.376345576720785,4,8,24
"1705",0.691522045221264,24,4,24
"1706",0.816362256610177,4,20,24
"1707",0.711818429861054,12,12,24
"1708",0.885792172345208,8,4,24
"1709",0.805119356683581,8,8,24
"1710",0.819442625547982,12,8,24
"1711",0.886250070497636,8,4,24
"1712",0.047202221560708,24,12,24
"1713",0.795746838968678,12,12,24
"1714",0.0297967370262997,24,16,24
"1715",0.0482236513136746,4,8,24
"1716",0.307317325247539,24,16,24
"1717",0.738140146344737,24,4,24
"1718",0.808050537121629,12,12,24
"1719",0.0148949116361216,24,12,24
"1720",0.809929096682127,12,12,24
"1721",0.822328078770464,8,16,24
"1722",0.776535076056291,8,16,24
"1723",0.803868249477475,8,8,24
"1724",0.731626881105473,20,20,24
"1725",0.0514494270611515,8,4,24
"1726",0.67392775782838,20,20,24
"1727",0.864844442282194,8,16,24
"1728",0.88479801606276,24,12,24
"1729",0.862944908290166,20,16,24
"1730",0.861865088909716,16,4,24
"1731",0.746762861025516,24,20,24
"1732",0.858856466949782,12,12,24
"1733",0.819442625547982,12,16,24
"1734",0.841303513032916,12,16,24
"1735",0.21100685207063,12,12,24
"1736",0.82450945058789,12,16,24
"1737",0.854283527147367,24,8,24
"1738",0.138852436164786,16,8,24
"1739",0.83411892277855,12,4,24
"1740",0.758030563364249,24,4,24
"1741",0.48851329255256,4,8,24
"1742",0.176638881714896,12,8,24
"1743",0.298909332314815,4,12,24
"1744",0.536915288269202,24,8,24
"1745",0.809679080718278,20,8,24
"1746",0.738079151630383,12,12,24
"1747",0.68696824822843,20,4,24
"1748",0.404678838917865,20,16,24
"1749",0.0406416986474529,24,12,24
"1750",0.827172576943156,20,12,24
"1751",0.518005916588564,12,16,24
"1752",0.756778191767903,20,20,24
"1753",0.790465006542292,24,20,24
"1754",0.76275314923872,8,16,24
"1755",0.641669172278208,24,20,24
"1756",0.820365896437313,20,16,24
"1757",0.814180975465305,24,20,24
"1758",0.74868535128426,20,4,24
"1759",0.705739827277006,4,8,24
"1760",0.841303513032916,24,12,24
"1761",0.88987867411184,4,8,24
"1762",0.71739723354619,4,20,24
"1763",0.742545596333451,4,4,24
"1764",0.79353964610167,12,8,24
"1765",0.683609523961839,4,8,24
"1766",0.828912155099069,12,16,24
"1767",0.769348693636191,4,16,24
"1768",0.740916477022783,12,16,24
"1769",0.819442625547982,24,16,24
"1770",0.557857264274602,24,16,24
"1771",0.78571181948404,12,12,24
"1772",0.812620019484337,12,8,24
"1773",0.77532195525813,24,8,24
"1774",0.290267723346892,24,12,24
"1775",0.805119356683581,4,12,24
"1776",0.816423446471092,24,4,24
"1777",0.6380314690529,12,20,24
"1778",0.732762877918774,8,16,24
"1779",0.272089759272634,24,12,24
"1780",0.736451316506351,24,8,24
"1781",0.465794864437937,4,8,24
"1782",0.65982789134987,20,20,24
"1783",0.782290338780723,20,20,24
"1784",0.622225499662969,24,20,24
"1785",0.789209331588722,12,16,24
"1786",0.819442625547982,20,16,24
"1787",0.867704847029739,20,16,24
"1788",0.76275314923872,8,16,24
"1789",0.745037024276817,12,12,24
"1790",0.155264954812646,4,8,24
"1791",0.156854167458021,4,8,24
"1792",0.621808221858824,4,20,24
"1793",0.744628762190735,4,20,24
"1794",0.8698977518321,4,12,24
"1795",0.933920947069372,8,12,24
"1796",0.841413085538241,16,4,24
"1797",0.793283093459546,24,8,24
"1798",0.710355996855817,20,12,24
"1799",0.832280354106958,12,16,24
"1800",0.773817319080076,12,8,24
"1801",0.826739360855528,12,4,24
"1802",0.735922217097432,12,8,24
"1803",0.0129050901777373,24,20,24
"1804",0.756213994154699,12,16,24
"1805",0.0198128687081079,4,8,24
"1806",0.0123740434066758,24,16,24
"1807",0.539952731121418,24,16,24
"1808",0.0592987217113352,24,12,24
"1809",0.83327481006496,12,8,24
"1810",0.732762877918774,8,16,24
"1811",0.855255320725167,8,4,24
"1812",0.720242651776319,12,8,24
"1813",0.596050949489926,4,8,24
"1814",0.860870736280492,20,16,24
"1815",0.860870736280492,12,12,24
"1816",0.725991387224526,12,12,24
"1817",0.999975808200697,8,12,24
"1818",0.691522045221264,16,20,24
"1819",0.834450374983678,12,8,24
"1820",0.998099883583428,24,20,24
"1821",0.864886134754606,12,8,24
"1822",0.999999999999916,8,16,24
"1823",0.470544328100379,24,20,24
"1824",0.00548979949924116,4,8,24
"1825",0.848274447842342,8,12,24
"1826",0.955927515773891,4,12,24
"1827",0.789209331588722,8,4,24
"1828",0.869183147048962,12,8,24
"1829",0.658020317256956,4,8,24
"1830",0.809929096682127,12,4,24
"1831",0.371036931372284,12,8,24
"1832",0.678870345551388,12,4,24
"1833",0.771194886946839,12,8,24
"1834",0.606412237005652,12,8,24
"1835",0.696685816213812,16,12,24
"1836",0.744628762190735,12,16,24
"1837",0.0399313965399595,24,16,24
"1838",0.172978740577933,4,8,24
"1839",0.711872203335544,4,8,24
"1840",0.527532371872225,24,12,24
"1841",0.141776160762894,24,12,24
"1842",0.960605705443592,4,20,24
"1843",0.786090980955608,4,8,24
"1844",0.963653397845562,8,8,24
"1845",0.9800409145487,8,8,24
"1846",0.520463792097732,24,16,24
"1847",0.775424113830126,16,4,24
"1848",0.758591249985162,8,12,24
"1849",0.799600157711718,12,8,24
"1850",0.138692879633509,24,12,24
"1851",0.409521874422863,12,12,24
"1852",0.28574044315642,12,12,24
"1853",0.00235185354719887,4,8,24
"1854",0.704586592335634,24,12,24
"1855",0.729434602387955,12,12,24
"1856",0.732762877918774,24,8,24
"1857",0.723729172908117,16,12,24
"1858",0.73178306584597,4,12,24
"1859",0.892041116063261,4,12,24
"1860",0.643411724116771,4,16,24
"1861",0.363466021544377,4,16,24
"1862",0.711902939289472,12,20,24
"1863",0.660724993645497,4,8,24
"1864",0.832280354106958,12,8,24
"1865",0.478709033058946,4,4,24
"1866",0.279195949899985,24,12,24
"1867",0.884746883508794,8,8,24
"1868",0.130434067901863,12,12,24
"1869",0.214410235072523,24,12,24
"1870",0.190730194900048,24,12,24
"1871",0.857470573164632,24,4,24
"1872",0.867704847029739,24,8,24
"1873",0.389758500790226,4,12,24
"1874",0.11859744342267,4,8,24
"1875",2.83426611418873e-05,24,12,24
"1876",0.0078105891802172,4,12,24
"1877",0.34901687625703,12,12,24
"1878",0.701791674317041,8,20,24
"1879",0.723729172908117,12,12,24
"1880",0.838781352128748,4,20,24
"1881",0.966030984285597,4,12,24
"1882",0.0416675442156099,4,8,24
"1883",0.691522045221264,20,20,24
"1884",0.0713796022913639,24,12,24
"1885",0.000632623507836665,4,8,24
"1886",0.713703447306458,4,8,24
"1887",0.748048279436755,24,8,24
"1888",0.804639986218962,24,4,24
"1889",0.772581636126666,20,16,24
"1890",0.690674555451419,4,8,24
"1891",0.102215355361671,24,20,24
"1892",0.867704847029739,12,16,24
"1893",0.84731375535715,4,4,24
"1894",0.890142310669656,12,12,24
"1895",0.819091543773103,20,4,24
"1896",0.841303513032916,12,12,24
"1897",0.795001627200382,12,8,24
"1898",0.773410580362972,16,12,24
"1899",0.830247091281848,24,16,24
"1900",0.125973195721505,24,16,24
"1901",0.789419864032733,8,16,24
"1902",0.0445492174475584,24,16,24
"1903",0.0801699078118775,24,16,24
"1904",0.22079860214362,4,8,24
"1905",0.795746838968678,12,16,24
"1906",0.86893200943255,12,12,24
"1907",0.660724993645497,24,12,24
"1908",0.710355996855817,8,12,24
"1909",0.863543048881382,12,16,24
"1910",0.454427088765085,24,12,24
"1911",0.797249068522219,12,12,24
"1912",0.813295433680796,4,8,24
"1913",0.0643102656529618,4,16,24
"1914",0.866911221376112,8,12,24
"1915",0.688620612227051,20,16,24
"1916",0.487499697867275,12,8,24
"1917",0.693555324380996,16,8,24
"1918",0.0169421727837456,4,8,24
"1919",0.834056192801202,12,8,24
"1920",0.823666695377162,12,8,24
"1921",0.518005916588564,4,8,24
"1922",0.813295433680796,12,8,24
"1923",0.720625367188985,12,8,24
"1924",0.599451754720089,12,8,24
"1925",0.728828514766979,12,12,24
"1926",0.810229279451463,12,8,24
"1927",0.100235739257006,24,12,24
"1928",0.0743424779311961,24,16,24
"1929",0.865272840085366,12,12,24
"1930",0.82450945058789,12,8,24
"1931",0.287847537724132,4,12,24
"1932",0.454999718009457,8,8,24
"1933",0.721101554700715,12,16,24
"1934",0.810019847929283,12,8,24
"1935",0.648957168966331,4,8,24
"1936",0.677203094154455,8,20,24
"1937",0.878849456168629,16,8,24
"1938",0.860870736280492,12,8,24
"1939",0.827172576943156,12,12,24
"1940",0.828912155099069,12,12,24
"1941",0.82618130346561,12,8,24
"1942",0.838014180663574,12,8,24
"1943",0.241174005391984,4,8,24
"1944",0.798356432081175,24,12,24
"1945",0.866487076813381,24,4,24
"1946",0.819442625547982,12,8,24
"1947",0.789209331588722,4,16,24
"1948",0.745260071282131,8,12,24
"1949",0.816423446471092,8,12,24
"1950",0.866134150765491,8,4,24
"1951",0.759887948257087,20,4,24
"1952",0.792934572308793,24,12,24
"1953",0.691522045221264,24,20,24
"1954",0.736451316506351,16,12,24
"1955",0.59889122745966,4,8,24
"1956",0.777793383982677,4,20,24
"1957",0.797249068522219,12,8,24
"1958",0.538026380792649,12,8,24
"1959",0.339801425303399,24,12,24
"1960",0.691522045221264,24,20,24
"1961",0.789419864032733,12,20,24
"1962",0.866487076813381,12,8,24
"1963",0.66903434987023,12,16,24
"1964",0.971669449458606,4,8,24
"1965",0.851237459364216,4,8,24
"1966",0.669570751309777,20,16,24
"1967",0.398011410186455,24,12,24
"1968",0.045035546362367,24,16,24
"1969",0.239509025415599,24,12,24
"1970",0.83666719181234,12,12,24
"1971",0.0662810592705522,24,12,24
"1972",0.720336155228737,24,12,24
"1973",0.863470203416209,4,20,24
"1974",0.463402394083709,4,8,24
"1975",0.7361901565995,12,20,24
"1976",0.756855394247041,4,16,24
"1977",0.762198489410915,4,20,24
"1978",0.773410580362972,8,16,24
"1979",0.778789679076772,16,4,24
"1980",0.732647750736019,24,12,24
"1981",0.0084841001553337,4,8,24
"1982",0.715367632987515,4,8,24
"1983",0.0393717882064987,4,8,24
"1984",0.0123740434066758,4,8,24
"1985",0.928171649912617,4,16,24
"1986",0.857391619363447,8,12,24
"1987",0.93712875970337,4,20,24
"1988",0.456378895214491,24,16,24
"1989",0.715367632987515,12,12,24
"1990",0.478709033058946,4,20,24
"1991",0.838123898433045,12,8,24
"1992",0.874504385032028,24,12,24
"1993",0.790465006542292,12,16,24
"1994",0.874504385032028,12,12,24
"1995",0.731450102803052,24,20,24
"1996",0.800690599341061,12,8,24
"1997",0.793976343565026,16,4,24
"1998",0.715367632987515,12,12,24
"1999",0.810229279451463,12,12,24
"2000",0.76563776286348,4,16,24
"2001",0.68696824822843,4,12,24
"2002",0.0853055411140805,24,12,24
"2003",0.606018043683607,12,8,24
"2004",0.904052092057151,12,16,24
"2005",0.668514232912378,16,12,24
"2006",0.823666695377162,12,8,24
"2007",0.720242651776319,12,8,24
"2008",0.793976343565026,12,12,24
"2009",0.847699267808258,12,12,24
"2010",0.834180078013827,8,20,24
"2011",0.811237603912364,12,4,24
"2012",0.88667718085105,12,12,24
"2013",0.628577287510296,12,4,24
"2014",0.788211833968447,12,8,24
"2015",0.647669500072265,4,20,24
"2016",0.770305616059381,12,20,24
"2017",0.708226159044818,4,16,24
"2018",0.56591223758755,8,8,24
"2019",0.16520928072843,12,12,24
"2020",0.711818429861054,12,8,24
"2021",0.838014180663574,8,16,24
"2022",0.818667829767712,4,12,24
"2023",0.744628762190735,12,4,24
"2024",0.765901579549694,12,12,24
"2025",0.756213994154699,12,16,24
"2026",0.0409643542231809,4,8,24
"2027",0.666619848051968,12,8,24
"2028",0.83327481006496,12,12,24
"2029",0.773410580362972,24,16,24
"2030",0.0819287084463617,4,8,24
"2031",0.827172576943156,12,12,24
"2032",0.76496715481759,12,8,24
"2033",0.731499955680749,12,16,24
"2034",0.705739827277006,16,8,24
"2035",0.428102195695186,16,8,24
"2036",0.997786292217239,20,16,24
"2037",0.596050949489926,20,8,24
"2038",0.859396664917478,16,12,24
"2039",0.949269763194068,20,16,24
"2040",0.761059833675028,16,8,24
"2041",0.45132173001942,20,4,24
"2042",0.00704456704047772,4,8,24
"2043",0.861865088909716,4,20,24
"2044",0.869183147048962,8,16,24
"2045",0.84843813309755,4,20,24
"2046",0.857391619363447,12,12,24
"2047",0.683609523961839,12,8,24
"2048",0.830874716791619,16,8,24
"2049",0.86257090000523,12,12,24
"2050",0.838781352128748,12,12,24
"2051",0.865012216214793,4,16,24
"2052",0.204106209303087,8,8,24
"2053",0.717624935122536,12,12,24
"2054",0.577011520227144,4,8,24
"2055",0.789209331588722,12,16,24
"2056",0.689076905709692,8,8,24
"2057",0.863470203416209,12,16,24
"2058",0.678406710850864,12,12,24
"2059",0.503547121322352,4,8,24
"2060",0.0939537278365063,4,8,24
"2061",0.810229279451463,16,12,24
"2062",0.00609312391349259,4,8,24
"2063",0.2077632310717,12,12,24
"2064",0.876899257320802,12,12,24
"2065",0.214410235072523,12,12,24
"2066",0.0954796473986187,20,16,24
"2067",0.819178779502745,20,4,24
"2068",0.921126530095943,16,8,24
"2069",0.496477966519452,20,4,24
"2070",0.77496511517936,20,16,24
"2071",0.697468603661424,16,8,24
"2072",0.88819202626012,20,4,24
"2073",0.876899257320802,20,4,24
"2074",0.851237459364216,12,12,24
"2075",0.12112807280914,4,8,24
"2076",0.840237771282999,12,12,24
"2077",0.789209331588722,12,8,24
"2078",0.761095710916946,12,8,24
"2079",0.729750399204763,4,20,24
"2080",0.622225499662969,8,16,24
"2081",0.876793786450485,8,16,24
"2082",0.325799665518037,12,12,24
"2083",0.871317655176646,12,8,24
"2084",0.841834092304329,12,16,24
"2085",0.827365291323039,12,12,24
"2086",0.316048249299338,12,8,24
"2087",0.901621921695295,12,8,24
"2088",0.838123898433045,12,12,24
"2089",0.865012216214793,12,8,24
"2090",0.621313071844678,20,16,24
"2091",0.745474517781709,16,4,24
"2092",0.393739267451957,4,8,24
"2093",0.490782229827853,12,12,24
"2094",0.800694852432206,4,16,24
"2095",0.042241031016887,4,8,24
"2096",0.382875419772363,4,12,24
"2097",0.901170678246062,12,12,24
"2098",0.711872203335544,16,8,24
"2099",0.720336155228737,16,8,24
"2100",0.769060714457069,16,8,24
"2101",0.933554630546406,20,4,24
"2102",0.838123898433045,20,8,24
"2103",0.634403064272407,12,16,24
"2104",0.909942551358563,16,12,24
"2105",0.83327481006496,20,16,24
"2106",0.742793592124864,24,4,24
"2107",0.838781352128748,16,12,24
"2108",0.278784292241986,4,8,24
"2109",0.771255085694297,12,16,24
"2110",0.756213994154699,8,16,24
"2111",0.800690599341061,12,8,24
"2112",0.768936779516432,24,4,24
"2113",0.738296684688955,4,8,24
"2114",0.847699267808258,4,8,24
"2115",0.888444619679686,4,12,24
"2116",0.864291182131583,12,8,24
"2117",0.904659708653822,4,16,24
"2118",0.779768527018935,24,16,24
"2119",0.720336155228737,12,12,24
"2120",0.758030563364249,12,12,24
"2121",0.850430271625326,4,12,24
"2122",0.0989537010546679,8,8,24
"2123",0.810229279451463,8,16,24
"2124",0.886956847617359,12,16,24
"2125",0.320638632924862,8,8,24
"2126",0.903388578905476,8,4,24
"2127",0.917212087859363,12,8,24
"2128",0.0263462839631736,24,12,24
"2129",0.823343096504547,12,16,24
"2130",0.976490304500394,8,12,24
"2131",0.738079151630383,12,16,24
"2132",0.751499408581059,4,8,24
"2133",0.717245054067346,20,16,24
"2134",0.236206995933984,16,8,24
"2135",0.832280354106958,16,8,24
"2136",0.987495409549894,8,16,24
"2137",0.865399738319505,20,8,24
"2138",0.751919651053973,24,16,24
"2139",0.817320447109335,12,8,24
"2140",0.000358186338338631,24,12,24
"2141",0.797816530918645,12,12,24
"2142",0.786249050799777,8,4,24
"2143",0.809679080718278,8,16,24
"2144",0.816362256610177,4,20,24
"2145",0.738927865957454,16,12,24
"2146",0.682686762616181,8,16,24
"2147",0.799600157711718,12,16,24
"2148",0.725991387224526,4,8,24
"2149",0.808799493750007,12,20,24
"2150",0.863470203416209,12,8,24
"2151",0.824784864187337,12,8,24
"2152",0.667999474294275,4,8,24
"2153",0.748048279436755,12,12,24
"2154",0.789624380708348,12,12,24
"2155",0.756855394247041,12,16,24
"2156",0.804143525453464,12,16,24
"2157",0.632372005233833,12,8,24
"2158",0.646928175003923,12,8,24
"2159",0.538218701341902,12,12,24
"2160",0.893245038016768,12,12,24
"2161",0.876899257320802,12,16,24
"2162",0.582407836286332,20,4,24
"2163",0.815661082635952,16,16,24
"2164",0.868171506835991,20,4,24
"2165",0.720336155228737,20,4,24
"2166",0.308507389582763,16,8,24
"2167",0.831164754929728,16,12,24
"2168",0.854485003530932,4,8,24
"2169",0.874465765965763,20,4,24
"2170",0.855255320725167,4,20,24
"2171",0.866134150765491,20,12,24
"2172",0.605752719156856,12,8,24
"2173",0.732762877918774,12,16,24
"2174",0.799600157711718,16,8,24
"2175",0.873838301157426,8,16,24
"2176",0.894577062981757,12,8,24
"2177",0.738927865957454,4,20,24
"2178",0.828888220725811,12,8,24
"2179",0.770305616059381,12,12,24
"2180",0.76680061704865,20,4,24
"2181",0.759528614600482,12,12,24
"2182",0.460449703634279,12,12,24
"2183",0.229176917975767,4,4,24
"2184",0.834691279835987,4,20,24
"2185",0.668092805203064,12,8,24
"2186",0.617794216843006,4,12,24
"2187",0.671657259334201,12,20,24
"2188",0.370676530105804,24,16,24
"2189",0.367201409942694,24,16,24
"2190",0.760307718809688,16,8,24
"2191",0.801711366243677,12,8,24
"2192",0.564653193720455,24,12,24
"2193",0.469449173575246,4,8,24
"2194",0.621824707448148,12,12,24
"2195",0.771362576437359,4,20,24
"2196",0.582407836286332,20,4,24
"2197",0.912936901749777,16,8,24
"2198",0.874465765965763,20,4,24
"2199",0.751499408581059,20,4,24
"2200",0.790465006542292,20,4,24
"2201",0.928364992671662,16,8,24
"2202",0.814180975465305,24,16,24
"2203",0.869183147048962,4,12,24
"2204",0.86257090000523,8,16,24
"2205",0.271030765128137,4,12,24
"2206",1,8,4,24
"2207",0.77532195525813,12,12,24
"2208",0.756855394247041,24,16,24
"2209",0.172058859188406,4,8,24
"2210",0.749531849977902,12,12,24
"2211",0.802657395985254,8,4,24
"2212",0.876020362851788,12,12,24
"2213",0.713041903182763,20,4,24
"2214",0.748048279436755,12,12,24
"2215",0.77369229444131,12,16,24
"2216",0.845495628367816,12,8,24
"2217",0.834450374983678,12,12,24
"2218",0.535104930656836,24,12,24
"2219",0.815661082635952,12,12,24
"2220",0.113461737826432,4,8,24
"2221",0.744628762190735,12,20,24
"2222",0.122765719012707,4,8,24
"2223",0.86054881381989,8,16,24
"2224",0.101470026063427,4,8,24
"2225",0.577780737998695,4,8,24
"2226",0.826739360855528,12,20,24
"2227",0.695576066529989,20,20,24
"2228",0.842629790401804,12,8,24
"2229",0.744628762190735,8,16,24
"2230",0.678870345551388,24,20,24
"2231",0.744628762190735,12,16,24
"2232",0.835311994493307,16,4,24
"2233",0.854825826149579,12,8,24
"2234",0.771255085694297,24,16,24
"2235",0.828912155099069,12,12,24
"2236",0.177895124126758,4,8,24
"2237",0.664875073874394,20,4,24
"2238",0.156854167458021,4,8,24
"2239",0.838781352128748,12,12,24
"2240",0.888094522206226,4,8,24
"2241",0.886068666195876,8,8,24
"2242",0.888094522206226,4,12,24
"2243",0.789209331588722,4,20,24
"2244",0.834450374983678,12,12,24
"2245",0.590914418346118,20,4,24
"2246",0.455725335216497,4,12,24
"2247",0.68004389039705,12,8,24
"2248",0.218233515976075,4,8,24
"2249",0.0199517336289229,12,8,24
"2250",0.0701363596616159,4,8,24
"2251",0.56591223758755,4,16,24
"2252",0.14639722296082,4,8,24
"2253",0.136105114332378,12,12,24
"2254",0.729434602387955,16,8,24
"2255",0.716265249548976,24,4,24
"2256",0.0321804759884037,4,8,24
"2257",0.746741250005628,12,12,24
"2258",0.900420194035922,24,16,24
"2259",0.742793592124864,12,8,24
"2260",0.733142101499855,24,16,24
"2261",0.860870736280492,24,20,24
"2262",0.723476255696659,4,12,24
"2263",0.756213994154699,24,16,24
"2264",0.717840346098498,24,8,24
"2265",0.0785527228210098,20,16,24
"2266",0.445398341090021,24,12,24
"2267",0.756213994154699,24,16,24
"2268",0.0217791323006087,4,8,24
"2269",0.772094068940126,8,20,24
"2270",1,20,16,24
"2271",0.67392775782838,4,20,24
"2272",0.034415165390479,4,8,24
"2273",0.786454471041684,4,20,24
"2274",0.678406710850864,12,8,24
"2275",0.827172576943156,4,12,24
"2276",0.760307718809688,12,8,24
"2277",0.830874716791619,12,8,24
"2278",0.540797640805276,8,8,24
"2279",0.38379671696551,24,12,24
"2280",0.860870736280492,12,8,24
"2281",0.370112905779951,8,12,24
"2282",0.66903434987023,12,4,24
"2283",0.858550302544141,24,20,24
"2284",0.804143525453464,12,4,24
"2285",0.715999096055818,12,8,24
"2286",0.813295433680796,12,12,24
"2287",0.819442625547982,12,8,24
"2288",0.564371873748817,12,8,24
"2289",0.877525290871389,12,16,24
"2290",0.77409535134868,24,20,24
"2291",0.0491694287882233,24,16,24
"2292",0.846897754932116,8,16,24
"2293",0.813295433680796,8,8,24
"2294",0.187902255353771,24,12,24
"2295",0.166445483057671,4,8,24
"2296",0.604491533400781,4,20,24
"2297",0.78571181948404,8,12,24
"2298",0.0393717882064987,4,8,24
"2299",0.838014180663574,12,8,24
"2300",0.797816530918645,12,4,24
"2301",0.857391619363447,4,12,24
"2302",0.643411724116771,8,8,24
"2303",0.732647750736019,12,20,24
"2304",0.0105900019515578,4,16,24
"2305",0.57043352254621,4,20,24
"2306",0.786090980955608,8,16,24
"2307",0.803390714264893,12,8,24
"2308",0.869470083162486,12,12,24
"2309",0.671370412997218,12,8,24
"2310",0.377086778864371,4,12,24
"2311",0.835914348746513,24,8,24
"2312",0.643411724116771,24,12,24
"2313",0.83411892277855,12,8,24
"2314",0.778510994593313,8,16,24
"2315",0.585817442227487,4,12,24
"2316",0.694342272729308,24,4,24
"2317",0.838014180663574,16,16,24
"2318",0.877974241658552,20,16,24
"2319",0.885194253713154,24,16,24
"2320",0.736791873097217,20,4,24
"2321",0.834893833406994,24,4,24
"2322",0.738140146344737,24,12,24
"2323",0.706275819277965,20,8,24
"2324",0.723729172908117,24,12,24
"2325",0.235002392561214,4,8,24
"2326",0.86613527713971,12,8,24
"2327",0.0198128687081079,4,8,24
"2328",0.756213994154699,20,16,24
"2329",0.857391619363447,8,12,24
"2330",0.682686762616181,4,16,24
"2331",0.823666695377162,12,12,24
"2332",0.744537043780387,12,8,24
"2333",0.835311994493307,12,8,24
"2334",0.862944908290166,12,8,24
"2335",0.681100372591112,4,4,24
"2336",0.83411892277855,12,8,24
"2337",0.855304748860668,8,16,24
"2338",0.847336079765279,12,8,24
"2339",0.708891656993067,12,8,24
"2340",0.886068666195876,12,8,24
"2341",0.887234745595883,24,12,24
"2342",0.83411892277855,12,12,24
"2343",0.77496511517936,12,8,24
"2344",0.838014180663574,12,8,24
"2345",0.787715495326363,12,8,24
"2346",0.246049197973298,24,12,24
"2347",0.837599049018908,16,12,24
"2348",0.466205324929708,4,8,24
"2349",0.62789916288158,24,12,24
"2350",0.751919651053973,24,12,24
"2351",0.696685816213812,16,12,24
"2352",0.576975894835078,24,12,24
"2353",0.00618702170333789,24,12,24
"2354",0.855247614678132,12,8,24
"2355",0.857391619363447,8,12,24
"2356",0.830247091281848,8,16,24
"2357",0.71739723354619,12,16,24
"2358",0.238806846111873,4,12,24
"2359",0.794173639284033,8,16,24
"2360",0.791003265877191,4,20,24
"2361",0.892979013868633,4,16,24
"2362",0.756855394247041,8,16,24
"2363",0.787769183040806,12,4,24
"2364",0.656070357004785,24,12,24
"2365",0.786860164162915,4,8,24
"2366",0.732647750736019,12,4,24
"2367",0.0553426945690171,4,8,24
"2368",0.816423446471092,12,12,24
"2369",0.171760809501697,4,8,24
"2370",0.819091543773103,4,20,24
"2371",0.834450374983678,12,12,24
"2372",0.846819684090061,12,8,24
"2373",0.820433792138898,16,4,24
"2374",0.39638856246867,12,8,24
"2375",0.374078405079006,8,16,24
"2376",0.0531289867862564,12,8,24
"2377",0.827365291323039,16,8,24
"2378",0.769716527039014,24,12,24
"2379",0.689913332396243,12,12,24
"2380",0.236936264715028,24,12,24
"2381",0.00298725853694763,4,8,24
"2382",0.797249068522219,24,12,24
"2383",0.161866464614596,24,20,24
"2384",0.0503203318055735,4,8,24
"2385",0.0338300409072271,20,16,24
"2386",0.803390714264893,8,16,24
"2387",0.863470203416209,12,8,24
"2388",0.82142646841093,12,12,24
"2389",0.859718094756214,12,12,24
"2390",0.855263919228959,12,8,24
"2391",0.642712571411914,4,20,24
"2392",0.732762877918774,12,8,24
"2393",0.775424113830126,12,8,24
"2394",0.741591428552209,24,20,24
"2395",0.795451840879067,20,16,24
"2396",0.863470203416209,4,8,24
"2397",0.0490486754072203,4,8,24
"2398",0.838014180663574,4,8,24
"2399",0.0892498884959115,4,16,24
"2400",0.838014180663574,4,8,24
"2401",0.877525290871389,4,8,24
